[     235ms] [LOG] error: TypeError: Cannot read properties of null (reading 'value') @ https://expiter.com/script.js:31
[    1227ms] Uncaught Error: Launcher already executed.
    at <anonymous> (https://scripts.scriptwrapper.com/tags/1cce7071-25c6-48c1-b7ee-1da5674b8bfd.js:6:44440)
    at <anonymous> (https://scripts.scriptwrapper.com/tags/1cce7071-25c6-48c1-b7ee-1da5674b8bfd.js:6:48927)
    at <anonymous> (https://scripts.scriptwrapper.com/tags/1cce7071-25c6-48c1-b7ee-1da5674b8bfd.js:6:48931)
[    1275ms] Uncaught Error: Launcher already executed.
    at <anonymous> (https://scripts.scriptwrapper.com/tags/1cce7071-25c6-48c1-b7ee-1da5674b8bfd.js:6:44440)
    at <anonymous> (https://scripts.scriptwrapper.com/tags/1cce7071-25c6-48c1-b7ee-1da5674b8bfd.js:6:48927)
    at <anonymous> (https://scripts.scriptwrapper.com/tags/1cce7071-25c6-48c1-b7ee-1da5674b8bfd.js:6:48931)
[    1276ms] Uncaught Error: Launcher already executed.
    at <anonymous> (https://scripts.scriptwrapper.com/tags/1cce7071-25c6-48c1-b7ee-1da5674b8bfd.js:6:44440)
    at <anonymous> (https://scripts.scriptwrapper.com/tags/1cce7071-25c6-48c1-b7ee-1da5674b8bfd.js:6:48927)
    at <anonymous> (https://scripts.scriptwrapper.com/tags/1cce7071-25c6-48c1-b7ee-1da5674b8bfd.js:6:48931)
[    1282ms] Uncaught Error: Launcher already executed.
    at <anonymous> (https://scripts.scriptwrapper.com/tags/1cce7071-25c6-48c1-b7ee-1da5674b8bfd.js:6:44440)
    at <anonymous> (https://scripts.scriptwrapper.com/tags/1cce7071-25c6-48c1-b7ee-1da5674b8bfd.js:6:48927)
    at <anonymous> (https://scripts.scriptwrapper.com/tags/1cce7071-25c6-48c1-b7ee-1da5674b8bfd.js:6:48931)
[    4674ms] [WARNING] The resource https://securepubads.g.doubleclick.net/tag/js/gpt.js was preloaded using link preload but not used within a few seconds from the window's load event. Please make sure it has an appropriate `as` value and it is preloaded intentionally. @ https://expiter.com/blog/articles/:0
[    6039ms] Uncaught TypeError: Cannot read properties of undefined (reading 'version')
    at b (https://scripts.journeymv.com/tags/3.51.6/wrapper.min.js?bust=1504196159:1:289175)
    at <anonymous> (https://scripts.journeymv.com/tags/3.51.6/wrapper.min.js?bust=1504196159:1:101126)
    at <anonymous> (https://scripts.journeymv.com/tags/3.51.6/wrapper.min.js?bust=1504196159:1:100766)
[    6055ms] Uncaught TypeError: Cannot read properties of undefined (reading 'version')
    at b (https://scripts.journeymv.com/tags/3.51.6/wrapper.min.js?bust=1504196159:1:289175)
    at <anonymous> (https://scripts.journeymv.com/tags/3.51.6/wrapper.min.js?bust=1504196159:1:101126)
    at <anonymous> (https://scripts.journeymv.com/tags/3.51.6/wrapper.min.js?bust=1504196159:1:100766)
[    6207ms] Uncaught TypeError: Cannot read properties of undefined (reading 'version')
    at b (https://scripts.journeymv.com/tags/3.51.6/wrapper.min.js?bust=1504196159:1:289175)
    at <anonymous> (https://scripts.journeymv.com/tags/3.51.6/wrapper.min.js?bust=1504196159:1:101126)
    at <anonymous> (https://scripts.journeymv.com/tags/3.51.6/wrapper.min.js?bust=1504196159:1:100766)
[    6274ms] Uncaught TypeError: Cannot read properties of undefined (reading 'version')
    at b (https://scripts.journeymv.com/tags/3.51.6/wrapper.min.js?bust=1504196159:1:289175)
    at <anonymous> (https://scripts.journeymv.com/tags/3.51.6/wrapper.min.js?bust=1504196159:1:101126)
    at <anonymous> (https://scripts.journeymv.com/tags/3.51.6/wrapper.min.js?bust=1504196159:1:100766)
[    6456ms] Uncaught TypeError: Cannot read properties of undefined (reading 'version')
    at b (https://scripts.journeymv.com/tags/3.51.6/wrapper.min.js?bust=1504196159:1:289175)
    at <anonymous> (https://scripts.journeymv.com/tags/3.51.6/wrapper.min.js?bust=1504196159:1:101126)
    at <anonymous> (https://scripts.journeymv.com/tags/3.51.6/wrapper.min.js?bust=1504196159:1:100766)
[    6503ms] [WARNING] Timer 'Hints time' already exists @ https://scripts.journeymv.com/tags/iiqMatch/b966bc0af1418e4e991e.min.js:0
[    6508ms] Uncaught TypeError: Cannot read properties of undefined (reading 'version')
    at b (https://scripts.journeymv.com/tags/3.51.6/wrapper.min.js?bust=1504196159:1:289175)
    at <anonymous> (https://scripts.journeymv.com/tags/3.51.6/wrapper.min.js?bust=1504196159:1:101126)
    at <anonymous> (https://scripts.journeymv.com/tags/3.51.6/wrapper.min.js?bust=1504196159:1:100766)
[    6511ms] [ERROR] Failed to load resource: net::ERR_NAME_NOT_RESOLVED @ https://id.crwdcntrl.net/id?gdpr_applies=true&gdpr_consent=CQl5JrAQl5JrAAfFdGITCjFsAP_gAEPgAAYgLdtR9G9fbSFj8DZ3YbokYIwPxVho6sAhBgCAkmgFCLuELIwEhWEQIAyCIiACGBIAODQAIAEgGAgQQUAgIIABLADMYEAQYCBKICBAABIRIkAQCAgKAAAgUAAAgmBGAgQAiASNAZIASMwAgQAGEXAgKAAAAACQAQAIACEAQAEAAAAAQCgAgAAAgAAAAAAAABAIAAAAAAAAACAAAAAAAAAAAAAABAAAAICAACAAAAAAAAAAQiAAAAAAAACC3YAJBoVEEBZEAgQCAgBAAAEEQQAECAIAAAgIIAAAgYACQMABVhEgAAAgAAAAAAAAAAAAAACAAIAABAAACAACAQKAAAACAACAAgQAAwAUIAEAAICgAAIEAAAAAARAAAAIAAAAAQAEhAAAAAIAAQIAiAAAAAkAAAAAAAAAABAAAgAAAAAIAAAIAAAAAAAAAACBAAAAEAAAAgAAAAAAAAAAAAAAQAAAAAAAAAAAAABAAAAEAgAAAAAAAAgAAA.ILdtR9G9fbSFn8DZ3YbokYIwfxVho6sAhBgCAkmgFCLuELIwElWESIAyCIiACGBIAODQAIAEoGAgQQUAgIIABLBDsYEAQYCBKICBAADIRYkAQCAgKAAAgUAAAgmBGAgQAiASNAZIASMwAgQAmEXAgKIAAAACQAQAIACEAQAEAACAAQCgAgAAAgAAAAAAAABAIEAAAAQAAACAAAAAAAAAAAAAABAAAAICAACAAAAAEAAAAQiAAAAAAAAC&c=18338:0
[    6514ms] [TIMEEND] Hints time: 17.02099609375 ms @ https://scripts.journeymv.com/tags/iiqMatch/b966bc0af1418e4e991e.min.js:0
[    6515ms] [WARNING] Timer 'Hints time' does not exist @ https://scripts.journeymv.com/tags/iiqMatch/b966bc0af1418e4e991e.min.js:0
[    6547ms] Uncaught TypeError: Cannot read properties of undefined (reading 'version')
    at c (https://scripts.journeymv.com/tags/3.51.6/wrapper.min.js?bust=1504196159:1:44320)
    at k (https://scripts.journeymv.com/tags/3.51.6/wrapper.min.js?bust=1504196159:1:177294)
    at <anonymous> (https://scripts.journeymv.com/tags/3.51.6/wrapper.min.js?bust=1504196159:1:58701)
    at J (https://scripts.journeymv.com/tags/optable/f02eb7cc324e84beef4a.min.js:0:39879)
    at <anonymous> (https://scripts.journeymv.com/tags/optable/f02eb7cc324e84beef4a.min.js:0:46182)
    at <anonymous> (https://scripts.journeymv.com/tags/optable/f02eb7cc324e84beef4a.min.js:0:53275)
    at 4226 (https://scripts.journeymv.com/tags/optable/f02eb7cc324e84beef4a.min.js:0:53279)
    at a (https://scripts.journeymv.com/tags/3.51.6/wrapper.min.js?bust=1504196159:1:293056)
[    6558ms] Uncaught TypeError: Cannot read properties of undefined (reading 'version')
    at b (https://scripts.journeymv.com/tags/3.51.6/wrapper.min.js?bust=1504196159:1:289175)
    at <anonymous> (https://scripts.journeymv.com/tags/3.51.6/wrapper.min.js?bust=1504196159:1:101126)
    at <anonymous> (https://scripts.journeymv.com/tags/3.51.6/wrapper.min.js?bust=1504196159:1:100766)
[    6610ms] Uncaught (in promise) TypeError: Cannot read properties of undefined (reading '2')
    at F.window.optable.getGeoConfig (https://scripts.journeymv.com/tags/optable/f02eb7cc324e84beef4a.min.js:0:36009)
    at F (https://scripts.journeymv.com/tags/optable/f02eb7cc324e84beef4a.min.js:0:36388)
    at H.init (https://scripts.journeymv.com/tags/optable/f02eb7cc324e84beef4a.min.js:0:50215)
    at <anonymous> (https://scripts.journeymv.com/tags/3.51.6/wrapper.min.js?bust=1504196159:1:57205)
    at o (https://scripts.journeymv.com/tags/3.51.6/wrapper.min.js?bust=1504196159:1:55806)
[    6612ms] Uncaught TypeError: Cannot read properties of undefined (reading 'version')
    at b (https://scripts.journeymv.com/tags/3.51.6/wrapper.min.js?bust=1504196159:1:289175)
    at <anonymous> (https://scripts.journeymv.com/tags/3.51.6/wrapper.min.js?bust=1504196159:1:101126)
    at <anonymous> (https://scripts.journeymv.com/tags/3.51.6/wrapper.min.js?bust=1504196159:1:100766)
[    6656ms] Uncaught TypeError: Cannot read properties of undefined (reading 'version')
    at b (https://scripts.journeymv.com/tags/3.51.6/wrapper.min.js?bust=1504196159:1:289175)
    at <anonymous> (https://scripts.journeymv.com/tags/3.51.6/wrapper.min.js?bust=1504196159:1:101126)
    at <anonymous> (https://scripts.journeymv.com/tags/3.51.6/wrapper.min.js?bust=1504196159:1:100766)
[    6902ms] Uncaught TypeError: Cannot read properties of undefined (reading 'version')
    at b (https://scripts.journeymv.com/tags/3.51.6/wrapper.min.js?bust=1504196159:1:289175)
    at <anonymous> (https://scripts.journeymv.com/tags/3.51.6/wrapper.min.js?bust=1504196159:1:101126)
    at <anonymous> (https://scripts.journeymv.com/tags/3.51.6/wrapper.min.js?bust=1504196159:1:100766)
[    7283ms] Uncaught TypeError: Cannot read properties of undefined (reading 'version')
    at b (https://scripts.journeymv.com/tags/3.51.6/wrapper.min.js?bust=1504196159:1:289175)
    at <anonymous> (https://scripts.journeymv.com/tags/3.51.6/wrapper.min.js?bust=1504196159:1:101126)
    at <anonymous> (https://scripts.journeymv.com/tags/3.51.6/wrapper.min.js?bust=1504196159:1:100766)
[    7381ms] [ERROR] Failed to load resource: the server responded with a status of 400 () @ https://eu-eb2.3lift.com/getuid?gdpr=1&cmp_cs=CQl5JrAQl5JrAAfFdGITCjFsAP_gAEPgAAYgLdtR9G9fbSFj8DZ3YbokYIwPxVho6sAhBgCAkmgFCLuELIwEhWEQIAyCIiACGBIAODQAIAEgGAgQQUAgIIABLADMYEAQYCBKICBAABIRIkAQCAgKAAAgUAAAgmBGAgQAiASNAZIASMwAgQAGEXAgKAAAAACQAQAIACEAQAEAAAAAQCgAgAAAgAAAAAAAABAIAAAAAAAAACAAAAAAAAAAAAAABAAAAICAACAAAAAAAAAAQiAAAAAAAACC3YAJBoVEEBZEAgQCAgBAAAEEQQAECAIAAAgIIAAAgYACQMABVhEgAAAgAAAAAAAAAAAAAACAAIAABAAACAACAQKAAAACAACAAgQAAwAUIAEAAICgAAIEAAAAAARAAAAIAAAAAQAEhAAAAAIAAQIAiAAAAAkAAAAAAAAAABAAAgAAAAAIAAAIAAAAAAAAAACBAAAAEAAAAgAAAAAAAAAAAAAAQAAAAAAAAAAAAABAAAAEAgAAAAAAAAgAAA.ILdtR9G9fbSFn8DZ3YbokYIwfxVho6sAhBgCAkmgFCLuELIwElWESIAyCIiACGBIAODQAIAEoGAgQQUAgIIABLBDsYEAQYCBKICBAADIRYkAQCAgKAAAgUAAAgmBGAgQAiASNAZIASMwAgQAmEXAgKIAAAACQAQAIACEAQAEAACAAQCgAgAAAgAAAAAAAABAIEAAAAQAAACAAAAAAAAAAAAAABAAAAICAACAAAAAEAAAAQiAAAAAAAAC&us_privacy=&redir=https%3A%2F%2Fexchange.journeymv.com%2Fusersync%2Fredirect%3Fpartner%3Dtriplelift%26uuid%3D562306f7-69bf-11f1-8000-0123456789ab%26s2sVersion%3Dproduction%26partnerId%3D%24UID:0
[    7715ms] Uncaught TypeError: Cannot read properties of undefined (reading 'version')
    at b (https://scripts.journeymv.com/tags/3.51.6/wrapper.min.js?bust=1504196159:1:289175)
    at <anonymous> (https://scripts.journeymv.com/tags/3.51.6/wrapper.min.js?bust=1504196159:1:101126)
    at <anonymous> (https://scripts.journeymv.com/tags/3.51.6/wrapper.min.js?bust=1504196159:1:100766)
[    7779ms] Uncaught (in promise) TypeError: Cannot read properties of undefined (reading 'version')
    at b (https://scripts.journeymv.com/tags/3.51.6/wrapper.min.js?bust=1504196159:1:289175)
    at B (https://scripts.journeymv.com/tags/7715/85cff9f42eb57203ada9.min.js:0:1036)
    at O (https://scripts.journeymv.com/tags/7715/85cff9f42eb57203ada9.min.js:0:1551)
    at <anonymous> (https://scripts.journeymv.com/tags/3.51.6/wrapper.min.js?bust=1504196159:1:153380)
[    8053ms] Uncaught TypeError: Cannot read properties of undefined (reading 'version')
    at b (https://scripts.journeymv.com/tags/3.51.6/wrapper.min.js?bust=1504196159:1:289175)
    at <anonymous> (https://scripts.journeymv.com/tags/3.51.6/wrapper.min.js?bust=1504196159:1:101126)
    at <anonymous> (https://scripts.journeymv.com/tags/3.51.6/wrapper.min.js?bust=1504196159:1:100766)
[    7381ms] [ERROR] Failed to load resource: the server responded with a status of 400 () @ https://eu-eb2.3lift.com/getuid?gdpr=1&cmp_cs=CQl5JrAQl5JrAAfFdGITCjFsAP_gAEPgAAYgLdtR9G9fbSFj8DZ3YbokYIwPxVho6sAhBgCAkmgFCLuELIwEhWEQIAyCIiACGBIAODQAIAEgGAgQQUAgIIABLADMYEAQYCBKICBAABIRIkAQCAgKAAAgUAAAgmBGAgQAiASNAZIASMwAgQAGEXAgKAAAAACQAQAIACEAQAEAAAAAQCgAgAAAgAAAAAAAABAIAAAAAAAAACAAAAAAAAAAAAAABAAAAICAACAAAAAAAAAAQiAAAAAAAACC3YAJBoVEEBZEAgQCAgBAAAEEQQAECAIAAAgIIAAAgYACQMABVhEgAAAgAAAAAAAAAAAAAACAAIAABAAACAACAQKAAAACAACAAgQAAwAUIAEAAICgAAIEAAAAAARAAAAIAAAAAQAEhAAAAAIAAQIAiAAAAAkAAAAAAAAAABAAAgAAAAAIAAAIAAAAAAAAAACBAAAAEAAAAgAAAAAAAAAAAAAAQAAAAAAAAAAAAABAAAAEAgAAAAAAAAgAAA.ILdtR9G9fbSFn8DZ3YbokYIwfxVho6sAhBgCAkmgFCLuELIwElWESIAyCIiACGBIAODQAIAEoGAgQQUAgIIABLBDsYEAQYCBKICBAADIRYkAQCAgKAAAgUAAAgmBGAgQAiASNAZIASMwAgQAmEXAgKIAAAACQAQAIACEAQAEAACAAQCgAgAAAgAAAAAAAABAIEAAAAQAAACAAAAAAAAAAAAAABAAAAICAACAAAAAEAAAAQiAAAAAAAAC&us_privacy=&redir=https%3A%2F%2Fexchange.journeymv.com%2Fusersync%2Fredirect%3Fpartner%3Dtriplelift%26uuid%3D562306f7-69bf-11f1-8000-0123456789ab%26s2sVersion%3Dproduction%26partnerId%3D%24UID:0
[    8094ms] [ERROR] Failed to load resource: the server responded with a status of 400 () @ https://eu-eb2.3lift.com/getuid?gdpr=1&cmp_cs=CQl5JrAQl5JrAAfFdGITCjFsAP_gAEPgAAYgLdtR9G9fbSFj8DZ3YbokYIwPxVho6sAhBgCAkmgFCLuELIwEhWEQIAyCIiACGBIAODQAIAEgGAgQQUAgIIABLADMYEAQYCBKICBAABIRIkAQCAgKAAAgUAAAgmBGAgQAiASNAZIASMwAgQAGEXAgKAAAAACQAQAIACEAQAEAAAAAQCgAgAAAgAAAAAAAABAIAAAAAAAAACAAAAAAAAAAAAAABAAAAICAACAAAAAAAAAAQiAAAAAAAACC3YAJBoVEEBZEAgQCAgBAAAEEQQAECAIAAAgIIAAAgYACQMABVhEgAAAgAAAAAAAAAAAAAACAAIAABAAACAACAQKAAAACAACAAgQAAwAUIAEAAICgAAIEAAAAAARAAAAIAAAAAQAEhAAAAAIAAQIAiAAAAAkAAAAAAAAAABAAAgAAAAAIAAAIAAAAAAAAAACBAAAAEAAAAgAAAAAAAAAAAAAAQAAAAAAAAAAAAABAAAAEAgAAAAAAAAgAAA.ILdtR9G9fbSFn8DZ3YbokYIwfxVho6sAhBgCAkmgFCLuELIwElWESIAyCIiACGBIAODQAIAEoGAgQQUAgIIABLBDsYEAQYCBKICBAADIRYkAQCAgKAAAgUAAAgmBGAgQAiASNAZIASMwAgQAmEXAgKIAAAACQAQAIACEAQAEAACAAQCgAgAAAgAAAAAAAABAIEAAAAQAAACAAAAAAAAAAAAAABAAAAICAACAAAAAEAAAAQiAAAAAAAAC&us_privacy=&redir=https%3A%2F%2Fexchange.journeymv.com%2Fusersync%2Fredirect%3Fpartner%3Dtriplelift%26uuid%3D562306f7-69bf-11f1-8000-0123456789ab%26s2sVersion%3Dproduction%26partnerId%3D%24UID:0
[    8722ms] [ERROR] Cannot read properties of undefined (reading 'version') @ https://scripts.journeymv.com/tags/3.51.6/wrapper.min.js?bust=1504196159:1
[    8839ms] [ERROR] Cannot read properties of undefined (reading 'version') @ https://scripts.journeymv.com/tags/3.51.6/wrapper.min.js?bust=1504196159:1
[    8959ms] [WARNING] The resource https://securepubads.g.doubleclick.net/tag/js/gpt.js was preloaded using link preload but not used within a few seconds from the window's load event. Please make sure it has an appropriate `as` value and it is preloaded intentionally. @ https://expiter.com/blog/articles/:0
[    9145ms] Uncaught (in promise) TypeError: Cannot read properties of undefined (reading 'version')
    at b (https://scripts.journeymv.com/tags/3.51.6/wrapper.min.js?bust=1504196159:1:289175)
    at B (https://scripts.journeymv.com/tags/7715/85cff9f42eb57203ada9.min.js:0:1036)
    at O (https://scripts.journeymv.com/tags/7715/85cff9f42eb57203ada9.min.js:0:1551)
    at <anonymous> (https://scripts.journeymv.com/tags/3.51.6/wrapper.min.js?bust=1504196159:1:153380)
[    9361ms] Uncaught TypeError: Cannot read properties of undefined (reading 'version')
    at b (https://scripts.journeymv.com/tags/3.51.6/wrapper.min.js?bust=1504196159:1:289175)
    at <anonymous> (https://scripts.journeymv.com/tags/3.51.6/wrapper.min.js?bust=1504196159:1:101126)
    at <anonymous> (https://scripts.journeymv.com/tags/3.51.6/wrapper.min.js?bust=1504196159:1:100766)
[    9759ms] [ERROR] Failed to load resource: the server responded with a status of 417 (Expectation Failed) @ https://t.adx.opera.com/pub/sync?pubid=pub11511909236288:0
[    9762ms] [ERROR] Failed to load resource: the server responded with a status of 403 () @ https://c1.adform.net/serving/cookie/match?party=1276:0
[   10008ms] [ERROR] Failed to load resource: the server responded with a status of 400 () @ https://match.prod.bidr.io/cookie-sync/rp?bee_sync_partners=rp&gdpr_consent=CQl5JrAQl5JrAAfFdGITCjFsAP_gAEPgAAYgLdtR9G9fbSFj8DZ3YbokYIwPxVho6sAhBgCAkmgFCLuELIwEhWEQIAyCIiACGBIAODQAIAEgGAgQQUAgIIABLADMYEAQYCBKICBAABIRIkAQCAgKAAAgUAAAgmBGAgQAiASNAZIASMwAgQAGEXAgKAAAAACQAQAIACEAQAEAAAAAQCgAgAAAgAAAAAAAABAIAAAAAAAAACAAAAAAAAAAAAAABAAAAICAACAAAAAAAAAAQiAAAAAAAACC3YAJBoVEEBZEAgQCAgBAAAEEQQAECAIAAAgIIAAAgYACQMABVhEgAAAgAAAAAAAAAAAAAACAAIAABAAACAACAQKAAAACAACAAgQAAwAUIAEAAICgAAIEAAAAAARAAAAIAAAAAQAEhAAAAAIAAQIAiAAAAAkAAAAAAAAAABAAAgAAAAAIAAAIAAAAAAAAAACBAAAAEAAAAgAAAAAAAAAAAAAAQAAAAAAAAAAAAABAAAAEAgAAAAAAAAgAAA.ILdtR9G9fbSFn8DZ3YbokYIwfxVho6sAhBgCAkmgFCLuELIwElWESIAyCIiACGBIAODQAIAEoGAgQQUAgIIABLBDsYEAQYCBKICBAADIRYkAQCAgKAAAgUAAAgmBGAgQAiASNAZIASMwAgQAmEXAgKIAAAACQAQAIACEAQAEAACAAQCgAgAAAgAAAAAAAABAIEAAAAQAAACAAAAAAAAAAAAAABAAAAICAACAAAAAEAAAAQiAAAAAAAAC&gdpr=1:0
[   10008ms] [ERROR] Failed to load resource: the server responded with a status of 400 () @ https://match.prod.bidr.io/cookie-sync/rp?bee_sync_partners=rp&gdpr_consent=CQl5JrAQl5JrAAfFdGITCjFsAP_gAEPgAAYgLdtR9G9fbSFj8DZ3YbokYIwPxVho6sAhBgCAkmgFCLuELIwEhWEQIAyCIiACGBIAODQAIAEgGAgQQUAgIIABLADMYEAQYCBKICBAABIRIkAQCAgKAAAgUAAAgmBGAgQAiASNAZIASMwAgQAGEXAgKAAAAACQAQAIACEAQAEAAAAAQCgAgAAAgAAAAAAAABAIAAAAAAAAACAAAAAAAAAAAAAABAAAAICAACAAAAAAAAAAQiAAAAAAAACC3YAJBoVEEBZEAgQCAgBAAAEEQQAECAIAAAgIIAAAgYACQMABVhEgAAAgAAAAAAAAAAAAAACAAIAABAAACAACAQKAAAACAACAAgQAAwAUIAEAAICgAAIEAAAAAARAAAAIAAAAAQAEhAAAAAIAAQIAiAAAAAkAAAAAAAAAABAAAgAAAAAIAAAIAAAAAAAAAACBAAAAEAAAAgAAAAAAAAAAAAAAQAAAAAAAAAAAAABAAAAEAgAAAAAAAAgAAA.ILdtR9G9fbSFn8DZ3YbokYIwfxVho6sAhBgCAkmgFCLuELIwElWESIAyCIiACGBIAODQAIAEoGAgQQUAgIIABLBDsYEAQYCBKICBAADIRYkAQCAgKAAAgUAAAgmBGAgQAiASNAZIASMwAgQAmEXAgKIAAAACQAQAIACEAQAEAACAAQCgAgAAAgAAAAAAAABAIEAAAAQAAACAAAAAAAAAAAAAABAAAAICAACAAAAAEAAAAQiAAAAAAAAC&gdpr=1:0
[   10938ms] [ERROR] Failed to load resource: the server responded with a status of 451 () @ https://id.rlcdn.com/713074.gif?:0
[   10008ms] [ERROR] Failed to load resource: the server responded with a status of 400 () @ https://match.prod.bidr.io/cookie-sync/rp?bee_sync_partners=rp&gdpr_consent=CQl5JrAQl5JrAAfFdGITCjFsAP_gAEPgAAYgLdtR9G9fbSFj8DZ3YbokYIwPxVho6sAhBgCAkmgFCLuELIwEhWEQIAyCIiACGBIAODQAIAEgGAgQQUAgIIABLADMYEAQYCBKICBAABIRIkAQCAgKAAAgUAAAgmBGAgQAiASNAZIASMwAgQAGEXAgKAAAAACQAQAIACEAQAEAAAAAQCgAgAAAgAAAAAAAABAIAAAAAAAAACAAAAAAAAAAAAAABAAAAICAACAAAAAAAAAAQiAAAAAAAACC3YAJBoVEEBZEAgQCAgBAAAEEQQAECAIAAAgIIAAAgYACQMABVhEgAAAgAAAAAAAAAAAAAACAAIAABAAACAACAQKAAAACAACAAgQAAwAUIAEAAICgAAIEAAAAAARAAAAIAAAAAQAEhAAAAAIAAQIAiAAAAAkAAAAAAAAAABAAAgAAAAAIAAAIAAAAAAAAAACBAAAAEAAAAgAAAAAAAAAAAAAAQAAAAAAAAAAAAABAAAAEAgAAAAAAAAgAAA.ILdtR9G9fbSFn8DZ3YbokYIwfxVho6sAhBgCAkmgFCLuELIwElWESIAyCIiACGBIAODQAIAEoGAgQQUAgIIABLBDsYEAQYCBKICBAADIRYkAQCAgKAAAgUAAAgmBGAgQAiASNAZIASMwAgQAmEXAgKIAAAACQAQAIACEAQAEAACAAQCgAgAAAgAAAAAAAABAIEAAAAQAAACAAAAAAAAAAAAAABAAAAICAACAAAAAEAAAAQiAAAAAAAAC&gdpr=1:0
[   11036ms] [ERROR] Failed to load resource: net::ERR_SOCKET_NOT_CONNECTED @ https://csync.loopme.me/?pubid=9724&gdpr=1&gdpr_consent=CQl5JrAQl5JrAAfFdGITCjFsAP_gAEPgAAYgLdtR9G9fbSFj8DZ3YbokYIwPxVho6sAhBgCAkmgFCLuELIwEhWEQIAyCIiACGBIAODQAIAEgGAgQQUAgIIABLADMYEAQYCBKICBAABIRIkAQCAgKAAAgUAAAgmBGAgQAiASNAZIASMwAgQAGEXAgKAAAAACQAQAIACEAQAEAAAAAQCgAgAAAgAAAAAAAABAIAAAAAAAAACAAAAAAAAAAAAAABAAAAICAACAAAAAAAAAAQiAAAAAAAACC3YAJBoVEEBZEAgQCAgBAAAEEQQAECAIAAAgIIAAAgYACQMABVhEgAAAgAAAAAAAAAAAAAACAAIAABAAACAACAQKAAAACAACAAgQAAwAUIAEAAICgAAIEAAAAAARAAAAIAAAAAQAEhAAAAAIAAQIAiAAAAAkAAAAAAAAAABAAAgAAAAAIAAAIAAAAAAAAAACBAAAAEAAAAgAAAAAAAAAAAAAAQAAAAAAAAAAAAABAAAAEAgAAAAAAAAgAAA.ILdtR9G9fbSFn8DZ3YbokYIwfxVho6sAhBgCAkmgFCLuELIwElWESIAyCIiACGBIAODQAIAEoGAgQQUAgIIABLBDsYEAQYCBKICBAADIRYkAQCAgKAAAgUAAAgmBGAgQAiASNAZIASMwAgQAmEXAgKIAAAACQAQAIACEAQAEAACAAQCgAgAAAgAAAAAAAABAIEAAAAQAAACAAAAAAAAAAAAAABAAAAICAACAAAAAEAAAAQiAAAAAAAAC&redirect=https%3A%2F%2Fsync.inmobi.com%2Fsetuid%3FbidderID%3D109%26dspUserId%3D%7Bviewer_token%7D:0
[   11304ms] [ERROR] Failed to load resource: the server responded with a status of 451 () @ https://idsync.rlcdn.com/713113.gif?partner_uid=ID5-5-c72b66c2-9b1a-4827-bfe3-f2dd75bb5a22:0
[   11312ms] [ERROR] Failed to load resource: the server responded with a status of 400 () @ https://cs.ingage.tech/v1/sync/equative/bb496864-8146-4d47-808c-f7d68a9c0f2c?uid=:0
[   11506ms] [ERROR] Failed to load resource: the server responded with a status of 404 () @ https://ad.sxp.smartclip.net/sync?type=host&dsp=10&dspuuid=CAESEKBPdiGONJvUgVvfvcG7Egc&gdpr=1&gdpr_consent=CQl5JrAQl5JrAAfFdGITCjFsAP_gAEPgAAYgLdtR9G9fbSFj8DZ3YbokYIwPxVho6sAhBgCAkmgFCLuELIwEhWEQIAyCIiACGBIAODQAIAEgGAgQQUAgIIABLADMYEAQYCBKICBAABIRIkAQCAgKAAAgUAAAgmBGAgQAiASNAZIASMwAgQAGEXAgKAAAAACQAQAIACEAQAEAAAAAQCgAgAAAgAAAAAAAABAIAAAAAAAAACAAAAAAAAAAAAAABAAAAICAACAAAAAAAAAAQiAAAAAAAACC3YAJBoVEEBZEAgQCAgBAAAEEQQAECAIAAAgIIAAAgYACQMABVhEgAAAgAAAAAAAAAAAAAACAAIAABAAACAACAQKAAAACAACAAgQAAwAUIAEAAICgAAIEAAAAAARAAAAIAAAAAQAEhAAAAAIAAQIAiAAAAAkAAAAAAAAAABAAAgAAAAAIAAAIAAAAAAAAAACBAAAAEAAAAgAAAAAAAAAAAAAAQAAAAAAAAAAAAABAAAAEAgAAAAAAAAgAAA.ILdtR9G9fbSFn8DZ3YbokYIwfxVho6sAhBgCAkmgFCLuELIwElWESIAyCIiACGBIAODQAIAEoGAgQQUAgIIABLBDsYEAQYCBKICBAADIRYkAQCAgKAAAgUAAAgmBGAgQAiASNAZIASMwAgQAmEXAgKIAAAACQAQAIACEAQAEAACAAQCgAgAAAgAAAAAAAABAIEAAAAQAAACAAAAAAAAAAAAAABAAAAICAACAAAAAEAAAAQiAAAAAAAAC&addtl_consent=1~2997.367.2415.2767.2927.144.1929.1227.2805.2863.2891.122.3188.2376.1678.2909.2056.20.2130.2821.70.2527.340.371.2995.236.415.192.2322.1753.3009.1735.2791.3053.3300.2849.2893.803.1699.3215.3209.2658.981.1712.1583.3127.494.2568.2670.2920.2205.3066.2510.1800.2612.2714.2964.3097.2534.979.2642.3155.1555.3173.3315.2656.2552.2343.2922.1732.327.291.2684.2838.1276.2614.2882.1882.436.2359.2772.3095.797.1152.2387.2271.2373.2854.2880.2898.1126.1415.1880.3058.839.1188.3074.1616.2447.1558.3234.3190.2403.3292.1725.2027.314.1149.3250.1440.2917.2405.2156.2278.2681.1825.1307.1031.3307.1985.430.2472.2414.3217.2650.2844.2862.2970.3002.1603.3093.1968.3119.3235.3253.1270.3075.117.2488.2986.560.2526.2596.2878.3000.3149.2968.3038.2400.2335.159.2604.2956.3135.3237.358.1810.3077.3251.3214.2583.2865.3005.2950.407.904.2493.2973.2461.2813.1067.2929.495.2883.2987.3126.2064.2166.2370.3196.1097.2224.2535.2651.2901.3003.3017.1025.1598.2477.1345.2695.3059.2687.2609.2839.3226.1963.1911.2234.2571.3240.3182.1745.1053.2961.2358.591.2979.3330.802.2645.3094.1859.1051.1095.3314.2425.2629.3136.2661.2981.3270.2643.3328.2035.1838.1978.2888.3028.3185.61.1268.2219.1495.149.1786.43.2325.2940.1750.899.2103.239.2115.1525.2133.161.1226.1284.2147.2852.1048.568.1962.1092.1162.3227.1944.3012.2279.147.2834.2846.2860.1356.2309.2816.89.2994.1312.370.2930.211.1651.1375.2418.3167.83.1403.574.2107.2770.3018.1290.2506.2884.2008.2812.1040.143.259.2416.1878.2652.2768.3016.1186.2225.3223.2109.2900.2003.55.1548.2047.1514.2887.385.3076.3236.2282.184.3230.2605.2531.310.3324.2633.1135.1584.1827.2985.2140.523.3043.3106.1512.820.1917.2621.1047.3194.1969.2222.2577.46.2559.2336.2220.1107.3296.2501.2072.2427.429.1889.2817.2875.2983.266.196.2090.2186.1301.322.3228.2517.2677.3184.2889.2895.2074.3055.2801.2941.2999.2918.2088.2610.445.1964.3225.2572.2468.2584.2784.2974.1697.1252.2628.2698.135.2660.2980.1449.1840.1667.2798.1003.442.93.2830.3034.1419.1579.2874.1716.3210.2657.1832.3172.424.2465.1540.1638.230.108.2713.2949.2963.1682.1843.3238.3244.2039.3112.1416.3316.587.3272.1570.1143.3120.2965.1967.2575.3222.2787.3260.124.2453.1845.2569.2729.2947.3099.2253.737.3187.3052.2886.985.3231.3257.3008.2484.311.1870.2295.1455.1046.2377.2498.2850.1942.3189.1782.2908.323.3010.2331.3117.522.931.1677.2564.2916.3070.3073.3109.486.2636.576.313.550.2440.2542.2792.2894.3089.3293.2778.3145.2486.1166.2044.2690.2966.3151.2646.3306.3128.286.2567.2669.2779.2328.2881.3288.938.2975.2354.2052.1721.864.2316.2867.1029.2124.2931.1516.2068.922.3019.3130.2897.1099.491.3063.1365.1027.3290.3318.2831.2869.272.1205&gpp=DBABM~CQl5JrAQl5JrAAfFdGITCjFsAP_gAEPgAAYgLdtR9G9fbSFj8DZ3YbokYIwPxVho6sAhBgCAkmgFCLuELIwEhWEQIAyCIiACGBIAODQAIAEgGAgQQUAgIIABLADMYEAQYCBKICBAABIRIkAQCAgKAAAgUAAAgmBGAgQAiASNAZIASMwAgQAGEXAgKAAAAACQAQAIACEAQAEAAAAAQCgAgAAAgAAAAAAAABAIAAAAAAAAACAAAAAAAAAAAAAABAAAAICAACAAAAAAAAAAQiAAAAAAAACC3YAJBoVEEBZEAgQCAgBAAAEEQQAECAIAAAgIIAAAgYACQMABVhEgAAAgAAAAAAAAAAAAAACAAIAABAAACAACAQKAAAACAACAAgQAAwAUIAEAAICgAAIEAAAAAARAAAAIAAAAAQAEhAAAAAIAAQIAiAAAAAkAAAAAAAAAABAAAgAAAAAIAAAIAAAAAAAAAACBAAAAEAAAAgAAAAAAAAAAAAAAQAAAAAAAAAAAAABAAAAEAgAAAAAAAAgAAA&gpp_sid=2&google_cver=1:0
[   10938ms] [ERROR] Failed to load resource: the server responded with a status of 451 () @ https://id.rlcdn.com/713074.gif?:0
[   11036ms] [ERROR] Failed to load resource: net::ERR_SOCKET_NOT_CONNECTED @ https://csync.loopme.me/?pubid=9724&gdpr=1&gdpr_consent=CQl5JrAQl5JrAAfFdGITCjFsAP_gAEPgAAYgLdtR9G9fbSFj8DZ3YbokYIwPxVho6sAhBgCAkmgFCLuELIwEhWEQIAyCIiACGBIAODQAIAEgGAgQQUAgIIABLADMYEAQYCBKICBAABIRIkAQCAgKAAAgUAAAgmBGAgQAiASNAZIASMwAgQAGEXAgKAAAAACQAQAIACEAQAEAAAAAQCgAgAAAgAAAAAAAABAIAAAAAAAAACAAAAAAAAAAAAAABAAAAICAACAAAAAAAAAAQiAAAAAAAACC3YAJBoVEEBZEAgQCAgBAAAEEQQAECAIAAAgIIAAAgYACQMABVhEgAAAgAAAAAAAAAAAAAACAAIAABAAACAACAQKAAAACAACAAgQAAwAUIAEAAICgAAIEAAAAAARAAAAIAAAAAQAEhAAAAAIAAQIAiAAAAAkAAAAAAAAAABAAAgAAAAAIAAAIAAAAAAAAAACBAAAAEAAAAgAAAAAAAAAAAAAAQAAAAAAAAAAAAABAAAAEAgAAAAAAAAgAAA.ILdtR9G9fbSFn8DZ3YbokYIwfxVho6sAhBgCAkmgFCLuELIwElWESIAyCIiACGBIAODQAIAEoGAgQQUAgIIABLBDsYEAQYCBKICBAADIRYkAQCAgKAAAgUAAAgmBGAgQAiASNAZIASMwAgQAmEXAgKIAAAACQAQAIACEAQAEAACAAQCgAgAAAgAAAAAAAABAIEAAAAQAAACAAAAAAAAAAAAAABAAAAICAACAAAAAEAAAAQiAAAAAAAAC&redirect=https%3A%2F%2Fsync.inmobi.com%2Fsetuid%3FbidderID%3D109%26dspUserId%3D%7Bviewer_token%7D:0
[   11304ms] [ERROR] Failed to load resource: the server responded with a status of 451 () @ https://idsync.rlcdn.com/713113.gif?partner_uid=ID5-5-c72b66c2-9b1a-4827-bfe3-f2dd75bb5a22:0
[   10008ms] [ERROR] Failed to load resource: the server responded with a status of 400 () @ https://match.prod.bidr.io/cookie-sync/rp?bee_sync_partners=rp&gdpr_consent=CQl5JrAQl5JrAAfFdGITCjFsAP_gAEPgAAYgLdtR9G9fbSFj8DZ3YbokYIwPxVho6sAhBgCAkmgFCLuELIwEhWEQIAyCIiACGBIAODQAIAEgGAgQQUAgIIABLADMYEAQYCBKICBAABIRIkAQCAgKAAAgUAAAgmBGAgQAiASNAZIASMwAgQAGEXAgKAAAAACQAQAIACEAQAEAAAAAQCgAgAAAgAAAAAAAABAIAAAAAAAAACAAAAAAAAAAAAAABAAAAICAACAAAAAAAAAAQiAAAAAAAACC3YAJBoVEEBZEAgQCAgBAAAEEQQAECAIAAAgIIAAAgYACQMABVhEgAAAgAAAAAAAAAAAAAACAAIAABAAACAACAQKAAAACAACAAgQAAwAUIAEAAICgAAIEAAAAAARAAAAIAAAAAQAEhAAAAAIAAQIAiAAAAAkAAAAAAAAAABAAAgAAAAAIAAAIAAAAAAAAAACBAAAAEAAAAgAAAAAAAAAAAAAAQAAAAAAAAAAAAABAAAAEAgAAAAAAAAgAAA.ILdtR9G9fbSFn8DZ3YbokYIwfxVho6sAhBgCAkmgFCLuELIwElWESIAyCIiACGBIAODQAIAEoGAgQQUAgIIABLBDsYEAQYCBKICBAADIRYkAQCAgKAAAgUAAAgmBGAgQAiASNAZIASMwAgQAmEXAgKIAAAACQAQAIACEAQAEAACAAQCgAgAAAgAAAAAAAABAIEAAAAQAAACAAAAAAAAAAAAAABAAAAICAACAAAAAEAAAAQiAAAAAAAAC&gdpr=1:0
[    7381ms] [ERROR] Failed to load resource: the server responded with a status of 400 () @ https://eu-eb2.3lift.com/getuid?gdpr=1&cmp_cs=CQl5JrAQl5JrAAfFdGITCjFsAP_gAEPgAAYgLdtR9G9fbSFj8DZ3YbokYIwPxVho6sAhBgCAkmgFCLuELIwEhWEQIAyCIiACGBIAODQAIAEgGAgQQUAgIIABLADMYEAQYCBKICBAABIRIkAQCAgKAAAgUAAAgmBGAgQAiASNAZIASMwAgQAGEXAgKAAAAACQAQAIACEAQAEAAAAAQCgAgAAAgAAAAAAAABAIAAAAAAAAACAAAAAAAAAAAAAABAAAAICAACAAAAAAAAAAQiAAAAAAAACC3YAJBoVEEBZEAgQCAgBAAAEEQQAECAIAAAgIIAAAgYACQMABVhEgAAAgAAAAAAAAAAAAAACAAIAABAAACAACAQKAAAACAACAAgQAAwAUIAEAAICgAAIEAAAAAARAAAAIAAAAAQAEhAAAAAIAAQIAiAAAAAkAAAAAAAAAABAAAgAAAAAIAAAIAAAAAAAAAACBAAAAEAAAAgAAAAAAAAAAAAAAQAAAAAAAAAAAAABAAAAEAgAAAAAAAAgAAA.ILdtR9G9fbSFn8DZ3YbokYIwfxVho6sAhBgCAkmgFCLuELIwElWESIAyCIiACGBIAODQAIAEoGAgQQUAgIIABLBDsYEAQYCBKICBAADIRYkAQCAgKAAAgUAAAgmBGAgQAiASNAZIASMwAgQAmEXAgKIAAAACQAQAIACEAQAEAACAAQCgAgAAAgAAAAAAAABAIEAAAAQAAACAAAAAAAAAAAAAABAAAAICAACAAAAAEAAAAQiAAAAAAAAC&us_privacy=&redir=https%3A%2F%2Fexchange.journeymv.com%2Fusersync%2Fredirect%3Fpartner%3Dtriplelift%26uuid%3D562306f7-69bf-11f1-8000-0123456789ab%26s2sVersion%3Dproduction%26partnerId%3D%24UID:0
[    8094ms] [ERROR] Failed to load resource: the server responded with a status of 400 () @ https://eu-eb2.3lift.com/getuid?gdpr=1&cmp_cs=CQl5JrAQl5JrAAfFdGITCjFsAP_gAEPgAAYgLdtR9G9fbSFj8DZ3YbokYIwPxVho6sAhBgCAkmgFCLuELIwEhWEQIAyCIiACGBIAODQAIAEgGAgQQUAgIIABLADMYEAQYCBKICBAABIRIkAQCAgKAAAgUAAAgmBGAgQAiASNAZIASMwAgQAGEXAgKAAAAACQAQAIACEAQAEAAAAAQCgAgAAAgAAAAAAAABAIAAAAAAAAACAAAAAAAAAAAAAABAAAAICAACAAAAAAAAAAQiAAAAAAAACC3YAJBoVEEBZEAgQCAgBAAAEEQQAECAIAAAgIIAAAgYACQMABVhEgAAAgAAAAAAAAAAAAAACAAIAABAAACAACAQKAAAACAACAAgQAAwAUIAEAAICgAAIEAAAAAARAAAAIAAAAAQAEhAAAAAIAAQIAiAAAAAkAAAAAAAAAABAAAgAAAAAIAAAIAAAAAAAAAACBAAAAEAAAAgAAAAAAAAAAAAAAQAAAAAAAAAAAAABAAAAEAgAAAAAAAAgAAA.ILdtR9G9fbSFn8DZ3YbokYIwfxVho6sAhBgCAkmgFCLuELIwElWESIAyCIiACGBIAODQAIAEoGAgQQUAgIIABLBDsYEAQYCBKICBAADIRYkAQCAgKAAAgUAAAgmBGAgQAiASNAZIASMwAgQAmEXAgKIAAAACQAQAIACEAQAEAACAAQCgAgAAAgAAAAAAAABAIEAAAAQAAACAAAAAAAAAAAAAABAAAAICAACAAAAAEAAAAQiAAAAAAAAC&us_privacy=&redir=https%3A%2F%2Fexchange.journeymv.com%2Fusersync%2Fredirect%3Fpartner%3Dtriplelift%26uuid%3D562306f7-69bf-11f1-8000-0123456789ab%26s2sVersion%3Dproduction%26partnerId%3D%24UID:0
[   13543ms] [ERROR] Failed to load resource: the server responded with a status of 404 () @ https://cs.admanmedia.com/c899400112bd5b9243b3993d9a074653.gif?puid=[UID]&redir=https%3A%2F%2Fcsync.smilewanted.com%2Fset_partner_userid_get%2Fillumin%2F%5BUID%5D&gdpr=1&gdpr_consent=CQl5JrAQl5JrAAfFdGITCjFsAP_gAEPgAAYgLdtR9G9fbSFj8DZ3YbokYIwPxVho6sAhBgCAkmgFCLuELIwEhWEQIAyCIiACGBIAODQAIAEgGAgQQUAgIIABLADMYEAQYCBKICBAABIRIkAQCAgKAAAgUAAAgmBGAgQAiASNAZIASMwAgQAGEXAgKAAAAACQAQAIACEAQAEAAAAAQCgAgAAAgAAAAAAAABAIAAAAAAAAACAAAAAAAAAAAAAABAAAAICAACAAAAAAAAAAQiAAAAAAAACC3YAJBoVEEBZEAgQCAgBAAAEEQQAECAIAAAgIIAAAgYACQMABVhEgAAAgAAAAAAAAAAAAAACAAIAABAAACAACAQKAAAACAACAAgQAAwAUIAEAAICgAAIEAAAAAARAAAAIAAAAAQAEhAAAAAIAAQIAiAAAAAkAAAAAAAAAABAAAgAAAAAIAAAIAAAAAAAAAACBAAAAEAAAAgAAAAAAAAAAAAAAQAAAAAAAAAAAAABAAAAEAgAAAAAAAAgAAA.ILdtR9G9fbSFn8DZ3YbokYIwfxVho6sAhBgCAkmgFCLuELIwElWESIAyCIiACGBIAODQAIAEoGAgQQUAgIIABLBDsYEAQYCBKICBAADIRYkAQCAgKAAAgUAAAgmBGAgQAiASNAZIASMwAgQAmEXAgKIAAAACQAQAIACEAQAEAACAAQCgAgAAAgAAAAAAAABAIEAAAAQAAACAAAAAAAAAAAAAABAAAAICAACAAAAAEAAAAQiAAAAAAAAC:0
[   14023ms] Uncaught TypeError: Cannot read properties of undefined (reading 'version')
    at b (https://scripts.journeymv.com/tags/3.51.6/wrapper.min.js?bust=1504196159:1:289175)
    at <anonymous> (https://scripts.journeymv.com/tags/3.51.6/wrapper.min.js?bust=1504196159:1:101126)
    at <anonymous> (https://scripts.journeymv.com/tags/3.51.6/wrapper.min.js?bust=1504196159:1:100766)
[   14032ms] Uncaught TypeError: Cannot read properties of undefined (reading 'version')
    at b (https://scripts.journeymv.com/tags/3.51.6/wrapper.min.js?bust=1504196159:1:289175)
    at <anonymous> (https://scripts.journeymv.com/tags/3.51.6/wrapper.min.js?bust=1504196159:1:101126)
    at <anonymous> (https://scripts.journeymv.com/tags/3.51.6/wrapper.min.js?bust=1504196159:1:100766)
[   14039ms] [ERROR] Attestation check for Shared Storage on https://www.googleadservices.com failed. @ https://www.googleadservices.com/pagead/managed/js/activeview/current/reach_worklet.html:0
[   14079ms] [ERROR] Attestation check for Shared Storage on https://www.googleadservices.com failed. @ https://www.googleadservices.com/pagead/managed/js/activeview/current/reach_worklet.html:0
[   16675ms] [WARNING] using deprecated parameters for the initialization function; pass a single object instead @ https://api.receptivity.io/v1/prebid/1Pw320cuJVXnYuFXFZ0eoE11G/connector/rxConnector.js?tl=true:9
[   19711ms] [WARNING] The resource https://securepubads.g.doubleclick.net/tag/js/gpt.js was preloaded using link preload but not used within a few seconds from the window's load event. Please make sure it has an appropriate `as` value and it is preloaded intentionally. @ https://expiter.com/blog/articles/:0
[   26218ms] [WARNING] The resource https://securepubads.g.doubleclick.net/tag/js/gpt.js was preloaded using link preload but not used within a few seconds from the window's load event. Please make sure it has an appropriate `as` value and it is preloaded intentionally. @ https://expiter.com/blog/articles/:0
[   11506ms] [ERROR] Failed to load resource: the server responded with a status of 404 () @ https://ad.sxp.smartclip.net/sync?type=host&dsp=10&dspuuid=CAESEKBPdiGONJvUgVvfvcG7Egc&gdpr=1&gdpr_consent=CQl5JrAQl5JrAAfFdGITCjFsAP_gAEPgAAYgLdtR9G9fbSFj8DZ3YbokYIwPxVho6sAhBgCAkmgFCLuELIwEhWEQIAyCIiACGBIAODQAIAEgGAgQQUAgIIABLADMYEAQYCBKICBAABIRIkAQCAgKAAAgUAAAgmBGAgQAiASNAZIASMwAgQAGEXAgKAAAAACQAQAIACEAQAEAAAAAQCgAgAAAgAAAAAAAABAIAAAAAAAAACAAAAAAAAAAAAAABAAAAICAACAAAAAAAAAAQiAAAAAAAACC3YAJBoVEEBZEAgQCAgBAAAEEQQAECAIAAAgIIAAAgYACQMABVhEgAAAgAAAAAAAAAAAAAACAAIAABAAACAACAQKAAAACAACAAgQAAwAUIAEAAICgAAIEAAAAAARAAAAIAAAAAQAEhAAAAAIAAQIAiAAAAAkAAAAAAAAAABAAAgAAAAAIAAAIAAAAAAAAAACBAAAAEAAAAgAAAAAAAAAAAAAAQAAAAAAAAAAAAABAAAAEAgAAAAAAAAgAAA.ILdtR9G9fbSFn8DZ3YbokYIwfxVho6sAhBgCAkmgFCLuELIwElWESIAyCIiACGBIAODQAIAEoGAgQQUAgIIABLBDsYEAQYCBKICBAADIRYkAQCAgKAAAgUAAAgmBGAgQAiASNAZIASMwAgQAmEXAgKIAAAACQAQAIACEAQAEAACAAQCgAgAAAgAAAAAAAABAIEAAAAQAAACAAAAAAAAAAAAAABAAAAICAACAAAAAEAAAAQiAAAAAAAAC&addtl_consent=1~2997.367.2415.2767.2927.144.1929.1227.2805.2863.2891.122.3188.2376.1678.2909.2056.20.2130.2821.70.2527.340.371.2995.236.415.192.2322.1753.3009.1735.2791.3053.3300.2849.2893.803.1699.3215.3209.2658.981.1712.1583.3127.494.2568.2670.2920.2205.3066.2510.1800.2612.2714.2964.3097.2534.979.2642.3155.1555.3173.3315.2656.2552.2343.2922.1732.327.291.2684.2838.1276.2614.2882.1882.436.2359.2772.3095.797.1152.2387.2271.2373.2854.2880.2898.1126.1415.1880.3058.839.1188.3074.1616.2447.1558.3234.3190.2403.3292.1725.2027.314.1149.3250.1440.2917.2405.2156.2278.2681.1825.1307.1031.3307.1985.430.2472.2414.3217.2650.2844.2862.2970.3002.1603.3093.1968.3119.3235.3253.1270.3075.117.2488.2986.560.2526.2596.2878.3000.3149.2968.3038.2400.2335.159.2604.2956.3135.3237.358.1810.3077.3251.3214.2583.2865.3005.2950.407.904.2493.2973.2461.2813.1067.2929.495.2883.2987.3126.2064.2166.2370.3196.1097.2224.2535.2651.2901.3003.3017.1025.1598.2477.1345.2695.3059.2687.2609.2839.3226.1963.1911.2234.2571.3240.3182.1745.1053.2961.2358.591.2979.3330.802.2645.3094.1859.1051.1095.3314.2425.2629.3136.2661.2981.3270.2643.3328.2035.1838.1978.2888.3028.3185.61.1268.2219.1495.149.1786.43.2325.2940.1750.899.2103.239.2115.1525.2133.161.1226.1284.2147.2852.1048.568.1962.1092.1162.3227.1944.3012.2279.147.2834.2846.2860.1356.2309.2816.89.2994.1312.370.2930.211.1651.1375.2418.3167.83.1403.574.2107.2770.3018.1290.2506.2884.2008.2812.1040.143.259.2416.1878.2652.2768.3016.1186.2225.3223.2109.2900.2003.55.1548.2047.1514.2887.385.3076.3236.2282.184.3230.2605.2531.310.3324.2633.1135.1584.1827.2985.2140.523.3043.3106.1512.820.1917.2621.1047.3194.1969.2222.2577.46.2559.2336.2220.1107.3296.2501.2072.2427.429.1889.2817.2875.2983.266.196.2090.2186.1301.322.3228.2517.2677.3184.2889.2895.2074.3055.2801.2941.2999.2918.2088.2610.445.1964.3225.2572.2468.2584.2784.2974.1697.1252.2628.2698.135.2660.2980.1449.1840.1667.2798.1003.442.93.2830.3034.1419.1579.2874.1716.3210.2657.1832.3172.424.2465.1540.1638.230.108.2713.2949.2963.1682.1843.3238.3244.2039.3112.1416.3316.587.3272.1570.1143.3120.2965.1967.2575.3222.2787.3260.124.2453.1845.2569.2729.2947.3099.2253.737.3187.3052.2886.985.3231.3257.3008.2484.311.1870.2295.1455.1046.2377.2498.2850.1942.3189.1782.2908.323.3010.2331.3117.522.931.1677.2564.2916.3070.3073.3109.486.2636.576.313.550.2440.2542.2792.2894.3089.3293.2778.3145.2486.1166.2044.2690.2966.3151.2646.3306.3128.286.2567.2669.2779.2328.2881.3288.938.2975.2354.2052.1721.864.2316.2867.1029.2124.2931.1516.2068.922.3019.3130.2897.1099.491.3063.1365.1027.3290.3318.2831.2869.272.1205&gpp=DBABM~CQl5JrAQl5JrAAfFdGITCjFsAP_gAEPgAAYgLdtR9G9fbSFj8DZ3YbokYIwPxVho6sAhBgCAkmgFCLuELIwEhWEQIAyCIiACGBIAODQAIAEgGAgQQUAgIIABLADMYEAQYCBKICBAABIRIkAQCAgKAAAgUAAAgmBGAgQAiASNAZIASMwAgQAGEXAgKAAAAACQAQAIACEAQAEAAAAAQCgAgAAAgAAAAAAAABAIAAAAAAAAACAAAAAAAAAAAAAABAAAAICAACAAAAAAAAAAQiAAAAAAAACC3YAJBoVEEBZEAgQCAgBAAAEEQQAECAIAAAgIIAAAgYACQMABVhEgAAAgAAAAAAAAAAAAAACAAIAABAAACAACAQKAAAACAACAAgQAAwAUIAEAAICgAAIEAAAAAARAAAAIAAAAAQAEhAAAAAIAAQIAiAAAAAkAAAAAAAAAABAAAgAAAAAIAAAIAAAAAAAAAACBAAAAEAAAAgAAAAAAAAAAAAAAQAAAAAAAAAAAAABAAAAEAgAAAAAAAAgAAA&gpp_sid=2&google_cver=1:0
[   14039ms] [ERROR] Attestation check for Shared Storage on https://www.googleadservices.com failed. @ https://www.googleadservices.com/pagead/managed/js/activeview/current/reach_worklet.html:0
[   14079ms] [ERROR] Attestation check for Shared Storage on https://www.googleadservices.com failed. @ https://www.googleadservices.com/pagead/managed/js/activeview/current/reach_worklet.html:0
[   38932ms] [ERROR] Attestation check for Shared Storage on https://www.googleadservices.com failed. @ https://www.googleadservices.com/pagead/managed/js/activeview/current/reach_worklet.html:0
[   38931ms] Uncaught TypeError: Cannot read properties of undefined (reading 'version')
    at b (https://scripts.journeymv.com/tags/3.51.6/wrapper.min.js?bust=1504196159:1:289175)
    at <anonymous> (https://scripts.journeymv.com/tags/3.51.6/wrapper.min.js?bust=1504196159:1:101126)
    at <anonymous> (https://scripts.journeymv.com/tags/3.51.6/wrapper.min.js?bust=1504196159:1:100766)
[   39877ms] Uncaught TypeError: Cannot read properties of undefined (reading 'version')
    at b (https://scripts.journeymv.com/tags/3.51.6/wrapper.min.js?bust=1504196159:1:289175)
    at <anonymous> (https://scripts.journeymv.com/tags/3.51.6/wrapper.min.js?bust=1504196159:1:101126)
    at <anonymous> (https://scripts.journeymv.com/tags/3.51.6/wrapper.min.js?bust=1504196159:1:100766)
[   43053ms] [WARNING] The resource https://securepubads.g.doubleclick.net/tag/js/gpt.js was preloaded using link preload but not used within a few seconds from the window's load event. Please make sure it has an appropriate `as` value and it is preloaded intentionally. @ https://expiter.com/blog/articles/:0
[   11506ms] [ERROR] Failed to load resource: the server responded with a status of 404 () @ https://ad.sxp.smartclip.net/sync?type=host&dsp=10&dspuuid=CAESEKBPdiGONJvUgVvfvcG7Egc&gdpr=1&gdpr_consent=CQl5JrAQl5JrAAfFdGITCjFsAP_gAEPgAAYgLdtR9G9fbSFj8DZ3YbokYIwPxVho6sAhBgCAkmgFCLuELIwEhWEQIAyCIiACGBIAODQAIAEgGAgQQUAgIIABLADMYEAQYCBKICBAABIRIkAQCAgKAAAgUAAAgmBGAgQAiASNAZIASMwAgQAGEXAgKAAAAACQAQAIACEAQAEAAAAAQCgAgAAAgAAAAAAAABAIAAAAAAAAACAAAAAAAAAAAAAABAAAAICAACAAAAAAAAAAQiAAAAAAAACC3YAJBoVEEBZEAgQCAgBAAAEEQQAECAIAAAgIIAAAgYACQMABVhEgAAAgAAAAAAAAAAAAAACAAIAABAAACAACAQKAAAACAACAAgQAAwAUIAEAAICgAAIEAAAAAARAAAAIAAAAAQAEhAAAAAIAAQIAiAAAAAkAAAAAAAAAABAAAgAAAAAIAAAIAAAAAAAAAACBAAAAEAAAAgAAAAAAAAAAAAAAQAAAAAAAAAAAAABAAAAEAgAAAAAAAAgAAA.ILdtR9G9fbSFn8DZ3YbokYIwfxVho6sAhBgCAkmgFCLuELIwElWESIAyCIiACGBIAODQAIAEoGAgQQUAgIIABLBDsYEAQYCBKICBAADIRYkAQCAgKAAAgUAAAgmBGAgQAiASNAZIASMwAgQAmEXAgKIAAAACQAQAIACEAQAEAACAAQCgAgAAAgAAAAAAAABAIEAAAAQAAACAAAAAAAAAAAAAABAAAAICAACAAAAAEAAAAQiAAAAAAAAC&addtl_consent=1~2997.367.2415.2767.2927.144.1929.1227.2805.2863.2891.122.3188.2376.1678.2909.2056.20.2130.2821.70.2527.340.371.2995.236.415.192.2322.1753.3009.1735.2791.3053.3300.2849.2893.803.1699.3215.3209.2658.981.1712.1583.3127.494.2568.2670.2920.2205.3066.2510.1800.2612.2714.2964.3097.2534.979.2642.3155.1555.3173.3315.2656.2552.2343.2922.1732.327.291.2684.2838.1276.2614.2882.1882.436.2359.2772.3095.797.1152.2387.2271.2373.2854.2880.2898.1126.1415.1880.3058.839.1188.3074.1616.2447.1558.3234.3190.2403.3292.1725.2027.314.1149.3250.1440.2917.2405.2156.2278.2681.1825.1307.1031.3307.1985.430.2472.2414.3217.2650.2844.2862.2970.3002.1603.3093.1968.3119.3235.3253.1270.3075.117.2488.2986.560.2526.2596.2878.3000.3149.2968.3038.2400.2335.159.2604.2956.3135.3237.358.1810.3077.3251.3214.2583.2865.3005.2950.407.904.2493.2973.2461.2813.1067.2929.495.2883.2987.3126.2064.2166.2370.3196.1097.2224.2535.2651.2901.3003.3017.1025.1598.2477.1345.2695.3059.2687.2609.2839.3226.1963.1911.2234.2571.3240.3182.1745.1053.2961.2358.591.2979.3330.802.2645.3094.1859.1051.1095.3314.2425.2629.3136.2661.2981.3270.2643.3328.2035.1838.1978.2888.3028.3185.61.1268.2219.1495.149.1786.43.2325.2940.1750.899.2103.239.2115.1525.2133.161.1226.1284.2147.2852.1048.568.1962.1092.1162.3227.1944.3012.2279.147.2834.2846.2860.1356.2309.2816.89.2994.1312.370.2930.211.1651.1375.2418.3167.83.1403.574.2107.2770.3018.1290.2506.2884.2008.2812.1040.143.259.2416.1878.2652.2768.3016.1186.2225.3223.2109.2900.2003.55.1548.2047.1514.2887.385.3076.3236.2282.184.3230.2605.2531.310.3324.2633.1135.1584.1827.2985.2140.523.3043.3106.1512.820.1917.2621.1047.3194.1969.2222.2577.46.2559.2336.2220.1107.3296.2501.2072.2427.429.1889.2817.2875.2983.266.196.2090.2186.1301.322.3228.2517.2677.3184.2889.2895.2074.3055.2801.2941.2999.2918.2088.2610.445.1964.3225.2572.2468.2584.2784.2974.1697.1252.2628.2698.135.2660.2980.1449.1840.1667.2798.1003.442.93.2830.3034.1419.1579.2874.1716.3210.2657.1832.3172.424.2465.1540.1638.230.108.2713.2949.2963.1682.1843.3238.3244.2039.3112.1416.3316.587.3272.1570.1143.3120.2965.1967.2575.3222.2787.3260.124.2453.1845.2569.2729.2947.3099.2253.737.3187.3052.2886.985.3231.3257.3008.2484.311.1870.2295.1455.1046.2377.2498.2850.1942.3189.1782.2908.323.3010.2331.3117.522.931.1677.2564.2916.3070.3073.3109.486.2636.576.313.550.2440.2542.2792.2894.3089.3293.2778.3145.2486.1166.2044.2690.2966.3151.2646.3306.3128.286.2567.2669.2779.2328.2881.3288.938.2975.2354.2052.1721.864.2316.2867.1029.2124.2931.1516.2068.922.3019.3130.2897.1099.491.3063.1365.1027.3290.3318.2831.2869.272.1205&gpp=DBABM~CQl5JrAQl5JrAAfFdGITCjFsAP_gAEPgAAYgLdtR9G9fbSFj8DZ3YbokYIwPxVho6sAhBgCAkmgFCLuELIwEhWEQIAyCIiACGBIAODQAIAEgGAgQQUAgIIABLADMYEAQYCBKICBAABIRIkAQCAgKAAAgUAAAgmBGAgQAiASNAZIASMwAgQAGEXAgKAAAAACQAQAIACEAQAEAAAAAQCgAgAAAgAAAAAAAABAIAAAAAAAAACAAAAAAAAAAAAAABAAAAICAACAAAAAAAAAAQiAAAAAAAACC3YAJBoVEEBZEAgQCAgBAAAEEQQAECAIAAAgIIAAAgYACQMABVhEgAAAgAAAAAAAAAAAAAACAAIAABAAACAACAQKAAAACAACAAgQAAwAUIAEAAICgAAIEAAAAAARAAAAIAAAAAQAEhAAAAAIAAQIAiAAAAAkAAAAAAAAAABAAAgAAAAAIAAAIAAAAAAAAAACBAAAAEAAAAgAAAAAAAAAAAAAAQAAAAAAAAAAAAABAAAAEAgAAAAAAAAgAAA&gpp_sid=2&google_cver=1:0
[   14039ms] [ERROR] Attestation check for Shared Storage on https://www.googleadservices.com failed. @ https://www.googleadservices.com/pagead/managed/js/activeview/current/reach_worklet.html:0
[   14079ms] [ERROR] Attestation check for Shared Storage on https://www.googleadservices.com failed. @ https://www.googleadservices.com/pagead/managed/js/activeview/current/reach_worklet.html:0
[   38932ms] [ERROR] Attestation check for Shared Storage on https://www.googleadservices.com failed. @ https://www.googleadservices.com/pagead/managed/js/activeview/current/reach_worklet.html:0
[   47333ms] Uncaught TypeError: Cannot read properties of undefined (reading 'version')
    at b (https://scripts.journeymv.com/tags/3.51.6/wrapper.min.js?bust=1504196159:1:289175)
    at <anonymous> (https://scripts.journeymv.com/tags/3.51.6/wrapper.min.js?bust=1504196159:1:101126)
    at <anonymous> (https://scripts.journeymv.com/tags/3.51.6/wrapper.min.js?bust=1504196159:1:100766)
[   47335ms] [ERROR] Attestation check for Shared Storage on https://www.googleadservices.com failed. @ https://www.googleadservices.com/pagead/managed/js/activeview/current/reach_worklet.html:0
[   52963ms] [WARNING] The resource https://securepubads.g.doubleclick.net/tag/js/gpt.js was preloaded using link preload but not used within a few seconds from the window's load event. Please make sure it has an appropriate `as` value and it is preloaded intentionally. @ https://expiter.com/blog/articles/:0
[   56117ms] [WARNING] The resource https://securepubads.g.doubleclick.net/tag/js/gpt.js was preloaded using link preload but not used within a few seconds from the window's load event. Please make sure it has an appropriate `as` value and it is preloaded intentionally. @ https://expiter.com/blog/articles/:0
[   62039ms] [WARNING] The resource https://securepubads.g.doubleclick.net/tag/js/gpt.js was preloaded using link preload but not used within a few seconds from the window's load event. Please make sure it has an appropriate `as` value and it is preloaded intentionally. @ https://expiter.com/blog/articles/:0
[   66836ms] [WARNING] The resource https://securepubads.g.doubleclick.net/tag/js/gpt.js was preloaded using link preload but not used within a few seconds from the window's load event. Please make sure it has an appropriate `as` value and it is preloaded intentionally. @ https://expiter.com/blog/articles/:0
[   11506ms] [ERROR] Failed to load resource: the server responded with a status of 404 () @ https://ad.sxp.smartclip.net/sync?type=host&dsp=10&dspuuid=CAESEKBPdiGONJvUgVvfvcG7Egc&gdpr=1&gdpr_consent=CQl5JrAQl5JrAAfFdGITCjFsAP_gAEPgAAYgLdtR9G9fbSFj8DZ3YbokYIwPxVho6sAhBgCAkmgFCLuELIwEhWEQIAyCIiACGBIAODQAIAEgGAgQQUAgIIABLADMYEAQYCBKICBAABIRIkAQCAgKAAAgUAAAgmBGAgQAiASNAZIASMwAgQAGEXAgKAAAAACQAQAIACEAQAEAAAAAQCgAgAAAgAAAAAAAABAIAAAAAAAAACAAAAAAAAAAAAAABAAAAICAACAAAAAAAAAAQiAAAAAAAACC3YAJBoVEEBZEAgQCAgBAAAEEQQAECAIAAAgIIAAAgYACQMABVhEgAAAgAAAAAAAAAAAAAACAAIAABAAACAACAQKAAAACAACAAgQAAwAUIAEAAICgAAIEAAAAAARAAAAIAAAAAQAEhAAAAAIAAQIAiAAAAAkAAAAAAAAAABAAAgAAAAAIAAAIAAAAAAAAAACBAAAAEAAAAgAAAAAAAAAAAAAAQAAAAAAAAAAAAABAAAAEAgAAAAAAAAgAAA.ILdtR9G9fbSFn8DZ3YbokYIwfxVho6sAhBgCAkmgFCLuELIwElWESIAyCIiACGBIAODQAIAEoGAgQQUAgIIABLBDsYEAQYCBKICBAADIRYkAQCAgKAAAgUAAAgmBGAgQAiASNAZIASMwAgQAmEXAgKIAAAACQAQAIACEAQAEAACAAQCgAgAAAgAAAAAAAABAIEAAAAQAAACAAAAAAAAAAAAAABAAAAICAACAAAAAEAAAAQiAAAAAAAAC&addtl_consent=1~2997.367.2415.2767.2927.144.1929.1227.2805.2863.2891.122.3188.2376.1678.2909.2056.20.2130.2821.70.2527.340.371.2995.236.415.192.2322.1753.3009.1735.2791.3053.3300.2849.2893.803.1699.3215.3209.2658.981.1712.1583.3127.494.2568.2670.2920.2205.3066.2510.1800.2612.2714.2964.3097.2534.979.2642.3155.1555.3173.3315.2656.2552.2343.2922.1732.327.291.2684.2838.1276.2614.2882.1882.436.2359.2772.3095.797.1152.2387.2271.2373.2854.2880.2898.1126.1415.1880.3058.839.1188.3074.1616.2447.1558.3234.3190.2403.3292.1725.2027.314.1149.3250.1440.2917.2405.2156.2278.2681.1825.1307.1031.3307.1985.430.2472.2414.3217.2650.2844.2862.2970.3002.1603.3093.1968.3119.3235.3253.1270.3075.117.2488.2986.560.2526.2596.2878.3000.3149.2968.3038.2400.2335.159.2604.2956.3135.3237.358.1810.3077.3251.3214.2583.2865.3005.2950.407.904.2493.2973.2461.2813.1067.2929.495.2883.2987.3126.2064.2166.2370.3196.1097.2224.2535.2651.2901.3003.3017.1025.1598.2477.1345.2695.3059.2687.2609.2839.3226.1963.1911.2234.2571.3240.3182.1745.1053.2961.2358.591.2979.3330.802.2645.3094.1859.1051.1095.3314.2425.2629.3136.2661.2981.3270.2643.3328.2035.1838.1978.2888.3028.3185.61.1268.2219.1495.149.1786.43.2325.2940.1750.899.2103.239.2115.1525.2133.161.1226.1284.2147.2852.1048.568.1962.1092.1162.3227.1944.3012.2279.147.2834.2846.2860.1356.2309.2816.89.2994.1312.370.2930.211.1651.1375.2418.3167.83.1403.574.2107.2770.3018.1290.2506.2884.2008.2812.1040.143.259.2416.1878.2652.2768.3016.1186.2225.3223.2109.2900.2003.55.1548.2047.1514.2887.385.3076.3236.2282.184.3230.2605.2531.310.3324.2633.1135.1584.1827.2985.2140.523.3043.3106.1512.820.1917.2621.1047.3194.1969.2222.2577.46.2559.2336.2220.1107.3296.2501.2072.2427.429.1889.2817.2875.2983.266.196.2090.2186.1301.322.3228.2517.2677.3184.2889.2895.2074.3055.2801.2941.2999.2918.2088.2610.445.1964.3225.2572.2468.2584.2784.2974.1697.1252.2628.2698.135.2660.2980.1449.1840.1667.2798.1003.442.93.2830.3034.1419.1579.2874.1716.3210.2657.1832.3172.424.2465.1540.1638.230.108.2713.2949.2963.1682.1843.3238.3244.2039.3112.1416.3316.587.3272.1570.1143.3120.2965.1967.2575.3222.2787.3260.124.2453.1845.2569.2729.2947.3099.2253.737.3187.3052.2886.985.3231.3257.3008.2484.311.1870.2295.1455.1046.2377.2498.2850.1942.3189.1782.2908.323.3010.2331.3117.522.931.1677.2564.2916.3070.3073.3109.486.2636.576.313.550.2440.2542.2792.2894.3089.3293.2778.3145.2486.1166.2044.2690.2966.3151.2646.3306.3128.286.2567.2669.2779.2328.2881.3288.938.2975.2354.2052.1721.864.2316.2867.1029.2124.2931.1516.2068.922.3019.3130.2897.1099.491.3063.1365.1027.3290.3318.2831.2869.272.1205&gpp=DBABM~CQl5JrAQl5JrAAfFdGITCjFsAP_gAEPgAAYgLdtR9G9fbSFj8DZ3YbokYIwPxVho6sAhBgCAkmgFCLuELIwEhWEQIAyCIiACGBIAODQAIAEgGAgQQUAgIIABLADMYEAQYCBKICBAABIRIkAQCAgKAAAgUAAAgmBGAgQAiASNAZIASMwAgQAGEXAgKAAAAACQAQAIACEAQAEAAAAAQCgAgAAAgAAAAAAAABAIAAAAAAAAACAAAAAAAAAAAAAABAAAAICAACAAAAAAAAAAQiAAAAAAAACC3YAJBoVEEBZEAgQCAgBAAAEEQQAECAIAAAgIIAAAgYACQMABVhEgAAAgAAAAAAAAAAAAAACAAIAABAAACAACAQKAAAACAACAAgQAAwAUIAEAAICgAAIEAAAAAARAAAAIAAAAAQAEhAAAAAIAAQIAiAAAAAkAAAAAAAAAABAAAgAAAAAIAAAIAAAAAAAAAACBAAAAEAAAAgAAAAAAAAAAAAAAQAAAAAAAAAAAAABAAAAEAgAAAAAAAAgAAA&gpp_sid=2&google_cver=1:0
[   67824ms] [ERROR] Failed to load resource: net::ERR_NAME_NOT_RESOLVED @ https://sync.search.spotxchange.com/partner?adv_id=7025&gdpr=1&gdpr_consent=CQl5JrAQl5JrAAfFdGITCjFsAP_gAEPgAAYgLdtR9G9fbSFj8DZ3YbokYIwPxVho6sAhBgCAkmgFCLuELIwEhWEQIAyCIiACGBIAODQAIAEgGAgQQUAgIIABLADMYEAQYCBKICBAABIRIkAQCAgKAAAgUAAAgmBGAgQAiASNAZIASMwAgQAGEXAgKAAAAACQAQAIACEAQAEAAAAAQCgAgAAAgAAAAAAAABAIAAAAAAAAACAAAAAAAAAAAAAABAAAAICAACAAAAAAAAAAQiAAAAAAAACC3YAJBoVEEBZEAgQCAgBAAAEEQQAECAIAAAgIIAAAgYACQMABVhEgAAAgAAAAAAAAAAAAAACAAIAABAAACAACAQKAAAACAACAAgQAAwAUIAEAAICgAAIEAAAAAARAAAAIAAAAAQAEhAAAAAIAAQIAiAAAAAkAAAAAAAAAABAAAgAAAAAIAAAIAAAAAAAAAACBAAAAEAAAAgAAAAAAAAAAAAAAQAAAAAAAAAAAAABAAAAEAgAAAAAAAAgAAA.ILdtR9G9fbSFn8DZ3YbokYIwfxVho6sAhBgCAkmgFCLuELIwElWESIAyCIiACGBIAODQAIAEoGAgQQUAgIIABLBDsYEAQYCBKICBAADIRYkAQCAgKAAAgUAAAgmBGAgQAiASNAZIASMwAgQAmEXAgKIAAAACQAQAIACEAQAEAACAAQCgAgAAAgAAAAAAAABAIEAAAAQAAACAAAAAAAAAAAAAABAAAAICAACAAAAAEAAAAQiAAAAAAAAC&addtl_consent=1~2652.899.143.1186.2325.1750.259.1040.1878.2416.2768.2812.2900.2109.3016.2225.1651.55.3223.2418.3167.83.1375.2770.2884.1290.2008.2506.2930.574.1403.2633.3043.2985.3106.1584.3018.2107.2140.2531.1827.310.3324.3194.2222.2577.1135.1512.1917.1969.523.820.2621.2047.46.1548.1047.2003.2282.2605.184.3230.3236.2887.1514.385.3076.2677.3184.2517.2889.1301.322.3228.2895.3055.2801.2941.2999.2088.2074.445.1107.2336.2559.2501.3296.2220.196.266.1889.2072.2090.2186.2427.2817.429.1667.2875.2983.1449.1840.2874.1579.1716.2798.424.442.93.2830.3034.2610.1003.3225.2572.1419.2784.2918.1832.1964.2628.2698.2980.2660.2468.135.1252.1697.2584.2974.3272.1416.587.3112.3316.1143.2729.2947.1845.2453.2039.3120.1967.1570.2569.2575.3222.3260.2787.1540.2465.3210.2657.124.2965.3172.1682.2949.230.3238.3244.1843.108.2713.2963.1638.1870.2295.2484.311.2908.1782.931.3010.323.2498.2377.2850.1455.3189.1942.737.3099.1046.2253.3231.3257.3008.985.3187.2886.3052.2778.2440.2542.2792.2894.3089.2966.3293.1166.3151.2646.3145.2044.2486.2690.3073.1677.2564.2916.2331.522.3117.3070.576.2636.550.313.3109.2897.486.3063.3290.922.2068.3019.3130.272.491.1099.3318.367.2831.1205.2328.1365.938.1027.2052.3288.3306.2869.3128.286.1516.2669.2779.2124.2881.2931.1721.2567.2354.2975.2867.2316.864.1029.415.192.2995.2130.2322.1753.236.371.2527.3053.3300.70.2821.2849.2791.2893.3009.1735.1929.2415.144.2767.2997.2805.2863.2376.3188.2927.1678.2891.2909.340.1227.2656.20.1555.3173.2056.3097.3315.122.979.2534.3155.2642.327.1732.2343.2552.3209.2658.1712.2922.803.3215.1583.1699.981.1800.2510.3066.2612.2714.2964.3127.2568.2271.2205.2373.2670.2920.494.2854.2880.3058.2898.1152.2387.1126.839.1880.1188.1415.1276.2614.2882.2684.291.2838.3095.2772.797.1882.2359.436.2681.2405.2156.2278.1440.3250.2917.1985.1825.1307.3190.2403.3292.1031.1616.3074.2447.3234.1558.1149.314.2027.3149.3000.2968.1725.3038.2488.2526.2596.2878.2986.3135.3237.3251.1810.3077.358.2400.2956.2335.2604.2472.2650.3217.2862.2950.159.2414.3307.430.2970.3002.3235.560.3075.1270.3253.117.3093.2844.1603.3119.1345.1968.2695.2535.2477.1025.2651.1598.3003.2687.3059.2493.2461.407.2583.3214.2813.904.1067.2865.2929.2973.2987.3005.2224.2901.1097.3196.3017.3126.2883.495.2370.2064.2166.1051.1095.3270.3328.2035.2643.3314.2425.2629.2981.2661.2234.3136.3240.1745.1911.3182.1053.2609.2839.1963.2961.2571.3226.3330.1859.3094.802.2645.2979.591.2358.2846.1962.3227.568.1092.1162.1226.3012.1284.161.2279.2852.1944.370.1048.1312.2816.2309.147.2860.2994.211.89.1356.2834.2103.1495.2219.1786.3028.1838.2888.3185.1268.43.239.61.1978.1525.2133.2940.149.2115.2147&gpp=DBABM~CQl5JrAQl5JrAAfFdGITCjFsAP_gAEPgAAYgLdtR9G9fbSFj8DZ3YbokYIwPxVho6sAhBgCAkmgFCLuELIwEhWEQIAyCIiACGBIAODQAIAEgGAgQQUAgIIABLADMYEAQYCBKICBAABIRIkAQCAgKAAAgUAAAgmBGAgQAiASNAZIASMwAgQAGEXAgKAAAAACQAQAIACEAQAEAAAAAQCgAgAAAgAAAAAAAABAIAAAAAAAAACAAAAAAAAAAAAAABAAAAICAACAAAAAAAAAAQiAAAAAAAACC3YAJBoVEEBZEAgQCAgBAAAEEQQAECAIAAAgIIAAAgYACQMABVhEgAAAgAAAAAAAAAAAAAACAAIAABAAACAACAQKAAAACAACAAgQAAwAUIAEAAICgAAIEAAAAAARAAAAIAAAAAQAEhAAAAAIAAQIAiAAAAAkAAAAAAAAAABAAAgAAAAAIAAAIAAAAAAAAAACBAAAAEAAAAgAAAAAAAAAAAAAAQAAAAAAAAAAAAABAAAAEAgAAAAAAAAgAAA&gpp_sid=2&redir=https%3A%2F%2Fcm.g.doubleclick.net%2Fpixel%3Fgoogle_nid%3Dspotxchange_dbm%26google_hm%3D%24SPOTX_BASE64_USER_ID:0
[   67825ms] [ERROR] Failed to load resource: net::ERR_NAME_NOT_RESOLVED @ https://sync.search.spotxchange.com/partner?adv_id=7025&gdpr=1&gdpr_consent=CQl5JrAQl5JrAAfFdGITCjFsAP_gAEPgAAYgLdtR9G9fbSFj8DZ3YbokYIwPxVho6sAhBgCAkmgFCLuELIwEhWEQIAyCIiACGBIAODQAIAEgGAgQQUAgIIABLADMYEAQYCBKICBAABIRIkAQCAgKAAAgUAAAgmBGAgQAiASNAZIASMwAgQAGEXAgKAAAAACQAQAIACEAQAEAAAAAQCgAgAAAgAAAAAAAABAIAAAAAAAAACAAAAAAAAAAAAAABAAAAICAACAAAAAAAAAAQiAAAAAAAACC3YAJBoVEEBZEAgQCAgBAAAEEQQAECAIAAAgIIAAAgYACQMABVhEgAAAgAAAAAAAAAAAAAACAAIAABAAACAACAQKAAAACAACAAgQAAwAUIAEAAICgAAIEAAAAAARAAAAIAAAAAQAEhAAAAAIAAQIAiAAAAAkAAAAAAAAAABAAAgAAAAAIAAAIAAAAAAAAAACBAAAAEAAAAgAAAAAAAAAAAAAAQAAAAAAAAAAAAABAAAAEAgAAAAAAAAgAAA.ILdtR9G9fbSFn8DZ3YbokYIwfxVho6sAhBgCAkmgFCLuELIwElWESIAyCIiACGBIAODQAIAEoGAgQQUAgIIABLBDsYEAQYCBKICBAADIRYkAQCAgKAAAgUAAAgmBGAgQAiASNAZIASMwAgQAmEXAgKIAAAACQAQAIACEAQAEAACAAQCgAgAAAgAAAAAAAABAIEAAAAQAAACAAAAAAAAAAAAAABAAAAICAACAAAAAEAAAAQiAAAAAAAAC&addtl_consent=1~2652.899.143.1186.2325.1750.259.1040.1878.2416.2768.2812.2900.2109.3016.2225.1651.55.3223.2418.3167.83.1375.2770.2884.1290.2008.2506.2930.574.1403.2633.3043.2985.3106.1584.3018.2107.2140.2531.1827.310.3324.3194.2222.2577.1135.1512.1917.1969.523.820.2621.2047.46.1548.1047.2003.2282.2605.184.3230.3236.2887.1514.385.3076.2677.3184.2517.2889.1301.322.3228.2895.3055.2801.2941.2999.2088.2074.445.1107.2336.2559.2501.3296.2220.196.266.1889.2072.2090.2186.2427.2817.429.1667.2875.2983.1449.1840.2874.1579.1716.2798.424.442.93.2830.3034.2610.1003.3225.2572.1419.2784.2918.1832.1964.2628.2698.2980.2660.2468.135.1252.1697.2584.2974.3272.1416.587.3112.3316.1143.2729.2947.1845.2453.2039.3120.1967.1570.2569.2575.3222.3260.2787.1540.2465.3210.2657.124.2965.3172.1682.2949.230.3238.3244.1843.108.2713.2963.1638.1870.2295.2484.311.2908.1782.931.3010.323.2498.2377.2850.1455.3189.1942.737.3099.1046.2253.3231.3257.3008.985.3187.2886.3052.2778.2440.2542.2792.2894.3089.2966.3293.1166.3151.2646.3145.2044.2486.2690.3073.1677.2564.2916.2331.522.3117.3070.576.2636.550.313.3109.2897.486.3063.3290.922.2068.3019.3130.272.491.1099.3318.367.2831.1205.2328.1365.938.1027.2052.3288.3306.2869.3128.286.1516.2669.2779.2124.2881.2931.1721.2567.2354.2975.2867.2316.864.1029.415.192.2995.2130.2322.1753.236.371.2527.3053.3300.70.2821.2849.2791.2893.3009.1735.1929.2415.144.2767.2997.2805.2863.2376.3188.2927.1678.2891.2909.340.1227.2656.20.1555.3173.2056.3097.3315.122.979.2534.3155.2642.327.1732.2343.2552.3209.2658.1712.2922.803.3215.1583.1699.981.1800.2510.3066.2612.2714.2964.3127.2568.2271.2205.2373.2670.2920.494.2854.2880.3058.2898.1152.2387.1126.839.1880.1188.1415.1276.2614.2882.2684.291.2838.3095.2772.797.1882.2359.436.2681.2405.2156.2278.1440.3250.2917.1985.1825.1307.3190.2403.3292.1031.1616.3074.2447.3234.1558.1149.314.2027.3149.3000.2968.1725.3038.2488.2526.2596.2878.2986.3135.3237.3251.1810.3077.358.2400.2956.2335.2604.2472.2650.3217.2862.2950.159.2414.3307.430.2970.3002.3235.560.3075.1270.3253.117.3093.2844.1603.3119.1345.1968.2695.2535.2477.1025.2651.1598.3003.2687.3059.2493.2461.407.2583.3214.2813.904.1067.2865.2929.2973.2987.3005.2224.2901.1097.3196.3017.3126.2883.495.2370.2064.2166.1051.1095.3270.3328.2035.2643.3314.2425.2629.2981.2661.2234.3136.3240.1745.1911.3182.1053.2609.2839.1963.2961.2571.3226.3330.1859.3094.802.2645.2979.591.2358.2846.1962.3227.568.1092.1162.1226.3012.1284.161.2279.2852.1944.370.1048.1312.2816.2309.147.2860.2994.211.89.1356.2834.2103.1495.2219.1786.3028.1838.2888.3185.1268.43.239.61.1978.1525.2133.2940.149.2115.2147&gpp=DBABM~CQl5JrAQl5JrAAfFdGITCjFsAP_gAEPgAAYgLdtR9G9fbSFj8DZ3YbokYIwPxVho6sAhBgCAkmgFCLuELIwEhWEQIAyCIiACGBIAODQAIAEgGAgQQUAgIIABLADMYEAQYCBKICBAABIRIkAQCAgKAAAgUAAAgmBGAgQAiASNAZIASMwAgQAGEXAgKAAAAACQAQAIACEAQAEAAAAAQCgAgAAAgAAAAAAAABAIAAAAAAAAACAAAAAAAAAAAAAABAAAAICAACAAAAAAAAAAQiAAAAAAAACC3YAJBoVEEBZEAgQCAgBAAAEEQQAECAIAAAgIIAAAgYACQMABVhEgAAAgAAAAAAAAAAAAAACAAIAABAAACAACAQKAAAACAACAAgQAAwAUIAEAAICgAAIEAAAAAARAAAAIAAAAAQAEhAAAAAIAAQIAiAAAAAkAAAAAAAAAABAAAgAAAAAIAAAIAAAAAAAAAACBAAAAEAAAAgAAAAAAAAAAAAAAQAAAAAAAAAAAAABAAAAEAgAAAAAAAAgAAA&gpp_sid=2&uid=CAESEC15bMnw4M8nzD2tlc8o1cc&google_cver=1:0
[   14039ms] [ERROR] Attestation check for Shared Storage on https://www.googleadservices.com failed. @ https://www.googleadservices.com/pagead/managed/js/activeview/current/reach_worklet.html:0
[   14079ms] [ERROR] Attestation check for Shared Storage on https://www.googleadservices.com failed. @ https://www.googleadservices.com/pagead/managed/js/activeview/current/reach_worklet.html:0
[   38932ms] [ERROR] Attestation check for Shared Storage on https://www.googleadservices.com failed. @ https://www.googleadservices.com/pagead/managed/js/activeview/current/reach_worklet.html:0
[   47335ms] [ERROR] Attestation check for Shared Storage on https://www.googleadservices.com failed. @ https://www.googleadservices.com/pagead/managed/js/activeview/current/reach_worklet.html:0
[   68477ms] [ERROR] Attestation check for Shared Storage on https://www.googleadservices.com failed. @ https://www.googleadservices.com/pagead/managed/js/activeview/current/reach_worklet.html:0
[   68479ms] Uncaught TypeError: Cannot read properties of undefined (reading 'version')
    at b (https://scripts.journeymv.com/tags/3.51.6/wrapper.min.js?bust=1504196159:1:289175)
    at <anonymous> (https://scripts.journeymv.com/tags/3.51.6/wrapper.min.js?bust=1504196159:1:101126)
    at <anonymous> (https://scripts.journeymv.com/tags/3.51.6/wrapper.min.js?bust=1504196159:1:100766)
[   70885ms] Uncaught TypeError: Cannot read properties of undefined (reading 'version')
    at b (https://scripts.journeymv.com/tags/3.51.6/wrapper.min.js?bust=1504196159:1:289175)
    at <anonymous> (https://scripts.journeymv.com/tags/3.51.6/wrapper.min.js?bust=1504196159:1:101126)
    at <anonymous> (https://scripts.journeymv.com/tags/3.51.6/wrapper.min.js?bust=1504196159:1:100766)
[   75346ms] [WARNING] The resource https://securepubads.g.doubleclick.net/tag/js/gpt.js was preloaded using link preload but not used within a few seconds from the window's load event. Please make sure it has an appropriate `as` value and it is preloaded intentionally. @ https://expiter.com/blog/articles/:0
[   11506ms] [ERROR] Failed to load resource: the server responded with a status of 404 () @ https://ad.sxp.smartclip.net/sync?type=host&dsp=10&dspuuid=CAESEKBPdiGONJvUgVvfvcG7Egc&gdpr=1&gdpr_consent=CQl5JrAQl5JrAAfFdGITCjFsAP_gAEPgAAYgLdtR9G9fbSFj8DZ3YbokYIwPxVho6sAhBgCAkmgFCLuELIwEhWEQIAyCIiACGBIAODQAIAEgGAgQQUAgIIABLADMYEAQYCBKICBAABIRIkAQCAgKAAAgUAAAgmBGAgQAiASNAZIASMwAgQAGEXAgKAAAAACQAQAIACEAQAEAAAAAQCgAgAAAgAAAAAAAABAIAAAAAAAAACAAAAAAAAAAAAAABAAAAICAACAAAAAAAAAAQiAAAAAAAACC3YAJBoVEEBZEAgQCAgBAAAEEQQAECAIAAAgIIAAAgYACQMABVhEgAAAgAAAAAAAAAAAAAACAAIAABAAACAACAQKAAAACAACAAgQAAwAUIAEAAICgAAIEAAAAAARAAAAIAAAAAQAEhAAAAAIAAQIAiAAAAAkAAAAAAAAAABAAAgAAAAAIAAAIAAAAAAAAAACBAAAAEAAAAgAAAAAAAAAAAAAAQAAAAAAAAAAAAABAAAAEAgAAAAAAAAgAAA.ILdtR9G9fbSFn8DZ3YbokYIwfxVho6sAhBgCAkmgFCLuELIwElWESIAyCIiACGBIAODQAIAEoGAgQQUAgIIABLBDsYEAQYCBKICBAADIRYkAQCAgKAAAgUAAAgmBGAgQAiASNAZIASMwAgQAmEXAgKIAAAACQAQAIACEAQAEAACAAQCgAgAAAgAAAAAAAABAIEAAAAQAAACAAAAAAAAAAAAAABAAAAICAACAAAAAEAAAAQiAAAAAAAAC&addtl_consent=1~2997.367.2415.2767.2927.144.1929.1227.2805.2863.2891.122.3188.2376.1678.2909.2056.20.2130.2821.70.2527.340.371.2995.236.415.192.2322.1753.3009.1735.2791.3053.3300.2849.2893.803.1699.3215.3209.2658.981.1712.1583.3127.494.2568.2670.2920.2205.3066.2510.1800.2612.2714.2964.3097.2534.979.2642.3155.1555.3173.3315.2656.2552.2343.2922.1732.327.291.2684.2838.1276.2614.2882.1882.436.2359.2772.3095.797.1152.2387.2271.2373.2854.2880.2898.1126.1415.1880.3058.839.1188.3074.1616.2447.1558.3234.3190.2403.3292.1725.2027.314.1149.3250.1440.2917.2405.2156.2278.2681.1825.1307.1031.3307.1985.430.2472.2414.3217.2650.2844.2862.2970.3002.1603.3093.1968.3119.3235.3253.1270.3075.117.2488.2986.560.2526.2596.2878.3000.3149.2968.3038.2400.2335.159.2604.2956.3135.3237.358.1810.3077.3251.3214.2583.2865.3005.2950.407.904.2493.2973.2461.2813.1067.2929.495.2883.2987.3126.2064.2166.2370.3196.1097.2224.2535.2651.2901.3003.3017.1025.1598.2477.1345.2695.3059.2687.2609.2839.3226.1963.1911.2234.2571.3240.3182.1745.1053.2961.2358.591.2979.3330.802.2645.3094.1859.1051.1095.3314.2425.2629.3136.2661.2981.3270.2643.3328.2035.1838.1978.2888.3028.3185.61.1268.2219.1495.149.1786.43.2325.2940.1750.899.2103.239.2115.1525.2133.161.1226.1284.2147.2852.1048.568.1962.1092.1162.3227.1944.3012.2279.147.2834.2846.2860.1356.2309.2816.89.2994.1312.370.2930.211.1651.1375.2418.3167.83.1403.574.2107.2770.3018.1290.2506.2884.2008.2812.1040.143.259.2416.1878.2652.2768.3016.1186.2225.3223.2109.2900.2003.55.1548.2047.1514.2887.385.3076.3236.2282.184.3230.2605.2531.310.3324.2633.1135.1584.1827.2985.2140.523.3043.3106.1512.820.1917.2621.1047.3194.1969.2222.2577.46.2559.2336.2220.1107.3296.2501.2072.2427.429.1889.2817.2875.2983.266.196.2090.2186.1301.322.3228.2517.2677.3184.2889.2895.2074.3055.2801.2941.2999.2918.2088.2610.445.1964.3225.2572.2468.2584.2784.2974.1697.1252.2628.2698.135.2660.2980.1449.1840.1667.2798.1003.442.93.2830.3034.1419.1579.2874.1716.3210.2657.1832.3172.424.2465.1540.1638.230.108.2713.2949.2963.1682.1843.3238.3244.2039.3112.1416.3316.587.3272.1570.1143.3120.2965.1967.2575.3222.2787.3260.124.2453.1845.2569.2729.2947.3099.2253.737.3187.3052.2886.985.3231.3257.3008.2484.311.1870.2295.1455.1046.2377.2498.2850.1942.3189.1782.2908.323.3010.2331.3117.522.931.1677.2564.2916.3070.3073.3109.486.2636.576.313.550.2440.2542.2792.2894.3089.3293.2778.3145.2486.1166.2044.2690.2966.3151.2646.3306.3128.286.2567.2669.2779.2328.2881.3288.938.2975.2354.2052.1721.864.2316.2867.1029.2124.2931.1516.2068.922.3019.3130.2897.1099.491.3063.1365.1027.3290.3318.2831.2869.272.1205&gpp=DBABM~CQl5JrAQl5JrAAfFdGITCjFsAP_gAEPgAAYgLdtR9G9fbSFj8DZ3YbokYIwPxVho6sAhBgCAkmgFCLuELIwEhWEQIAyCIiACGBIAODQAIAEgGAgQQUAgIIABLADMYEAQYCBKICBAABIRIkAQCAgKAAAgUAAAgmBGAgQAiASNAZIASMwAgQAGEXAgKAAAAACQAQAIACEAQAEAAAAAQCgAgAAAgAAAAAAAABAIAAAAAAAAACAAAAAAAAAAAAAABAAAAICAACAAAAAAAAAAQiAAAAAAAACC3YAJBoVEEBZEAgQCAgBAAAEEQQAECAIAAAgIIAAAgYACQMABVhEgAAAgAAAAAAAAAAAAAACAAIAABAAACAACAQKAAAACAACAAgQAAwAUIAEAAICgAAIEAAAAAARAAAAIAAAAAQAEhAAAAAIAAQIAiAAAAAkAAAAAAAAAABAAAgAAAAAIAAAIAAAAAAAAAACBAAAAEAAAAgAAAAAAAAAAAAAAQAAAAAAAAAAAAABAAAAEAgAAAAAAAAgAAA&gpp_sid=2&google_cver=1:0
[   67824ms] [ERROR] Failed to load resource: net::ERR_NAME_NOT_RESOLVED @ https://sync.search.spotxchange.com/partner?adv_id=7025&gdpr=1&gdpr_consent=CQl5JrAQl5JrAAfFdGITCjFsAP_gAEPgAAYgLdtR9G9fbSFj8DZ3YbokYIwPxVho6sAhBgCAkmgFCLuELIwEhWEQIAyCIiACGBIAODQAIAEgGAgQQUAgIIABLADMYEAQYCBKICBAABIRIkAQCAgKAAAgUAAAgmBGAgQAiASNAZIASMwAgQAGEXAgKAAAAACQAQAIACEAQAEAAAAAQCgAgAAAgAAAAAAAABAIAAAAAAAAACAAAAAAAAAAAAAABAAAAICAACAAAAAAAAAAQiAAAAAAAACC3YAJBoVEEBZEAgQCAgBAAAEEQQAECAIAAAgIIAAAgYACQMABVhEgAAAgAAAAAAAAAAAAAACAAIAABAAACAACAQKAAAACAACAAgQAAwAUIAEAAICgAAIEAAAAAARAAAAIAAAAAQAEhAAAAAIAAQIAiAAAAAkAAAAAAAAAABAAAgAAAAAIAAAIAAAAAAAAAACBAAAAEAAAAgAAAAAAAAAAAAAAQAAAAAAAAAAAAABAAAAEAgAAAAAAAAgAAA.ILdtR9G9fbSFn8DZ3YbokYIwfxVho6sAhBgCAkmgFCLuELIwElWESIAyCIiACGBIAODQAIAEoGAgQQUAgIIABLBDsYEAQYCBKICBAADIRYkAQCAgKAAAgUAAAgmBGAgQAiASNAZIASMwAgQAmEXAgKIAAAACQAQAIACEAQAEAACAAQCgAgAAAgAAAAAAAABAIEAAAAQAAACAAAAAAAAAAAAAABAAAAICAACAAAAAEAAAAQiAAAAAAAAC&addtl_consent=1~2652.899.143.1186.2325.1750.259.1040.1878.2416.2768.2812.2900.2109.3016.2225.1651.55.3223.2418.3167.83.1375.2770.2884.1290.2008.2506.2930.574.1403.2633.3043.2985.3106.1584.3018.2107.2140.2531.1827.310.3324.3194.2222.2577.1135.1512.1917.1969.523.820.2621.2047.46.1548.1047.2003.2282.2605.184.3230.3236.2887.1514.385.3076.2677.3184.2517.2889.1301.322.3228.2895.3055.2801.2941.2999.2088.2074.445.1107.2336.2559.2501.3296.2220.196.266.1889.2072.2090.2186.2427.2817.429.1667.2875.2983.1449.1840.2874.1579.1716.2798.424.442.93.2830.3034.2610.1003.3225.2572.1419.2784.2918.1832.1964.2628.2698.2980.2660.2468.135.1252.1697.2584.2974.3272.1416.587.3112.3316.1143.2729.2947.1845.2453.2039.3120.1967.1570.2569.2575.3222.3260.2787.1540.2465.3210.2657.124.2965.3172.1682.2949.230.3238.3244.1843.108.2713.2963.1638.1870.2295.2484.311.2908.1782.931.3010.323.2498.2377.2850.1455.3189.1942.737.3099.1046.2253.3231.3257.3008.985.3187.2886.3052.2778.2440.2542.2792.2894.3089.2966.3293.1166.3151.2646.3145.2044.2486.2690.3073.1677.2564.2916.2331.522.3117.3070.576.2636.550.313.3109.2897.486.3063.3290.922.2068.3019.3130.272.491.1099.3318.367.2831.1205.2328.1365.938.1027.2052.3288.3306.2869.3128.286.1516.2669.2779.2124.2881.2931.1721.2567.2354.2975.2867.2316.864.1029.415.192.2995.2130.2322.1753.236.371.2527.3053.3300.70.2821.2849.2791.2893.3009.1735.1929.2415.144.2767.2997.2805.2863.2376.3188.2927.1678.2891.2909.340.1227.2656.20.1555.3173.2056.3097.3315.122.979.2534.3155.2642.327.1732.2343.2552.3209.2658.1712.2922.803.3215.1583.1699.981.1800.2510.3066.2612.2714.2964.3127.2568.2271.2205.2373.2670.2920.494.2854.2880.3058.2898.1152.2387.1126.839.1880.1188.1415.1276.2614.2882.2684.291.2838.3095.2772.797.1882.2359.436.2681.2405.2156.2278.1440.3250.2917.1985.1825.1307.3190.2403.3292.1031.1616.3074.2447.3234.1558.1149.314.2027.3149.3000.2968.1725.3038.2488.2526.2596.2878.2986.3135.3237.3251.1810.3077.358.2400.2956.2335.2604.2472.2650.3217.2862.2950.159.2414.3307.430.2970.3002.3235.560.3075.1270.3253.117.3093.2844.1603.3119.1345.1968.2695.2535.2477.1025.2651.1598.3003.2687.3059.2493.2461.407.2583.3214.2813.904.1067.2865.2929.2973.2987.3005.2224.2901.1097.3196.3017.3126.2883.495.2370.2064.2166.1051.1095.3270.3328.2035.2643.3314.2425.2629.2981.2661.2234.3136.3240.1745.1911.3182.1053.2609.2839.1963.2961.2571.3226.3330.1859.3094.802.2645.2979.591.2358.2846.1962.3227.568.1092.1162.1226.3012.1284.161.2279.2852.1944.370.1048.1312.2816.2309.147.2860.2994.211.89.1356.2834.2103.1495.2219.1786.3028.1838.2888.3185.1268.43.239.61.1978.1525.2133.2940.149.2115.2147&gpp=DBABM~CQl5JrAQl5JrAAfFdGITCjFsAP_gAEPgAAYgLdtR9G9fbSFj8DZ3YbokYIwPxVho6sAhBgCAkmgFCLuELIwEhWEQIAyCIiACGBIAODQAIAEgGAgQQUAgIIABLADMYEAQYCBKICBAABIRIkAQCAgKAAAgUAAAgmBGAgQAiASNAZIASMwAgQAGEXAgKAAAAACQAQAIACEAQAEAAAAAQCgAgAAAgAAAAAAAABAIAAAAAAAAACAAAAAAAAAAAAAABAAAAICAACAAAAAAAAAAQiAAAAAAAACC3YAJBoVEEBZEAgQCAgBAAAEEQQAECAIAAAgIIAAAgYACQMABVhEgAAAgAAAAAAAAAAAAAACAAIAABAAACAACAQKAAAACAACAAgQAAwAUIAEAAICgAAIEAAAAAARAAAAIAAAAAQAEhAAAAAIAAQIAiAAAAAkAAAAAAAAAABAAAgAAAAAIAAAIAAAAAAAAAACBAAAAEAAAAgAAAAAAAAAAAAAAQAAAAAAAAAAAAABAAAAEAgAAAAAAAAgAAA&gpp_sid=2&redir=https%3A%2F%2Fcm.g.doubleclick.net%2Fpixel%3Fgoogle_nid%3Dspotxchange_dbm%26google_hm%3D%24SPOTX_BASE64_USER_ID:0
[   67825ms] [ERROR] Failed to load resource: net::ERR_NAME_NOT_RESOLVED @ https://sync.search.spotxchange.com/partner?adv_id=7025&gdpr=1&gdpr_consent=CQl5JrAQl5JrAAfFdGITCjFsAP_gAEPgAAYgLdtR9G9fbSFj8DZ3YbokYIwPxVho6sAhBgCAkmgFCLuELIwEhWEQIAyCIiACGBIAODQAIAEgGAgQQUAgIIABLADMYEAQYCBKICBAABIRIkAQCAgKAAAgUAAAgmBGAgQAiASNAZIASMwAgQAGEXAgKAAAAACQAQAIACEAQAEAAAAAQCgAgAAAgAAAAAAAABAIAAAAAAAAACAAAAAAAAAAAAAABAAAAICAACAAAAAAAAAAQiAAAAAAAACC3YAJBoVEEBZEAgQCAgBAAAEEQQAECAIAAAgIIAAAgYACQMABVhEgAAAgAAAAAAAAAAAAAACAAIAABAAACAACAQKAAAACAACAAgQAAwAUIAEAAICgAAIEAAAAAARAAAAIAAAAAQAEhAAAAAIAAQIAiAAAAAkAAAAAAAAAABAAAgAAAAAIAAAIAAAAAAAAAACBAAAAEAAAAgAAAAAAAAAAAAAAQAAAAAAAAAAAAABAAAAEAgAAAAAAAAgAAA.ILdtR9G9fbSFn8DZ3YbokYIwfxVho6sAhBgCAkmgFCLuELIwElWESIAyCIiACGBIAODQAIAEoGAgQQUAgIIABLBDsYEAQYCBKICBAADIRYkAQCAgKAAAgUAAAgmBGAgQAiASNAZIASMwAgQAmEXAgKIAAAACQAQAIACEAQAEAACAAQCgAgAAAgAAAAAAAABAIEAAAAQAAACAAAAAAAAAAAAAABAAAAICAACAAAAAEAAAAQiAAAAAAAAC&addtl_consent=1~2652.899.143.1186.2325.1750.259.1040.1878.2416.2768.2812.2900.2109.3016.2225.1651.55.3223.2418.3167.83.1375.2770.2884.1290.2008.2506.2930.574.1403.2633.3043.2985.3106.1584.3018.2107.2140.2531.1827.310.3324.3194.2222.2577.1135.1512.1917.1969.523.820.2621.2047.46.1548.1047.2003.2282.2605.184.3230.3236.2887.1514.385.3076.2677.3184.2517.2889.1301.322.3228.2895.3055.2801.2941.2999.2088.2074.445.1107.2336.2559.2501.3296.2220.196.266.1889.2072.2090.2186.2427.2817.429.1667.2875.2983.1449.1840.2874.1579.1716.2798.424.442.93.2830.3034.2610.1003.3225.2572.1419.2784.2918.1832.1964.2628.2698.2980.2660.2468.135.1252.1697.2584.2974.3272.1416.587.3112.3316.1143.2729.2947.1845.2453.2039.3120.1967.1570.2569.2575.3222.3260.2787.1540.2465.3210.2657.124.2965.3172.1682.2949.230.3238.3244.1843.108.2713.2963.1638.1870.2295.2484.311.2908.1782.931.3010.323.2498.2377.2850.1455.3189.1942.737.3099.1046.2253.3231.3257.3008.985.3187.2886.3052.2778.2440.2542.2792.2894.3089.2966.3293.1166.3151.2646.3145.2044.2486.2690.3073.1677.2564.2916.2331.522.3117.3070.576.2636.550.313.3109.2897.486.3063.3290.922.2068.3019.3130.272.491.1099.3318.367.2831.1205.2328.1365.938.1027.2052.3288.3306.2869.3128.286.1516.2669.2779.2124.2881.2931.1721.2567.2354.2975.2867.2316.864.1029.415.192.2995.2130.2322.1753.236.371.2527.3053.3300.70.2821.2849.2791.2893.3009.1735.1929.2415.144.2767.2997.2805.2863.2376.3188.2927.1678.2891.2909.340.1227.2656.20.1555.3173.2056.3097.3315.122.979.2534.3155.2642.327.1732.2343.2552.3209.2658.1712.2922.803.3215.1583.1699.981.1800.2510.3066.2612.2714.2964.3127.2568.2271.2205.2373.2670.2920.494.2854.2880.3058.2898.1152.2387.1126.839.1880.1188.1415.1276.2614.2882.2684.291.2838.3095.2772.797.1882.2359.436.2681.2405.2156.2278.1440.3250.2917.1985.1825.1307.3190.2403.3292.1031.1616.3074.2447.3234.1558.1149.314.2027.3149.3000.2968.1725.3038.2488.2526.2596.2878.2986.3135.3237.3251.1810.3077.358.2400.2956.2335.2604.2472.2650.3217.2862.2950.159.2414.3307.430.2970.3002.3235.560.3075.1270.3253.117.3093.2844.1603.3119.1345.1968.2695.2535.2477.1025.2651.1598.3003.2687.3059.2493.2461.407.2583.3214.2813.904.1067.2865.2929.2973.2987.3005.2224.2901.1097.3196.3017.3126.2883.495.2370.2064.2166.1051.1095.3270.3328.2035.2643.3314.2425.2629.2981.2661.2234.3136.3240.1745.1911.3182.1053.2609.2839.1963.2961.2571.3226.3330.1859.3094.802.2645.2979.591.2358.2846.1962.3227.568.1092.1162.1226.3012.1284.161.2279.2852.1944.370.1048.1312.2816.2309.147.2860.2994.211.89.1356.2834.2103.1495.2219.1786.3028.1838.2888.3185.1268.43.239.61.1978.1525.2133.2940.149.2115.2147&gpp=DBABM~CQl5JrAQl5JrAAfFdGITCjFsAP_gAEPgAAYgLdtR9G9fbSFj8DZ3YbokYIwPxVho6sAhBgCAkmgFCLuELIwEhWEQIAyCIiACGBIAODQAIAEgGAgQQUAgIIABLADMYEAQYCBKICBAABIRIkAQCAgKAAAgUAAAgmBGAgQAiASNAZIASMwAgQAGEXAgKAAAAACQAQAIACEAQAEAAAAAQCgAgAAAgAAAAAAAABAIAAAAAAAAACAAAAAAAAAAAAAABAAAAICAACAAAAAAAAAAQiAAAAAAAACC3YAJBoVEEBZEAgQCAgBAAAEEQQAECAIAAAgIIAAAgYACQMABVhEgAAAgAAAAAAAAAAAAAACAAIAABAAACAACAQKAAAACAACAAgQAAwAUIAEAAICgAAIEAAAAAARAAAAIAAAAAQAEhAAAAAIAAQIAiAAAAAkAAAAAAAAAABAAAgAAAAAIAAAIAAAAAAAAAACBAAAAEAAAAgAAAAAAAAAAAAAAQAAAAAAAAAAAAABAAAAEAgAAAAAAAAgAAA&gpp_sid=2&uid=CAESEC15bMnw4M8nzD2tlc8o1cc&google_cver=1:0
[   14039ms] [ERROR] Attestation check for Shared Storage on https://www.googleadservices.com failed. @ https://www.googleadservices.com/pagead/managed/js/activeview/current/reach_worklet.html:0
[   14079ms] [ERROR] Attestation check for Shared Storage on https://www.googleadservices.com failed. @ https://www.googleadservices.com/pagead/managed/js/activeview/current/reach_worklet.html:0
[   38932ms] [ERROR] Attestation check for Shared Storage on https://www.googleadservices.com failed. @ https://www.googleadservices.com/pagead/managed/js/activeview/current/reach_worklet.html:0
[   47335ms] [ERROR] Attestation check for Shared Storage on https://www.googleadservices.com failed. @ https://www.googleadservices.com/pagead/managed/js/activeview/current/reach_worklet.html:0
[   68477ms] [ERROR] Attestation check for Shared Storage on https://www.googleadservices.com failed. @ https://www.googleadservices.com/pagead/managed/js/activeview/current/reach_worklet.html:0
[   76492ms] Uncaught TypeError: Cannot read properties of undefined (reading 'version')
    at b (https://scripts.journeymv.com/tags/3.51.6/wrapper.min.js?bust=1504196159:1:289175)
    at <anonymous> (https://scripts.journeymv.com/tags/3.51.6/wrapper.min.js?bust=1504196159:1:101126)
    at <anonymous> (https://scripts.journeymv.com/tags/3.51.6/wrapper.min.js?bust=1504196159:1:100766)
[   76493ms] [ERROR] Attestation check for Shared Storage on https://www.googleadservices.com failed. @ https://www.googleadservices.com/pagead/managed/js/activeview/current/reach_worklet.html:0
[   81592ms] [WARNING] The resource https://securepubads.g.doubleclick.net/tag/js/gpt.js was preloaded using link preload but not used within a few seconds from the window's load event. Please make sure it has an appropriate `as` value and it is preloaded intentionally. @ https://expiter.com/blog/articles/:0
[   91603ms] [WARNING] The resource https://securepubads.g.doubleclick.net/tag/js/gpt.js was preloaded using link preload but not used within a few seconds from the window's load event. Please make sure it has an appropriate `as` value and it is preloaded intentionally. @ https://expiter.com/blog/articles/:0
[   95961ms] [WARNING] The resource https://securepubads.g.doubleclick.net/tag/js/gpt.js was preloaded using link preload but not used within a few seconds from the window's load event. Please make sure it has an appropriate `as` value and it is preloaded intentionally. @ https://expiter.com/blog/articles/:0
[   11506ms] [ERROR] Failed to load resource: the server responded with a status of 404 () @ https://ad.sxp.smartclip.net/sync?type=host&dsp=10&dspuuid=CAESEKBPdiGONJvUgVvfvcG7Egc&gdpr=1&gdpr_consent=CQl5JrAQl5JrAAfFdGITCjFsAP_gAEPgAAYgLdtR9G9fbSFj8DZ3YbokYIwPxVho6sAhBgCAkmgFCLuELIwEhWEQIAyCIiACGBIAODQAIAEgGAgQQUAgIIABLADMYEAQYCBKICBAABIRIkAQCAgKAAAgUAAAgmBGAgQAiASNAZIASMwAgQAGEXAgKAAAAACQAQAIACEAQAEAAAAAQCgAgAAAgAAAAAAAABAIAAAAAAAAACAAAAAAAAAAAAAABAAAAICAACAAAAAAAAAAQiAAAAAAAACC3YAJBoVEEBZEAgQCAgBAAAEEQQAECAIAAAgIIAAAgYACQMABVhEgAAAgAAAAAAAAAAAAAACAAIAABAAACAACAQKAAAACAACAAgQAAwAUIAEAAICgAAIEAAAAAARAAAAIAAAAAQAEhAAAAAIAAQIAiAAAAAkAAAAAAAAAABAAAgAAAAAIAAAIAAAAAAAAAACBAAAAEAAAAgAAAAAAAAAAAAAAQAAAAAAAAAAAAABAAAAEAgAAAAAAAAgAAA.ILdtR9G9fbSFn8DZ3YbokYIwfxVho6sAhBgCAkmgFCLuELIwElWESIAyCIiACGBIAODQAIAEoGAgQQUAgIIABLBDsYEAQYCBKICBAADIRYkAQCAgKAAAgUAAAgmBGAgQAiASNAZIASMwAgQAmEXAgKIAAAACQAQAIACEAQAEAACAAQCgAgAAAgAAAAAAAABAIEAAAAQAAACAAAAAAAAAAAAAABAAAAICAACAAAAAEAAAAQiAAAAAAAAC&addtl_consent=1~2997.367.2415.2767.2927.144.1929.1227.2805.2863.2891.122.3188.2376.1678.2909.2056.20.2130.2821.70.2527.340.371.2995.236.415.192.2322.1753.3009.1735.2791.3053.3300.2849.2893.803.1699.3215.3209.2658.981.1712.1583.3127.494.2568.2670.2920.2205.3066.2510.1800.2612.2714.2964.3097.2534.979.2642.3155.1555.3173.3315.2656.2552.2343.2922.1732.327.291.2684.2838.1276.2614.2882.1882.436.2359.2772.3095.797.1152.2387.2271.2373.2854.2880.2898.1126.1415.1880.3058.839.1188.3074.1616.2447.1558.3234.3190.2403.3292.1725.2027.314.1149.3250.1440.2917.2405.2156.2278.2681.1825.1307.1031.3307.1985.430.2472.2414.3217.2650.2844.2862.2970.3002.1603.3093.1968.3119.3235.3253.1270.3075.117.2488.2986.560.2526.2596.2878.3000.3149.2968.3038.2400.2335.159.2604.2956.3135.3237.358.1810.3077.3251.3214.2583.2865.3005.2950.407.904.2493.2973.2461.2813.1067.2929.495.2883.2987.3126.2064.2166.2370.3196.1097.2224.2535.2651.2901.3003.3017.1025.1598.2477.1345.2695.3059.2687.2609.2839.3226.1963.1911.2234.2571.3240.3182.1745.1053.2961.2358.591.2979.3330.802.2645.3094.1859.1051.1095.3314.2425.2629.3136.2661.2981.3270.2643.3328.2035.1838.1978.2888.3028.3185.61.1268.2219.1495.149.1786.43.2325.2940.1750.899.2103.239.2115.1525.2133.161.1226.1284.2147.2852.1048.568.1962.1092.1162.3227.1944.3012.2279.147.2834.2846.2860.1356.2309.2816.89.2994.1312.370.2930.211.1651.1375.2418.3167.83.1403.574.2107.2770.3018.1290.2506.2884.2008.2812.1040.143.259.2416.1878.2652.2768.3016.1186.2225.3223.2109.2900.2003.55.1548.2047.1514.2887.385.3076.3236.2282.184.3230.2605.2531.310.3324.2633.1135.1584.1827.2985.2140.523.3043.3106.1512.820.1917.2621.1047.3194.1969.2222.2577.46.2559.2336.2220.1107.3296.2501.2072.2427.429.1889.2817.2875.2983.266.196.2090.2186.1301.322.3228.2517.2677.3184.2889.2895.2074.3055.2801.2941.2999.2918.2088.2610.445.1964.3225.2572.2468.2584.2784.2974.1697.1252.2628.2698.135.2660.2980.1449.1840.1667.2798.1003.442.93.2830.3034.1419.1579.2874.1716.3210.2657.1832.3172.424.2465.1540.1638.230.108.2713.2949.2963.1682.1843.3238.3244.2039.3112.1416.3316.587.3272.1570.1143.3120.2965.1967.2575.3222.2787.3260.124.2453.1845.2569.2729.2947.3099.2253.737.3187.3052.2886.985.3231.3257.3008.2484.311.1870.2295.1455.1046.2377.2498.2850.1942.3189.1782.2908.323.3010.2331.3117.522.931.1677.2564.2916.3070.3073.3109.486.2636.576.313.550.2440.2542.2792.2894.3089.3293.2778.3145.2486.1166.2044.2690.2966.3151.2646.3306.3128.286.2567.2669.2779.2328.2881.3288.938.2975.2354.2052.1721.864.2316.2867.1029.2124.2931.1516.2068.922.3019.3130.2897.1099.491.3063.1365.1027.3290.3318.2831.2869.272.1205&gpp=DBABM~CQl5JrAQl5JrAAfFdGITCjFsAP_gAEPgAAYgLdtR9G9fbSFj8DZ3YbokYIwPxVho6sAhBgCAkmgFCLuELIwEhWEQIAyCIiACGBIAODQAIAEgGAgQQUAgIIABLADMYEAQYCBKICBAABIRIkAQCAgKAAAgUAAAgmBGAgQAiASNAZIASMwAgQAGEXAgKAAAAACQAQAIACEAQAEAAAAAQCgAgAAAgAAAAAAAABAIAAAAAAAAACAAAAAAAAAAAAAABAAAAICAACAAAAAAAAAAQiAAAAAAAACC3YAJBoVEEBZEAgQCAgBAAAEEQQAECAIAAAgIIAAAgYACQMABVhEgAAAgAAAAAAAAAAAAAACAAIAABAAACAACAQKAAAACAACAAgQAAwAUIAEAAICgAAIEAAAAAARAAAAIAAAAAQAEhAAAAAIAAQIAiAAAAAkAAAAAAAAAABAAAgAAAAAIAAAIAAAAAAAAAACBAAAAEAAAAgAAAAAAAAAAAAAAQAAAAAAAAAAAAABAAAAEAgAAAAAAAAgAAA&gpp_sid=2&google_cver=1:0
[   67824ms] [ERROR] Failed to load resource: net::ERR_NAME_NOT_RESOLVED @ https://sync.search.spotxchange.com/partner?adv_id=7025&gdpr=1&gdpr_consent=CQl5JrAQl5JrAAfFdGITCjFsAP_gAEPgAAYgLdtR9G9fbSFj8DZ3YbokYIwPxVho6sAhBgCAkmgFCLuELIwEhWEQIAyCIiACGBIAODQAIAEgGAgQQUAgIIABLADMYEAQYCBKICBAABIRIkAQCAgKAAAgUAAAgmBGAgQAiASNAZIASMwAgQAGEXAgKAAAAACQAQAIACEAQAEAAAAAQCgAgAAAgAAAAAAAABAIAAAAAAAAACAAAAAAAAAAAAAABAAAAICAACAAAAAAAAAAQiAAAAAAAACC3YAJBoVEEBZEAgQCAgBAAAEEQQAECAIAAAgIIAAAgYACQMABVhEgAAAgAAAAAAAAAAAAAACAAIAABAAACAACAQKAAAACAACAAgQAAwAUIAEAAICgAAIEAAAAAARAAAAIAAAAAQAEhAAAAAIAAQIAiAAAAAkAAAAAAAAAABAAAgAAAAAIAAAIAAAAAAAAAACBAAAAEAAAAgAAAAAAAAAAAAAAQAAAAAAAAAAAAABAAAAEAgAAAAAAAAgAAA.ILdtR9G9fbSFn8DZ3YbokYIwfxVho6sAhBgCAkmgFCLuELIwElWESIAyCIiACGBIAODQAIAEoGAgQQUAgIIABLBDsYEAQYCBKICBAADIRYkAQCAgKAAAgUAAAgmBGAgQAiASNAZIASMwAgQAmEXAgKIAAAACQAQAIACEAQAEAACAAQCgAgAAAgAAAAAAAABAIEAAAAQAAACAAAAAAAAAAAAAABAAAAICAACAAAAAEAAAAQiAAAAAAAAC&addtl_consent=1~2652.899.143.1186.2325.1750.259.1040.1878.2416.2768.2812.2900.2109.3016.2225.1651.55.3223.2418.3167.83.1375.2770.2884.1290.2008.2506.2930.574.1403.2633.3043.2985.3106.1584.3018.2107.2140.2531.1827.310.3324.3194.2222.2577.1135.1512.1917.1969.523.820.2621.2047.46.1548.1047.2003.2282.2605.184.3230.3236.2887.1514.385.3076.2677.3184.2517.2889.1301.322.3228.2895.3055.2801.2941.2999.2088.2074.445.1107.2336.2559.2501.3296.2220.196.266.1889.2072.2090.2186.2427.2817.429.1667.2875.2983.1449.1840.2874.1579.1716.2798.424.442.93.2830.3034.2610.1003.3225.2572.1419.2784.2918.1832.1964.2628.2698.2980.2660.2468.135.1252.1697.2584.2974.3272.1416.587.3112.3316.1143.2729.2947.1845.2453.2039.3120.1967.1570.2569.2575.3222.3260.2787.1540.2465.3210.2657.124.2965.3172.1682.2949.230.3238.3244.1843.108.2713.2963.1638.1870.2295.2484.311.2908.1782.931.3010.323.2498.2377.2850.1455.3189.1942.737.3099.1046.2253.3231.3257.3008.985.3187.2886.3052.2778.2440.2542.2792.2894.3089.2966.3293.1166.3151.2646.3145.2044.2486.2690.3073.1677.2564.2916.2331.522.3117.3070.576.2636.550.313.3109.2897.486.3063.3290.922.2068.3019.3130.272.491.1099.3318.367.2831.1205.2328.1365.938.1027.2052.3288.3306.2869.3128.286.1516.2669.2779.2124.2881.2931.1721.2567.2354.2975.2867.2316.864.1029.415.192.2995.2130.2322.1753.236.371.2527.3053.3300.70.2821.2849.2791.2893.3009.1735.1929.2415.144.2767.2997.2805.2863.2376.3188.2927.1678.2891.2909.340.1227.2656.20.1555.3173.2056.3097.3315.122.979.2534.3155.2642.327.1732.2343.2552.3209.2658.1712.2922.803.3215.1583.1699.981.1800.2510.3066.2612.2714.2964.3127.2568.2271.2205.2373.2670.2920.494.2854.2880.3058.2898.1152.2387.1126.839.1880.1188.1415.1276.2614.2882.2684.291.2838.3095.2772.797.1882.2359.436.2681.2405.2156.2278.1440.3250.2917.1985.1825.1307.3190.2403.3292.1031.1616.3074.2447.3234.1558.1149.314.2027.3149.3000.2968.1725.3038.2488.2526.2596.2878.2986.3135.3237.3251.1810.3077.358.2400.2956.2335.2604.2472.2650.3217.2862.2950.159.2414.3307.430.2970.3002.3235.560.3075.1270.3253.117.3093.2844.1603.3119.1345.1968.2695.2535.2477.1025.2651.1598.3003.2687.3059.2493.2461.407.2583.3214.2813.904.1067.2865.2929.2973.2987.3005.2224.2901.1097.3196.3017.3126.2883.495.2370.2064.2166.1051.1095.3270.3328.2035.2643.3314.2425.2629.2981.2661.2234.3136.3240.1745.1911.3182.1053.2609.2839.1963.2961.2571.3226.3330.1859.3094.802.2645.2979.591.2358.2846.1962.3227.568.1092.1162.1226.3012.1284.161.2279.2852.1944.370.1048.1312.2816.2309.147.2860.2994.211.89.1356.2834.2103.1495.2219.1786.3028.1838.2888.3185.1268.43.239.61.1978.1525.2133.2940.149.2115.2147&gpp=DBABM~CQl5JrAQl5JrAAfFdGITCjFsAP_gAEPgAAYgLdtR9G9fbSFj8DZ3YbokYIwPxVho6sAhBgCAkmgFCLuELIwEhWEQIAyCIiACGBIAODQAIAEgGAgQQUAgIIABLADMYEAQYCBKICBAABIRIkAQCAgKAAAgUAAAgmBGAgQAiASNAZIASMwAgQAGEXAgKAAAAACQAQAIACEAQAEAAAAAQCgAgAAAgAAAAAAAABAIAAAAAAAAACAAAAAAAAAAAAAABAAAAICAACAAAAAAAAAAQiAAAAAAAACC3YAJBoVEEBZEAgQCAgBAAAEEQQAECAIAAAgIIAAAgYACQMABVhEgAAAgAAAAAAAAAAAAAACAAIAABAAACAACAQKAAAACAACAAgQAAwAUIAEAAICgAAIEAAAAAARAAAAIAAAAAQAEhAAAAAIAAQIAiAAAAAkAAAAAAAAAABAAAgAAAAAIAAAIAAAAAAAAAACBAAAAEAAAAgAAAAAAAAAAAAAAQAAAAAAAAAAAAABAAAAEAgAAAAAAAAgAAA&gpp_sid=2&redir=https%3A%2F%2Fcm.g.doubleclick.net%2Fpixel%3Fgoogle_nid%3Dspotxchange_dbm%26google_hm%3D%24SPOTX_BASE64_USER_ID:0
[   67825ms] [ERROR] Failed to load resource: net::ERR_NAME_NOT_RESOLVED @ https://sync.search.spotxchange.com/partner?adv_id=7025&gdpr=1&gdpr_consent=CQl5JrAQl5JrAAfFdGITCjFsAP_gAEPgAAYgLdtR9G9fbSFj8DZ3YbokYIwPxVho6sAhBgCAkmgFCLuELIwEhWEQIAyCIiACGBIAODQAIAEgGAgQQUAgIIABLADMYEAQYCBKICBAABIRIkAQCAgKAAAgUAAAgmBGAgQAiASNAZIASMwAgQAGEXAgKAAAAACQAQAIACEAQAEAAAAAQCgAgAAAgAAAAAAAABAIAAAAAAAAACAAAAAAAAAAAAAABAAAAICAACAAAAAAAAAAQiAAAAAAAACC3YAJBoVEEBZEAgQCAgBAAAEEQQAECAIAAAgIIAAAgYACQMABVhEgAAAgAAAAAAAAAAAAAACAAIAABAAACAACAQKAAAACAACAAgQAAwAUIAEAAICgAAIEAAAAAARAAAAIAAAAAQAEhAAAAAIAAQIAiAAAAAkAAAAAAAAAABAAAgAAAAAIAAAIAAAAAAAAAACBAAAAEAAAAgAAAAAAAAAAAAAAQAAAAAAAAAAAAABAAAAEAgAAAAAAAAgAAA.ILdtR9G9fbSFn8DZ3YbokYIwfxVho6sAhBgCAkmgFCLuELIwElWESIAyCIiACGBIAODQAIAEoGAgQQUAgIIABLBDsYEAQYCBKICBAADIRYkAQCAgKAAAgUAAAgmBGAgQAiASNAZIASMwAgQAmEXAgKIAAAACQAQAIACEAQAEAACAAQCgAgAAAgAAAAAAAABAIEAAAAQAAACAAAAAAAAAAAAAABAAAAICAACAAAAAEAAAAQiAAAAAAAAC&addtl_consent=1~2652.899.143.1186.2325.1750.259.1040.1878.2416.2768.2812.2900.2109.3016.2225.1651.55.3223.2418.3167.83.1375.2770.2884.1290.2008.2506.2930.574.1403.2633.3043.2985.3106.1584.3018.2107.2140.2531.1827.310.3324.3194.2222.2577.1135.1512.1917.1969.523.820.2621.2047.46.1548.1047.2003.2282.2605.184.3230.3236.2887.1514.385.3076.2677.3184.2517.2889.1301.322.3228.2895.3055.2801.2941.2999.2088.2074.445.1107.2336.2559.2501.3296.2220.196.266.1889.2072.2090.2186.2427.2817.429.1667.2875.2983.1449.1840.2874.1579.1716.2798.424.442.93.2830.3034.2610.1003.3225.2572.1419.2784.2918.1832.1964.2628.2698.2980.2660.2468.135.1252.1697.2584.2974.3272.1416.587.3112.3316.1143.2729.2947.1845.2453.2039.3120.1967.1570.2569.2575.3222.3260.2787.1540.2465.3210.2657.124.2965.3172.1682.2949.230.3238.3244.1843.108.2713.2963.1638.1870.2295.2484.311.2908.1782.931.3010.323.2498.2377.2850.1455.3189.1942.737.3099.1046.2253.3231.3257.3008.985.3187.2886.3052.2778.2440.2542.2792.2894.3089.2966.3293.1166.3151.2646.3145.2044.2486.2690.3073.1677.2564.2916.2331.522.3117.3070.576.2636.550.313.3109.2897.486.3063.3290.922.2068.3019.3130.272.491.1099.3318.367.2831.1205.2328.1365.938.1027.2052.3288.3306.2869.3128.286.1516.2669.2779.2124.2881.2931.1721.2567.2354.2975.2867.2316.864.1029.415.192.2995.2130.2322.1753.236.371.2527.3053.3300.70.2821.2849.2791.2893.3009.1735.1929.2415.144.2767.2997.2805.2863.2376.3188.2927.1678.2891.2909.340.1227.2656.20.1555.3173.2056.3097.3315.122.979.2534.3155.2642.327.1732.2343.2552.3209.2658.1712.2922.803.3215.1583.1699.981.1800.2510.3066.2612.2714.2964.3127.2568.2271.2205.2373.2670.2920.494.2854.2880.3058.2898.1152.2387.1126.839.1880.1188.1415.1276.2614.2882.2684.291.2838.3095.2772.797.1882.2359.436.2681.2405.2156.2278.1440.3250.2917.1985.1825.1307.3190.2403.3292.1031.1616.3074.2447.3234.1558.1149.314.2027.3149.3000.2968.1725.3038.2488.2526.2596.2878.2986.3135.3237.3251.1810.3077.358.2400.2956.2335.2604.2472.2650.3217.2862.2950.159.2414.3307.430.2970.3002.3235.560.3075.1270.3253.117.3093.2844.1603.3119.1345.1968.2695.2535.2477.1025.2651.1598.3003.2687.3059.2493.2461.407.2583.3214.2813.904.1067.2865.2929.2973.2987.3005.2224.2901.1097.3196.3017.3126.2883.495.2370.2064.2166.1051.1095.3270.3328.2035.2643.3314.2425.2629.2981.2661.2234.3136.3240.1745.1911.3182.1053.2609.2839.1963.2961.2571.3226.3330.1859.3094.802.2645.2979.591.2358.2846.1962.3227.568.1092.1162.1226.3012.1284.161.2279.2852.1944.370.1048.1312.2816.2309.147.2860.2994.211.89.1356.2834.2103.1495.2219.1786.3028.1838.2888.3185.1268.43.239.61.1978.1525.2133.2940.149.2115.2147&gpp=DBABM~CQl5JrAQl5JrAAfFdGITCjFsAP_gAEPgAAYgLdtR9G9fbSFj8DZ3YbokYIwPxVho6sAhBgCAkmgFCLuELIwEhWEQIAyCIiACGBIAODQAIAEgGAgQQUAgIIABLADMYEAQYCBKICBAABIRIkAQCAgKAAAgUAAAgmBGAgQAiASNAZIASMwAgQAGEXAgKAAAAACQAQAIACEAQAEAAAAAQCgAgAAAgAAAAAAAABAIAAAAAAAAACAAAAAAAAAAAAAABAAAAICAACAAAAAAAAAAQiAAAAAAAACC3YAJBoVEEBZEAgQCAgBAAAEEQQAECAIAAAgIIAAAgYACQMABVhEgAAAgAAAAAAAAAAAAAACAAIAABAAACAACAQKAAAACAACAAgQAAwAUIAEAAICgAAIEAAAAAARAAAAIAAAAAQAEhAAAAAIAAQIAiAAAAAkAAAAAAAAAABAAAgAAAAAIAAAIAAAAAAAAAACBAAAAEAAAAgAAAAAAAAAAAAAAQAAAAAAAAAAAAABAAAAEAgAAAAAAAAgAAA&gpp_sid=2&uid=CAESEC15bMnw4M8nzD2tlc8o1cc&google_cver=1:0
[   97096ms] [ERROR] Failed to load resource: the server responded with a status of 404 () @ https://bcp.crwdcntrl.net/gmap/?gdpr=1&gdpr_consent=CQl5JrAQl5JrAAfFdGITCjFsAP_gAEPgAAYgLdtR9G9fbSFj8DZ3YbokYIwPxVho6sAhBgCAkmgFCLuELIwEhWEQIAyCIiACGBIAODQAIAEgGAgQQUAgIIABLADMYEAQYCBKICBAABIRIkAQCAgKAAAgUAAAgmBGAgQAiASNAZIASMwAgQAGEXAgKAAAAACQAQAIACEAQAEAAAAAQCgAgAAAgAAAAAAAABAIAAAAAAAAACAAAAAAAAAAAAAABAAAAICAACAAAAAAAAAAQiAAAAAAAACC3YAJBoVEEBZEAgQCAgBAAAEEQQAECAIAAAgIIAAAgYACQMABVhEgAAAgAAAAAAAAAAAAAACAAIAABAAACAACAQKAAAACAACAAgQAAwAUIAEAAICgAAIEAAAAAARAAAAIAAAAAQAEhAAAAAIAAQIAiAAAAAkAAAAAAAAAABAAAgAAAAAIAAAIAAAAAAAAAACBAAAAEAAAAgAAAAAAAAAAAAAAQAAAAAAAAAAAAABAAAAEAgAAAAAAAAgAAA.ILdtR9G9fbSFn8DZ3YbokYIwfxVho6sAhBgCAkmgFCLuELIwElWESIAyCIiACGBIAODQAIAEoGAgQQUAgIIABLBDsYEAQYCBKICBAADIRYkAQCAgKAAAgUAAAgmBGAgQAiASNAZIASMwAgQAmEXAgKIAAAACQAQAIACEAQAEAACAAQCgAgAAAgAAAAAAAABAIEAAAAQAAACAAAAAAAAAAAAAABAAAAICAACAAAAAEAAAAQiAAAAAAAAC&addtl_consent=1~2997.2927.367.272.2869.1205.2831.3318.3063.1027.3290.2897.1365.3130.3019.1099.2068.922.491.2931.2124.1516.864.2867.2354.2975.2316.2052.1721.3288.938.1029.286.2881.3128.2328.3306.2567.3151.2646.2669.2779.2486.2044.2690.3145.2778.1166.2966.3089.3293.2440.2542.2792.2894.550.2636.313.3109.576.2564.2916.3073.486.1677.3070.522.2331.3117.323.931.1782.2908.3010.1046.1455.2377.2498.1942.2850.2295.3189.1870.2484.311.3231.3008.3257.3187.2886.3052.985.737.2253.3099.2453.2569.1845.2729.2947.2965.124.1570.1967.3120.2575.3222.2787.3260.3272.2039.3112.587.3316.1416.1843.3238.1143.2949.230.3244.108.2713.1682.2963.2465.1638.1540.3172.2657.3210.2874.1716.1579.1832.1003.93.424.3034.2798.442.1667.2830.1419.1840.1449.2660.2628.2698.2974.2980.1252.135.1697.1964.2468.2572.3225.2584.2610.2784.2918.445.2801.2941.2999.2074.3184.2088.3055.2677.3228.1301.2889.2895.322.2517.2090.1889.2186.196.266.2875.2983.2427.2072.2501.2817.2336.429.3296.1107.2559.2220.2577.46.3194.1969.2222.2621.1917.1512.523.820.1584.1047.2633.3043.310.3106.3324.2985.1827.2531.2140.3230.184.1135.2605.2282.3076.1514.3236.2887.385.1548.2047.2003.3223.2109.2225.3016.2900.2416.55.2768.1186.143.2652.2812.259.1040.2506.1878.2008.1290.2884.3018.1403.2107.574.1375.3167.83.1651.2418.2770.211.2309.1312.2930.2994.370.2816.2834.147.89.1162.2860.3012.568.2279.1356.1092.1048.2846.1962.1944.161.3227.1284.1525.2133.239.2852.899.1226.2115.2147.2940.149.43.1495.2103.2219.2325.1268.1750.1786.3185.1838.2888.3028.2643.1978.61.3270.3328.2035.3136.2661.2425.2629.3314.1051.2981.1095.802.3094.2645.3330.1859.2358.2979.591.3182.1053.1745.1911.2234.2571.3226.3240.1963.2609.2687.2839.2961.3059.2695.1345.1025.2477.1598.2535.2651.3003.1097.2224.2901.3196.3017.2064.2166.2370.2883.3126.495.2461.2813.2929.2987.1067.2493.2973.904.2583.2865.3005.3077.3214.358.1810.3135.2950.407.2335.3237.3251.2400.2604.2956.2968.159.3000.3038.3149.2526.2596.2488.2878.1270.2986.560.3075.3235.3253.117.1968.3119.2844.3093.1603.2414.2970.3217.2472.2650.2862.3002.3307.1985.430.1825.2156.1307.2278.2405.1031.2681.2917.3250.1440.1149.314.2027.2403.3190.3292.1725.1558.3234.2447.3074.1616.1188.839.1415.1880.2880.2271.2373.2387.2854.1152.1126.2898.3058.3095.2359.2772.1882.797.1276.436.2614.2838.291.2684.2882.1732.327.2343.2552.2922.3173.3315.1555.2656.3155.2534.979.3097.2642.3066.2510.1800.2612.2568.494.2670.2714.3127.2205.2920.2964.1583.2658.3209.1712.981.3215.1699.803.3300.2849.3053.1735.3009.2791.2893.415.1753.2322.192.236.371.2995.2130.2527.2821.70.2376.2056.1678.122.3188.2891.340.2909.20.144.2415.1929.2767.1227.2805.2863&gpp=DBABM~CQl5JrAQl5JrAAfFdGITCjFsAP_gAEPgAAYgLdtR9G9fbSFj8DZ3YbokYIwPxVho6sAhBgCAkmgFCLuELIwEhWEQIAyCIiACGBIAODQAIAEgGAgQQUAgIIABLADMYEAQYCBKICBAABIRIkAQCAgKAAAgUAAAgmBGAgQAiASNAZIASMwAgQAGEXAgKAAAAACQAQAIACEAQAEAAAAAQCgAgAAAgAAAAAAAABAIAAAAAAAAACAAAAAAAAAAAAAABAAAAICAACAAAAAAAAAAQiAAAAAAAACC3YAJBoVEEBZEAgQCAgBAAAEEQQAECAIAAAgIIAAAgYACQMABVhEgAAAgAAAAAAAAAAAAAACAAIAABAAACAACAQKAAAACAACAAgQAAwAUIAEAAICgAAIEAAAAAARAAAAIAAAAAQAEhAAAAAIAAQIAiAAAAAkAAAAAAAAAABAAAgAAAAAIAAAIAAAAAAAAAACBAAAAEAAAAgAAAAAAAAAAAAAAQAAAAAAAAAAAAABAAAAEAgAAAAAAAAgAAA&gpp_sid=2&google_gid=CAESEA7QmUODK2z0xyPCNmet7yg&google_cver=1:0
[   14039ms] [ERROR] Attestation check for Shared Storage on https://www.googleadservices.com failed. @ https://www.googleadservices.com/pagead/managed/js/activeview/current/reach_worklet.html:0
[   14079ms] [ERROR] Attestation check for Shared Storage on https://www.googleadservices.com failed. @ https://www.googleadservices.com/pagead/managed/js/activeview/current/reach_worklet.html:0
[   38932ms] [ERROR] Attestation check for Shared Storage on https://www.googleadservices.com failed. @ https://www.googleadservices.com/pagead/managed/js/activeview/current/reach_worklet.html:0
[   47335ms] [ERROR] Attestation check for Shared Storage on https://www.googleadservices.com failed. @ https://www.googleadservices.com/pagead/managed/js/activeview/current/reach_worklet.html:0
[   68477ms] [ERROR] Attestation check for Shared Storage on https://www.googleadservices.com failed. @ https://www.googleadservices.com/pagead/managed/js/activeview/current/reach_worklet.html:0
[   76493ms] [ERROR] Attestation check for Shared Storage on https://www.googleadservices.com failed. @ https://www.googleadservices.com/pagead/managed/js/activeview/current/reach_worklet.html:0
[   97758ms] Uncaught TypeError: Cannot read properties of undefined (reading 'version')
    at b (https://scripts.journeymv.com/tags/3.51.6/wrapper.min.js?bust=1504196159:1:289175)
    at <anonymous> (https://scripts.journeymv.com/tags/3.51.6/wrapper.min.js?bust=1504196159:1:101126)
    at <anonymous> (https://scripts.journeymv.com/tags/3.51.6/wrapper.min.js?bust=1504196159:1:100766)
[   97767ms] [ERROR] Attestation check for Shared Storage on https://www.googleadservices.com failed. @ https://www.googleadservices.com/pagead/managed/js/activeview/current/reach_worklet.html:0
[  101882ms] [WARNING] The resource https://securepubads.g.doubleclick.net/tag/js/gpt.js was preloaded using link preload but not used within a few seconds from the window's load event. Please make sure it has an appropriate `as` value and it is preloaded intentionally. @ https://expiter.com/blog/articles/:0
[  101899ms] Uncaught TypeError: Cannot read properties of undefined (reading 'version')
    at b (https://scripts.journeymv.com/tags/3.51.6/wrapper.min.js?bust=1504196159:1:289175)
    at <anonymous> (https://scripts.journeymv.com/tags/3.51.6/wrapper.min.js?bust=1504196159:1:101126)
    at <anonymous> (https://scripts.journeymv.com/tags/3.51.6/wrapper.min.js?bust=1504196159:1:100766)
[  104900ms] [WARNING] The resource https://securepubads.g.doubleclick.net/tag/js/gpt.js was preloaded using link preload but not used within a few seconds from the window's load event. Please make sure it has an appropriate `as` value and it is preloaded intentionally. @ https://expiter.com/blog/articles/:0
[  110881ms] [WARNING] The resource https://securepubads.g.doubleclick.net/tag/js/gpt.js was preloaded using link preload but not used within a few seconds from the window's load event. Please make sure it has an appropriate `as` value and it is preloaded intentionally. @ https://expiter.com/blog/articles/:0
[  120882ms] [WARNING] The resource https://securepubads.g.doubleclick.net/tag/js/gpt.js was preloaded using link preload but not used within a few seconds from the window's load event. Please make sure it has an appropriate `as` value and it is preloaded intentionally. @ https://expiter.com/blog/articles/:0
[  125119ms] [WARNING] The resource https://securepubads.g.doubleclick.net/tag/js/gpt.js was preloaded using link preload but not used within a few seconds from the window's load event. Please make sure it has an appropriate `as` value and it is preloaded intentionally. @ https://expiter.com/blog/articles/:0
[   11506ms] [ERROR] Failed to load resource: the server responded with a status of 404 () @ https://ad.sxp.smartclip.net/sync?type=host&dsp=10&dspuuid=CAESEKBPdiGONJvUgVvfvcG7Egc&gdpr=1&gdpr_consent=CQl5JrAQl5JrAAfFdGITCjFsAP_gAEPgAAYgLdtR9G9fbSFj8DZ3YbokYIwPxVho6sAhBgCAkmgFCLuELIwEhWEQIAyCIiACGBIAODQAIAEgGAgQQUAgIIABLADMYEAQYCBKICBAABIRIkAQCAgKAAAgUAAAgmBGAgQAiASNAZIASMwAgQAGEXAgKAAAAACQAQAIACEAQAEAAAAAQCgAgAAAgAAAAAAAABAIAAAAAAAAACAAAAAAAAAAAAAABAAAAICAACAAAAAAAAAAQiAAAAAAAACC3YAJBoVEEBZEAgQCAgBAAAEEQQAECAIAAAgIIAAAgYACQMABVhEgAAAgAAAAAAAAAAAAAACAAIAABAAACAACAQKAAAACAACAAgQAAwAUIAEAAICgAAIEAAAAAARAAAAIAAAAAQAEhAAAAAIAAQIAiAAAAAkAAAAAAAAAABAAAgAAAAAIAAAIAAAAAAAAAACBAAAAEAAAAgAAAAAAAAAAAAAAQAAAAAAAAAAAAABAAAAEAgAAAAAAAAgAAA.ILdtR9G9fbSFn8DZ3YbokYIwfxVho6sAhBgCAkmgFCLuELIwElWESIAyCIiACGBIAODQAIAEoGAgQQUAgIIABLBDsYEAQYCBKICBAADIRYkAQCAgKAAAgUAAAgmBGAgQAiASNAZIASMwAgQAmEXAgKIAAAACQAQAIACEAQAEAACAAQCgAgAAAgAAAAAAAABAIEAAAAQAAACAAAAAAAAAAAAAABAAAAICAACAAAAAEAAAAQiAAAAAAAAC&addtl_consent=1~2997.367.2415.2767.2927.144.1929.1227.2805.2863.2891.122.3188.2376.1678.2909.2056.20.2130.2821.70.2527.340.371.2995.236.415.192.2322.1753.3009.1735.2791.3053.3300.2849.2893.803.1699.3215.3209.2658.981.1712.1583.3127.494.2568.2670.2920.2205.3066.2510.1800.2612.2714.2964.3097.2534.979.2642.3155.1555.3173.3315.2656.2552.2343.2922.1732.327.291.2684.2838.1276.2614.2882.1882.436.2359.2772.3095.797.1152.2387.2271.2373.2854.2880.2898.1126.1415.1880.3058.839.1188.3074.1616.2447.1558.3234.3190.2403.3292.1725.2027.314.1149.3250.1440.2917.2405.2156.2278.2681.1825.1307.1031.3307.1985.430.2472.2414.3217.2650.2844.2862.2970.3002.1603.3093.1968.3119.3235.3253.1270.3075.117.2488.2986.560.2526.2596.2878.3000.3149.2968.3038.2400.2335.159.2604.2956.3135.3237.358.1810.3077.3251.3214.2583.2865.3005.2950.407.904.2493.2973.2461.2813.1067.2929.495.2883.2987.3126.2064.2166.2370.3196.1097.2224.2535.2651.2901.3003.3017.1025.1598.2477.1345.2695.3059.2687.2609.2839.3226.1963.1911.2234.2571.3240.3182.1745.1053.2961.2358.591.2979.3330.802.2645.3094.1859.1051.1095.3314.2425.2629.3136.2661.2981.3270.2643.3328.2035.1838.1978.2888.3028.3185.61.1268.2219.1495.149.1786.43.2325.2940.1750.899.2103.239.2115.1525.2133.161.1226.1284.2147.2852.1048.568.1962.1092.1162.3227.1944.3012.2279.147.2834.2846.2860.1356.2309.2816.89.2994.1312.370.2930.211.1651.1375.2418.3167.83.1403.574.2107.2770.3018.1290.2506.2884.2008.2812.1040.143.259.2416.1878.2652.2768.3016.1186.2225.3223.2109.2900.2003.55.1548.2047.1514.2887.385.3076.3236.2282.184.3230.2605.2531.310.3324.2633.1135.1584.1827.2985.2140.523.3043.3106.1512.820.1917.2621.1047.3194.1969.2222.2577.46.2559.2336.2220.1107.3296.2501.2072.2427.429.1889.2817.2875.2983.266.196.2090.2186.1301.322.3228.2517.2677.3184.2889.2895.2074.3055.2801.2941.2999.2918.2088.2610.445.1964.3225.2572.2468.2584.2784.2974.1697.1252.2628.2698.135.2660.2980.1449.1840.1667.2798.1003.442.93.2830.3034.1419.1579.2874.1716.3210.2657.1832.3172.424.2465.1540.1638.230.108.2713.2949.2963.1682.1843.3238.3244.2039.3112.1416.3316.587.3272.1570.1143.3120.2965.1967.2575.3222.2787.3260.124.2453.1845.2569.2729.2947.3099.2253.737.3187.3052.2886.985.3231.3257.3008.2484.311.1870.2295.1455.1046.2377.2498.2850.1942.3189.1782.2908.323.3010.2331.3117.522.931.1677.2564.2916.3070.3073.3109.486.2636.576.313.550.2440.2542.2792.2894.3089.3293.2778.3145.2486.1166.2044.2690.2966.3151.2646.3306.3128.286.2567.2669.2779.2328.2881.3288.938.2975.2354.2052.1721.864.2316.2867.1029.2124.2931.1516.2068.922.3019.3130.2897.1099.491.3063.1365.1027.3290.3318.2831.2869.272.1205&gpp=DBABM~CQl5JrAQl5JrAAfFdGITCjFsAP_gAEPgAAYgLdtR9G9fbSFj8DZ3YbokYIwPxVho6sAhBgCAkmgFCLuELIwEhWEQIAyCIiACGBIAODQAIAEgGAgQQUAgIIABLADMYEAQYCBKICBAABIRIkAQCAgKAAAgUAAAgmBGAgQAiASNAZIASMwAgQAGEXAgKAAAAACQAQAIACEAQAEAAAAAQCgAgAAAgAAAAAAAABAIAAAAAAAAACAAAAAAAAAAAAAABAAAAICAACAAAAAAAAAAQiAAAAAAAACC3YAJBoVEEBZEAgQCAgBAAAEEQQAECAIAAAgIIAAAgYACQMABVhEgAAAgAAAAAAAAAAAAAACAAIAABAAACAACAQKAAAACAACAAgQAAwAUIAEAAICgAAIEAAAAAARAAAAIAAAAAQAEhAAAAAIAAQIAiAAAAAkAAAAAAAAAABAAAgAAAAAIAAAIAAAAAAAAAACBAAAAEAAAAgAAAAAAAAAAAAAAQAAAAAAAAAAAAABAAAAEAgAAAAAAAAgAAA&gpp_sid=2&google_cver=1:0
[   67824ms] [ERROR] Failed to load resource: net::ERR_NAME_NOT_RESOLVED @ https://sync.search.spotxchange.com/partner?adv_id=7025&gdpr=1&gdpr_consent=CQl5JrAQl5JrAAfFdGITCjFsAP_gAEPgAAYgLdtR9G9fbSFj8DZ3YbokYIwPxVho6sAhBgCAkmgFCLuELIwEhWEQIAyCIiACGBIAODQAIAEgGAgQQUAgIIABLADMYEAQYCBKICBAABIRIkAQCAgKAAAgUAAAgmBGAgQAiASNAZIASMwAgQAGEXAgKAAAAACQAQAIACEAQAEAAAAAQCgAgAAAgAAAAAAAABAIAAAAAAAAACAAAAAAAAAAAAAABAAAAICAACAAAAAAAAAAQiAAAAAAAACC3YAJBoVEEBZEAgQCAgBAAAEEQQAECAIAAAgIIAAAgYACQMABVhEgAAAgAAAAAAAAAAAAAACAAIAABAAACAACAQKAAAACAACAAgQAAwAUIAEAAICgAAIEAAAAAARAAAAIAAAAAQAEhAAAAAIAAQIAiAAAAAkAAAAAAAAAABAAAgAAAAAIAAAIAAAAAAAAAACBAAAAEAAAAgAAAAAAAAAAAAAAQAAAAAAAAAAAAABAAAAEAgAAAAAAAAgAAA.ILdtR9G9fbSFn8DZ3YbokYIwfxVho6sAhBgCAkmgFCLuELIwElWESIAyCIiACGBIAODQAIAEoGAgQQUAgIIABLBDsYEAQYCBKICBAADIRYkAQCAgKAAAgUAAAgmBGAgQAiASNAZIASMwAgQAmEXAgKIAAAACQAQAIACEAQAEAACAAQCgAgAAAgAAAAAAAABAIEAAAAQAAACAAAAAAAAAAAAAABAAAAICAACAAAAAEAAAAQiAAAAAAAAC&addtl_consent=1~2652.899.143.1186.2325.1750.259.1040.1878.2416.2768.2812.2900.2109.3016.2225.1651.55.3223.2418.3167.83.1375.2770.2884.1290.2008.2506.2930.574.1403.2633.3043.2985.3106.1584.3018.2107.2140.2531.1827.310.3324.3194.2222.2577.1135.1512.1917.1969.523.820.2621.2047.46.1548.1047.2003.2282.2605.184.3230.3236.2887.1514.385.3076.2677.3184.2517.2889.1301.322.3228.2895.3055.2801.2941.2999.2088.2074.445.1107.2336.2559.2501.3296.2220.196.266.1889.2072.2090.2186.2427.2817.429.1667.2875.2983.1449.1840.2874.1579.1716.2798.424.442.93.2830.3034.2610.1003.3225.2572.1419.2784.2918.1832.1964.2628.2698.2980.2660.2468.135.1252.1697.2584.2974.3272.1416.587.3112.3316.1143.2729.2947.1845.2453.2039.3120.1967.1570.2569.2575.3222.3260.2787.1540.2465.3210.2657.124.2965.3172.1682.2949.230.3238.3244.1843.108.2713.2963.1638.1870.2295.2484.311.2908.1782.931.3010.323.2498.2377.2850.1455.3189.1942.737.3099.1046.2253.3231.3257.3008.985.3187.2886.3052.2778.2440.2542.2792.2894.3089.2966.3293.1166.3151.2646.3145.2044.2486.2690.3073.1677.2564.2916.2331.522.3117.3070.576.2636.550.313.3109.2897.486.3063.3290.922.2068.3019.3130.272.491.1099.3318.367.2831.1205.2328.1365.938.1027.2052.3288.3306.2869.3128.286.1516.2669.2779.2124.2881.2931.1721.2567.2354.2975.2867.2316.864.1029.415.192.2995.2130.2322.1753.236.371.2527.3053.3300.70.2821.2849.2791.2893.3009.1735.1929.2415.144.2767.2997.2805.2863.2376.3188.2927.1678.2891.2909.340.1227.2656.20.1555.3173.2056.3097.3315.122.979.2534.3155.2642.327.1732.2343.2552.3209.2658.1712.2922.803.3215.1583.1699.981.1800.2510.3066.2612.2714.2964.3127.2568.2271.2205.2373.2670.2920.494.2854.2880.3058.2898.1152.2387.1126.839.1880.1188.1415.1276.2614.2882.2684.291.2838.3095.2772.797.1882.2359.436.2681.2405.2156.2278.1440.3250.2917.1985.1825.1307.3190.2403.3292.1031.1616.3074.2447.3234.1558.1149.314.2027.3149.3000.2968.1725.3038.2488.2526.2596.2878.2986.3135.3237.3251.1810.3077.358.2400.2956.2335.2604.2472.2650.3217.2862.2950.159.2414.3307.430.2970.3002.3235.560.3075.1270.3253.117.3093.2844.1603.3119.1345.1968.2695.2535.2477.1025.2651.1598.3003.2687.3059.2493.2461.407.2583.3214.2813.904.1067.2865.2929.2973.2987.3005.2224.2901.1097.3196.3017.3126.2883.495.2370.2064.2166.1051.1095.3270.3328.2035.2643.3314.2425.2629.2981.2661.2234.3136.3240.1745.1911.3182.1053.2609.2839.1963.2961.2571.3226.3330.1859.3094.802.2645.2979.591.2358.2846.1962.3227.568.1092.1162.1226.3012.1284.161.2279.2852.1944.370.1048.1312.2816.2309.147.2860.2994.211.89.1356.2834.2103.1495.2219.1786.3028.1838.2888.3185.1268.43.239.61.1978.1525.2133.2940.149.2115.2147&gpp=DBABM~CQl5JrAQl5JrAAfFdGITCjFsAP_gAEPgAAYgLdtR9G9fbSFj8DZ3YbokYIwPxVho6sAhBgCAkmgFCLuELIwEhWEQIAyCIiACGBIAODQAIAEgGAgQQUAgIIABLADMYEAQYCBKICBAABIRIkAQCAgKAAAgUAAAgmBGAgQAiASNAZIASMwAgQAGEXAgKAAAAACQAQAIACEAQAEAAAAAQCgAgAAAgAAAAAAAABAIAAAAAAAAACAAAAAAAAAAAAAABAAAAICAACAAAAAAAAAAQiAAAAAAAACC3YAJBoVEEBZEAgQCAgBAAAEEQQAECAIAAAgIIAAAgYACQMABVhEgAAAgAAAAAAAAAAAAAACAAIAABAAACAACAQKAAAACAACAAgQAAwAUIAEAAICgAAIEAAAAAARAAAAIAAAAAQAEhAAAAAIAAQIAiAAAAAkAAAAAAAAAABAAAgAAAAAIAAAIAAAAAAAAAACBAAAAEAAAAgAAAAAAAAAAAAAAQAAAAAAAAAAAAABAAAAEAgAAAAAAAAgAAA&gpp_sid=2&redir=https%3A%2F%2Fcm.g.doubleclick.net%2Fpixel%3Fgoogle_nid%3Dspotxchange_dbm%26google_hm%3D%24SPOTX_BASE64_USER_ID:0
[   67825ms] [ERROR] Failed to load resource: net::ERR_NAME_NOT_RESOLVED @ https://sync.search.spotxchange.com/partner?adv_id=7025&gdpr=1&gdpr_consent=CQl5JrAQl5JrAAfFdGITCjFsAP_gAEPgAAYgLdtR9G9fbSFj8DZ3YbokYIwPxVho6sAhBgCAkmgFCLuELIwEhWEQIAyCIiACGBIAODQAIAEgGAgQQUAgIIABLADMYEAQYCBKICBAABIRIkAQCAgKAAAgUAAAgmBGAgQAiASNAZIASMwAgQAGEXAgKAAAAACQAQAIACEAQAEAAAAAQCgAgAAAgAAAAAAAABAIAAAAAAAAACAAAAAAAAAAAAAABAAAAICAACAAAAAAAAAAQiAAAAAAAACC3YAJBoVEEBZEAgQCAgBAAAEEQQAECAIAAAgIIAAAgYACQMABVhEgAAAgAAAAAAAAAAAAAACAAIAABAAACAACAQKAAAACAACAAgQAAwAUIAEAAICgAAIEAAAAAARAAAAIAAAAAQAEhAAAAAIAAQIAiAAAAAkAAAAAAAAAABAAAgAAAAAIAAAIAAAAAAAAAACBAAAAEAAAAgAAAAAAAAAAAAAAQAAAAAAAAAAAAABAAAAEAgAAAAAAAAgAAA.ILdtR9G9fbSFn8DZ3YbokYIwfxVho6sAhBgCAkmgFCLuELIwElWESIAyCIiACGBIAODQAIAEoGAgQQUAgIIABLBDsYEAQYCBKICBAADIRYkAQCAgKAAAgUAAAgmBGAgQAiASNAZIASMwAgQAmEXAgKIAAAACQAQAIACEAQAEAACAAQCgAgAAAgAAAAAAAABAIEAAAAQAAACAAAAAAAAAAAAAABAAAAICAACAAAAAEAAAAQiAAAAAAAAC&addtl_consent=1~2652.899.143.1186.2325.1750.259.1040.1878.2416.2768.2812.2900.2109.3016.2225.1651.55.3223.2418.3167.83.1375.2770.2884.1290.2008.2506.2930.574.1403.2633.3043.2985.3106.1584.3018.2107.2140.2531.1827.310.3324.3194.2222.2577.1135.1512.1917.1969.523.820.2621.2047.46.1548.1047.2003.2282.2605.184.3230.3236.2887.1514.385.3076.2677.3184.2517.2889.1301.322.3228.2895.3055.2801.2941.2999.2088.2074.445.1107.2336.2559.2501.3296.2220.196.266.1889.2072.2090.2186.2427.2817.429.1667.2875.2983.1449.1840.2874.1579.1716.2798.424.442.93.2830.3034.2610.1003.3225.2572.1419.2784.2918.1832.1964.2628.2698.2980.2660.2468.135.1252.1697.2584.2974.3272.1416.587.3112.3316.1143.2729.2947.1845.2453.2039.3120.1967.1570.2569.2575.3222.3260.2787.1540.2465.3210.2657.124.2965.3172.1682.2949.230.3238.3244.1843.108.2713.2963.1638.1870.2295.2484.311.2908.1782.931.3010.323.2498.2377.2850.1455.3189.1942.737.3099.1046.2253.3231.3257.3008.985.3187.2886.3052.2778.2440.2542.2792.2894.3089.2966.3293.1166.3151.2646.3145.2044.2486.2690.3073.1677.2564.2916.2331.522.3117.3070.576.2636.550.313.3109.2897.486.3063.3290.922.2068.3019.3130.272.491.1099.3318.367.2831.1205.2328.1365.938.1027.2052.3288.3306.2869.3128.286.1516.2669.2779.2124.2881.2931.1721.2567.2354.2975.2867.2316.864.1029.415.192.2995.2130.2322.1753.236.371.2527.3053.3300.70.2821.2849.2791.2893.3009.1735.1929.2415.144.2767.2997.2805.2863.2376.3188.2927.1678.2891.2909.340.1227.2656.20.1555.3173.2056.3097.3315.122.979.2534.3155.2642.327.1732.2343.2552.3209.2658.1712.2922.803.3215.1583.1699.981.1800.2510.3066.2612.2714.2964.3127.2568.2271.2205.2373.2670.2920.494.2854.2880.3058.2898.1152.2387.1126.839.1880.1188.1415.1276.2614.2882.2684.291.2838.3095.2772.797.1882.2359.436.2681.2405.2156.2278.1440.3250.2917.1985.1825.1307.3190.2403.3292.1031.1616.3074.2447.3234.1558.1149.314.2027.3149.3000.2968.1725.3038.2488.2526.2596.2878.2986.3135.3237.3251.1810.3077.358.2400.2956.2335.2604.2472.2650.3217.2862.2950.159.2414.3307.430.2970.3002.3235.560.3075.1270.3253.117.3093.2844.1603.3119.1345.1968.2695.2535.2477.1025.2651.1598.3003.2687.3059.2493.2461.407.2583.3214.2813.904.1067.2865.2929.2973.2987.3005.2224.2901.1097.3196.3017.3126.2883.495.2370.2064.2166.1051.1095.3270.3328.2035.2643.3314.2425.2629.2981.2661.2234.3136.3240.1745.1911.3182.1053.2609.2839.1963.2961.2571.3226.3330.1859.3094.802.2645.2979.591.2358.2846.1962.3227.568.1092.1162.1226.3012.1284.161.2279.2852.1944.370.1048.1312.2816.2309.147.2860.2994.211.89.1356.2834.2103.1495.2219.1786.3028.1838.2888.3185.1268.43.239.61.1978.1525.2133.2940.149.2115.2147&gpp=DBABM~CQl5JrAQl5JrAAfFdGITCjFsAP_gAEPgAAYgLdtR9G9fbSFj8DZ3YbokYIwPxVho6sAhBgCAkmgFCLuELIwEhWEQIAyCIiACGBIAODQAIAEgGAgQQUAgIIABLADMYEAQYCBKICBAABIRIkAQCAgKAAAgUAAAgmBGAgQAiASNAZIASMwAgQAGEXAgKAAAAACQAQAIACEAQAEAAAAAQCgAgAAAgAAAAAAAABAIAAAAAAAAACAAAAAAAAAAAAAABAAAAICAACAAAAAAAAAAQiAAAAAAAACC3YAJBoVEEBZEAgQCAgBAAAEEQQAECAIAAAgIIAAAgYACQMABVhEgAAAgAAAAAAAAAAAAAACAAIAABAAACAACAQKAAAACAACAAgQAAwAUIAEAAICgAAIEAAAAAARAAAAIAAAAAQAEhAAAAAIAAQIAiAAAAAkAAAAAAAAAABAAAgAAAAAIAAAIAAAAAAAAAACBAAAAEAAAAgAAAAAAAAAAAAAAQAAAAAAAAAAAAABAAAAEAgAAAAAAAAgAAA&gpp_sid=2&uid=CAESEC15bMnw4M8nzD2tlc8o1cc&google_cver=1:0
[   97096ms] [ERROR] Failed to load resource: the server responded with a status of 404 () @ https://bcp.crwdcntrl.net/gmap/?gdpr=1&gdpr_consent=CQl5JrAQl5JrAAfFdGITCjFsAP_gAEPgAAYgLdtR9G9fbSFj8DZ3YbokYIwPxVho6sAhBgCAkmgFCLuELIwEhWEQIAyCIiACGBIAODQAIAEgGAgQQUAgIIABLADMYEAQYCBKICBAABIRIkAQCAgKAAAgUAAAgmBGAgQAiASNAZIASMwAgQAGEXAgKAAAAACQAQAIACEAQAEAAAAAQCgAgAAAgAAAAAAAABAIAAAAAAAAACAAAAAAAAAAAAAABAAAAICAACAAAAAAAAAAQiAAAAAAAACC3YAJBoVEEBZEAgQCAgBAAAEEQQAECAIAAAgIIAAAgYACQMABVhEgAAAgAAAAAAAAAAAAAACAAIAABAAACAACAQKAAAACAACAAgQAAwAUIAEAAICgAAIEAAAAAARAAAAIAAAAAQAEhAAAAAIAAQIAiAAAAAkAAAAAAAAAABAAAgAAAAAIAAAIAAAAAAAAAACBAAAAEAAAAgAAAAAAAAAAAAAAQAAAAAAAAAAAAABAAAAEAgAAAAAAAAgAAA.ILdtR9G9fbSFn8DZ3YbokYIwfxVho6sAhBgCAkmgFCLuELIwElWESIAyCIiACGBIAODQAIAEoGAgQQUAgIIABLBDsYEAQYCBKICBAADIRYkAQCAgKAAAgUAAAgmBGAgQAiASNAZIASMwAgQAmEXAgKIAAAACQAQAIACEAQAEAACAAQCgAgAAAgAAAAAAAABAIEAAAAQAAACAAAAAAAAAAAAAABAAAAICAACAAAAAEAAAAQiAAAAAAAAC&addtl_consent=1~2997.2927.367.272.2869.1205.2831.3318.3063.1027.3290.2897.1365.3130.3019.1099.2068.922.491.2931.2124.1516.864.2867.2354.2975.2316.2052.1721.3288.938.1029.286.2881.3128.2328.3306.2567.3151.2646.2669.2779.2486.2044.2690.3145.2778.1166.2966.3089.3293.2440.2542.2792.2894.550.2636.313.3109.576.2564.2916.3073.486.1677.3070.522.2331.3117.323.931.1782.2908.3010.1046.1455.2377.2498.1942.2850.2295.3189.1870.2484.311.3231.3008.3257.3187.2886.3052.985.737.2253.3099.2453.2569.1845.2729.2947.2965.124.1570.1967.3120.2575.3222.2787.3260.3272.2039.3112.587.3316.1416.1843.3238.1143.2949.230.3244.108.2713.1682.2963.2465.1638.1540.3172.2657.3210.2874.1716.1579.1832.1003.93.424.3034.2798.442.1667.2830.1419.1840.1449.2660.2628.2698.2974.2980.1252.135.1697.1964.2468.2572.3225.2584.2610.2784.2918.445.2801.2941.2999.2074.3184.2088.3055.2677.3228.1301.2889.2895.322.2517.2090.1889.2186.196.266.2875.2983.2427.2072.2501.2817.2336.429.3296.1107.2559.2220.2577.46.3194.1969.2222.2621.1917.1512.523.820.1584.1047.2633.3043.310.3106.3324.2985.1827.2531.2140.3230.184.1135.2605.2282.3076.1514.3236.2887.385.1548.2047.2003.3223.2109.2225.3016.2900.2416.55.2768.1186.143.2652.2812.259.1040.2506.1878.2008.1290.2884.3018.1403.2107.574.1375.3167.83.1651.2418.2770.211.2309.1312.2930.2994.370.2816.2834.147.89.1162.2860.3012.568.2279.1356.1092.1048.2846.1962.1944.161.3227.1284.1525.2133.239.2852.899.1226.2115.2147.2940.149.43.1495.2103.2219.2325.1268.1750.1786.3185.1838.2888.3028.2643.1978.61.3270.3328.2035.3136.2661.2425.2629.3314.1051.2981.1095.802.3094.2645.3330.1859.2358.2979.591.3182.1053.1745.1911.2234.2571.3226.3240.1963.2609.2687.2839.2961.3059.2695.1345.1025.2477.1598.2535.2651.3003.1097.2224.2901.3196.3017.2064.2166.2370.2883.3126.495.2461.2813.2929.2987.1067.2493.2973.904.2583.2865.3005.3077.3214.358.1810.3135.2950.407.2335.3237.3251.2400.2604.2956.2968.159.3000.3038.3149.2526.2596.2488.2878.1270.2986.560.3075.3235.3253.117.1968.3119.2844.3093.1603.2414.2970.3217.2472.2650.2862.3002.3307.1985.430.1825.2156.1307.2278.2405.1031.2681.2917.3250.1440.1149.314.2027.2403.3190.3292.1725.1558.3234.2447.3074.1616.1188.839.1415.1880.2880.2271.2373.2387.2854.1152.1126.2898.3058.3095.2359.2772.1882.797.1276.436.2614.2838.291.2684.2882.1732.327.2343.2552.2922.3173.3315.1555.2656.3155.2534.979.3097.2642.3066.2510.1800.2612.2568.494.2670.2714.3127.2205.2920.2964.1583.2658.3209.1712.981.3215.1699.803.3300.2849.3053.1735.3009.2791.2893.415.1753.2322.192.236.371.2995.2130.2527.2821.70.2376.2056.1678.122.3188.2891.340.2909.20.144.2415.1929.2767.1227.2805.2863&gpp=DBABM~CQl5JrAQl5JrAAfFdGITCjFsAP_gAEPgAAYgLdtR9G9fbSFj8DZ3YbokYIwPxVho6sAhBgCAkmgFCLuELIwEhWEQIAyCIiACGBIAODQAIAEgGAgQQUAgIIABLADMYEAQYCBKICBAABIRIkAQCAgKAAAgUAAAgmBGAgQAiASNAZIASMwAgQAGEXAgKAAAAACQAQAIACEAQAEAAAAAQCgAgAAAgAAAAAAAABAIAAAAAAAAACAAAAAAAAAAAAAABAAAAICAACAAAAAAAAAAQiAAAAAAAACC3YAJBoVEEBZEAgQCAgBAAAEEQQAECAIAAAgIIAAAgYACQMABVhEgAAAgAAAAAAAAAAAAAACAAIAABAAACAACAQKAAAACAACAAgQAAwAUIAEAAICgAAIEAAAAAARAAAAIAAAAAQAEhAAAAAIAAQIAiAAAAAkAAAAAAAAAABAAAgAAAAAIAAAIAAAAAAAAAACBAAAAEAAAAgAAAAAAAAAAAAAAQAAAAAAAAAAAAABAAAAEAgAAAAAAAAgAAA&gpp_sid=2&google_gid=CAESEA7QmUODK2z0xyPCNmet7yg&google_cver=1:0
[  126067ms] [ERROR] Failed to load resource: net::ERR_NAME_NOT_RESOLVED @ https://tags.bluekai.com/site/2981?redir=https%3A%2F%2Fcm.g.doubleclick.net%2Fpixel%3Fgoogle_nid%3Dbluekai%26google_hm%3D%24_BK_UUID_B64&gdpr=1&gdpr_consent=CQl5JrAQl5JrAAfFdGITCjFsAP_gAEPgAAYgLdtR9G9fbSFj8DZ3YbokYIwPxVho6sAhBgCAkmgFCLuELIwEhWEQIAyCIiACGBIAODQAIAEgGAgQQUAgIIABLADMYEAQYCBKICBAABIRIkAQCAgKAAAgUAAAgmBGAgQAiASNAZIASMwAgQAGEXAgKAAAAACQAQAIACEAQAEAAAAAQCgAgAAAgAAAAAAAABAIAAAAAAAAACAAAAAAAAAAAAAABAAAAICAACAAAAAAAAAAQiAAAAAAAACC3YAJBoVEEBZEAgQCAgBAAAEEQQAECAIAAAgIIAAAgYACQMABVhEgAAAgAAAAAAAAAAAAAACAAIAABAAACAACAQKAAAACAACAAgQAAwAUIAEAAICgAAIEAAAAAARAAAAIAAAAAQAEhAAAAAIAAQIAiAAAAAkAAAAAAAAAABAAAgAAAAAIAAAIAAAAAAAAAACBAAAAEAAAAgAAAAAAAAAAAAAAQAAAAAAAAAAAAABAAAAEAgAAAAAAAAgAAA.ILdtR9G9fbSFn8DZ3YbokYIwfxVho6sAhBgCAkmgFCLuELIwElWESIAyCIiACGBIAODQAIAEoGAgQQUAgIIABLBDsYEAQYCBKICBAADIRYkAQCAgKAAAgUAAAgmBGAgQAiASNAZIASMwAgQAmEXAgKIAAAACQAQAIACEAQAEAACAAQCgAgAAAgAAAAAAAABAIEAAAAQAAACAAAAAAAAAAAAAABAAAAICAACAAAAAEAAAAQiAAAAAAAAC&addtl_consent=1~2979.591.2358.1135.3043.3330.2140.802.1859.2645.3094.2609.3226.1963.1911.2234.2571.3240.2839.1745.1053.3182.2961.3314.2425.2629.3136.2661.2981.3270.3328.2643.2035.1095.1051.149.2115.2940.2325.1750.899.239.2147.1525.1838.3028.1978.2888.61.3185.2133.1268.1495.43.147.1786.2103.2219.2860.2834.370.1356.2309.89.1312.2994.161.211.2816.1226.1284.568.1962.1944.1162.1048.1092.2279.3012.2844.2846.2852.1603.3093.1968.3119.3227.3235.3253.1270.3075.117.3307.560.430.2472.2650.2862.2414.3002.2970.3217.2400.2335.159.2604.2956.3135.3237.358.1810.3077.2488.3251.2526.3149.2596.2878.2950.2986.2968.3000.3126.2883.495.3038.2064.2370.2166.3196.1097.2224.2901.3017.2583.2865.3214.2973.407.904.2493.3005.2461.2813.1067.2929.2987.3059.2687.2535.2651.3003.1598.2477.2695.1025.1345.1882.436.797.2359.2772.3095.291.2684.2838.1276.2614.2882.1880.1415.839.1188.1152.2387.2898.2271.1126.2373.2854.2880.1725.314.2027.3058.1149.3074.1616.2447.1558.3234.3190.2403.3292.1825.1307.1031.1985.3250.2917.1440.2405.2156.2278.2681.1227.2056.2891.2909.122.3188.2376.1678.2927.2997.20.340.2415.1929.2767.144.2791.2805.1735.2863.2893.2849.3300.3009.3053.2130.2527.2821.70.2995.236.192.371.1753.415.2322.3127.494.2920.2568.2670.2205.3066.2510.1800.2612.2714.803.1699.3215.2964.2658.981.3209.1712.1583.2552.2343.2922.1732.327.3097.3155.2534.2642.1555.979.2656.3173.3315.486.3109.2636.576.313.2331.3117.522.550.1677.3073.2564.2916.3070.3145.2486.2044.2690.2966.3151.2646.2440.2542.2792.2894.3089.3293.2778.2975.1721.2354.864.2124.1029.1166.2931.1516.2316.2867.3306.3128.2881.286.2567.2669.2328.2779.2052.938.3288.1365.1027.3318.2869.2831.1205.272.2068.922.491.367.2897.3019.3130.3290.3063.1099.1638.2713.230.108.2949.1682.2963.3238.1843.3210.2657.3244.3172.2465.1540.1967.1570.3120.3222.2965.2575.3260.2787.124.2453.1845.2569.2729.1416.1143.2039.2947.3112.587.3316.3272.3187.3052.2886.985.3231.3257.3008.3099.2253.737.1455.2498.2377.2850.1942.3189.1046.1782.2908.323.3010.311.2484.931.2295.1870.2983.2427.429.1889.2072.2817.2875.266.196.2090.2186.2559.2336.2220.1107.3296.2501.2074.2801.2941.2999.445.2088.322.3228.2517.1301.2895.2677.3184.2889.3055.2468.2584.2974.1697.2628.2698.2980.135.2660.1252.2918.2610.1964.3225.2572.2784.2798.1003.442.93.1832.2830.1716.1419.2874.3034.1579.1840.424.1449.1667.1403.574.2107.3018.1290.2008.2506.2884.2930.1651.1375.2418.2770.83.3167.2225.2109.3223.2900.3016.1040.2812.55.143.1186.259.2768.1878.2887.1514.385.3076.2416.3236.2652.2282.184.3230.2605.2003.2047.1548.523.1512.1917.820.2621.3194.1047.2577.1969.2222.2531.46.310.3324.1827.2633.3106.2985.1584&gpp=DBABM~CQl5JrAQl5JrAAfFdGITCjFsAP_gAEPgAAYgLdtR9G9fbSFj8DZ3YbokYIwPxVho6sAhBgCAkmgFCLuELIwEhWEQIAyCIiACGBIAODQAIAEgGAgQQUAgIIABLADMYEAQYCBKICBAABIRIkAQCAgKAAAgUAAAgmBGAgQAiASNAZIASMwAgQAGEXAgKAAAAACQAQAIACEAQAEAAAAAQCgAgAAAgAAAAAAAABAIAAAAAAAAACAAAAAAAAAAAAAABAAAAICAACAAAAAAAAAAQiAAAAAAAACC3YAJBoVEEBZEAgQCAgBAAAEEQQAECAIAAAgIIAAAgYACQMABVhEgAAAgAAAAAAAAAAAAAACAAIAABAAACAACAQKAAAACAACAAgQAAwAUIAEAAICgAAIEAAAAAARAAAAIAAAAAQAEhAAAAAIAAQIAiAAAAAkAAAAAAAAAABAAAgAAAAAIAAAIAAAAAAAAAACBAAAAEAAAAgAAAAAAAAAAAAAAQAAAAAAAAAAAAABAAAAEAgAAAAAAAAgAAA&gpp_sid=2:0
[  126068ms] [ERROR] Failed to load resource: net::ERR_NAME_NOT_RESOLVED @ https://tags.bluekai.com/site/2981?id=&gdpr=1&gdpr_consent=CQl5JrAQl5JrAAfFdGITCjFsAP_gAEPgAAYgLdtR9G9fbSFj8DZ3YbokYIwPxVho6sAhBgCAkmgFCLuELIwEhWEQIAyCIiACGBIAODQAIAEgGAgQQUAgIIABLADMYEAQYCBKICBAABIRIkAQCAgKAAAgUAAAgmBGAgQAiASNAZIASMwAgQAGEXAgKAAAAACQAQAIACEAQAEAAAAAQCgAgAAAgAAAAAAAABAIAAAAAAAAACAAAAAAAAAAAAAABAAAAICAACAAAAAAAAAAQiAAAAAAAACC3YAJBoVEEBZEAgQCAgBAAAEEQQAECAIAAAgIIAAAgYACQMABVhEgAAAgAAAAAAAAAAAAAACAAIAABAAACAACAQKAAAACAACAAgQAAwAUIAEAAICgAAIEAAAAAARAAAAIAAAAAQAEhAAAAAIAAQIAiAAAAAkAAAAAAAAAABAAAgAAAAAIAAAIAAAAAAAAAACBAAAAEAAAAgAAAAAAAAAAAAAAQAAAAAAAAAAAAABAAAAEAgAAAAAAAAgAAA.ILdtR9G9fbSFn8DZ3YbokYIwfxVho6sAhBgCAkmgFCLuELIwElWESIAyCIiACGBIAODQAIAEoGAgQQUAgIIABLBDsYEAQYCBKICBAADIRYkAQCAgKAAAgUAAAgmBGAgQAiASNAZIASMwAgQAmEXAgKIAAAACQAQAIACEAQAEAACAAQCgAgAAAgAAAAAAAABAIEAAAAQAAACAAAAAAAAAAAAAABAAAAICAACAAAAAEAAAAQiAAAAAAAAC&addtl_consent=1~2979.591.2358.1135.3043.3330.2140.802.1859.2645.3094.2609.3226.1963.1911.2234.2571.3240.2839.1745.1053.3182.2961.3314.2425.2629.3136.2661.2981.3270.3328.2643.2035.1095.1051.149.2115.2940.2325.1750.899.239.2147.1525.1838.3028.1978.2888.61.3185.2133.1268.1495.43.147.1786.2103.2219.2860.2834.370.1356.2309.89.1312.2994.161.211.2816.1226.1284.568.1962.1944.1162.1048.1092.2279.3012.2844.2846.2852.1603.3093.1968.3119.3227.3235.3253.1270.3075.117.3307.560.430.2472.2650.2862.2414.3002.2970.3217.2400.2335.159.2604.2956.3135.3237.358.1810.3077.2488.3251.2526.3149.2596.2878.2950.2986.2968.3000.3126.2883.495.3038.2064.2370.2166.3196.1097.2224.2901.3017.2583.2865.3214.2973.407.904.2493.3005.2461.2813.1067.2929.2987.3059.2687.2535.2651.3003.1598.2477.2695.1025.1345.1882.436.797.2359.2772.3095.291.2684.2838.1276.2614.2882.1880.1415.839.1188.1152.2387.2898.2271.1126.2373.2854.2880.1725.314.2027.3058.1149.3074.1616.2447.1558.3234.3190.2403.3292.1825.1307.1031.1985.3250.2917.1440.2405.2156.2278.2681.1227.2056.2891.2909.122.3188.2376.1678.2927.2997.20.340.2415.1929.2767.144.2791.2805.1735.2863.2893.2849.3300.3009.3053.2130.2527.2821.70.2995.236.192.371.1753.415.2322.3127.494.2920.2568.2670.2205.3066.2510.1800.2612.2714.803.1699.3215.2964.2658.981.3209.1712.1583.2552.2343.2922.1732.327.3097.3155.2534.2642.1555.979.2656.3173.3315.486.3109.2636.576.313.2331.3117.522.550.1677.3073.2564.2916.3070.3145.2486.2044.2690.2966.3151.2646.2440.2542.2792.2894.3089.3293.2778.2975.1721.2354.864.2124.1029.1166.2931.1516.2316.2867.3306.3128.2881.286.2567.2669.2328.2779.2052.938.3288.1365.1027.3318.2869.2831.1205.272.2068.922.491.367.2897.3019.3130.3290.3063.1099.1638.2713.230.108.2949.1682.2963.3238.1843.3210.2657.3244.3172.2465.1540.1967.1570.3120.3222.2965.2575.3260.2787.124.2453.1845.2569.2729.1416.1143.2039.2947.3112.587.3316.3272.3187.3052.2886.985.3231.3257.3008.3099.2253.737.1455.2498.2377.2850.1942.3189.1046.1782.2908.323.3010.311.2484.931.2295.1870.2983.2427.429.1889.2072.2817.2875.266.196.2090.2186.2559.2336.2220.1107.3296.2501.2074.2801.2941.2999.445.2088.322.3228.2517.1301.2895.2677.3184.2889.3055.2468.2584.2974.1697.2628.2698.2980.135.2660.1252.2918.2610.1964.3225.2572.2784.2798.1003.442.93.1832.2830.1716.1419.2874.3034.1579.1840.424.1449.1667.1403.574.2107.3018.1290.2008.2506.2884.2930.1651.1375.2418.2770.83.3167.2225.2109.3223.2900.3016.1040.2812.55.143.1186.259.2768.1878.2887.1514.385.3076.2416.3236.2652.2282.184.3230.2605.2003.2047.1548.523.1512.1917.820.2621.3194.1047.2577.1969.2222.2531.46.310.3324.1827.2633.3106.2985.1584&gpp=DBABM~CQl5JrAQl5JrAAfFdGITCjFsAP_gAEPgAAYgLdtR9G9fbSFj8DZ3YbokYIwPxVho6sAhBgCAkmgFCLuELIwEhWEQIAyCIiACGBIAODQAIAEgGAgQQUAgIIABLADMYEAQYCBKICBAABIRIkAQCAgKAAAgUAAAgmBGAgQAiASNAZIASMwAgQAGEXAgKAAAAACQAQAIACEAQAEAAAAAQCgAgAAAgAAAAAAAABAIAAAAAAAAACAAAAAAAAAAAAAABAAAAICAACAAAAAAAAAAQiAAAAAAAACC3YAJBoVEEBZEAgQCAgBAAAEEQQAECAIAAAgIIAAAgYACQMABVhEgAAAgAAAAAAAAAAAAAACAAIAABAAACAACAQKAAAACAACAAgQAAwAUIAEAAICgAAIEAAAAAARAAAAIAAAAAQAEhAAAAAIAAQIAiAAAAAkAAAAAAAAAABAAAgAAAAAIAAAIAAAAAAAAAACBAAAAEAAAAgAAAAAAAAAAAAAAQAAAAAAAAAAAAABAAAAEAgAAAAAAAAgAAA&gpp_sid=2&google_gid=CAESEN-xPXHxCrtITAl4Wz4bhFQ&google_cver=1:0
[   14039ms] [ERROR] Attestation check for Shared Storage on https://www.googleadservices.com failed. @ https://www.googleadservices.com/pagead/managed/js/activeview/current/reach_worklet.html:0
[   14079ms] [ERROR] Attestation check for Shared Storage on https://www.googleadservices.com failed. @ https://www.googleadservices.com/pagead/managed/js/activeview/current/reach_worklet.html:0
[   38932ms] [ERROR] Attestation check for Shared Storage on https://www.googleadservices.com failed. @ https://www.googleadservices.com/pagead/managed/js/activeview/current/reach_worklet.html:0
[   47335ms] [ERROR] Attestation check for Shared Storage on https://www.googleadservices.com failed. @ https://www.googleadservices.com/pagead/managed/js/activeview/current/reach_worklet.html:0
[   68477ms] [ERROR] Attestation check for Shared Storage on https://www.googleadservices.com failed. @ https://www.googleadservices.com/pagead/managed/js/activeview/current/reach_worklet.html:0
[   76493ms] [ERROR] Attestation check for Shared Storage on https://www.googleadservices.com failed. @ https://www.googleadservices.com/pagead/managed/js/activeview/current/reach_worklet.html:0
[   97767ms] [ERROR] Attestation check for Shared Storage on https://www.googleadservices.com failed. @ https://www.googleadservices.com/pagead/managed/js/activeview/current/reach_worklet.html:0
[  126849ms] [ERROR] Attestation check for Shared Storage on https://www.googleadservices.com failed. @ https://www.googleadservices.com/pagead/managed/js/activeview/current/reach_worklet.html:0
[  132909ms] Uncaught TypeError: Cannot read properties of undefined (reading 'version')
    at b (https://scripts.journeymv.com/tags/3.51.6/wrapper.min.js?bust=1504196159:1:289175)
    at <anonymous> (https://scripts.journeymv.com/tags/3.51.6/wrapper.min.js?bust=1504196159:1:101126)
    at <anonymous> (https://scripts.journeymv.com/tags/3.51.6/wrapper.min.js?bust=1504196159:1:100766)
[   11506ms] [ERROR] Failed to load resource: the server responded with a status of 404 () @ https://ad.sxp.smartclip.net/sync?type=host&dsp=10&dspuuid=CAESEKBPdiGONJvUgVvfvcG7Egc&gdpr=1&gdpr_consent=CQl5JrAQl5JrAAfFdGITCjFsAP_gAEPgAAYgLdtR9G9fbSFj8DZ3YbokYIwPxVho6sAhBgCAkmgFCLuELIwEhWEQIAyCIiACGBIAODQAIAEgGAgQQUAgIIABLADMYEAQYCBKICBAABIRIkAQCAgKAAAgUAAAgmBGAgQAiASNAZIASMwAgQAGEXAgKAAAAACQAQAIACEAQAEAAAAAQCgAgAAAgAAAAAAAABAIAAAAAAAAACAAAAAAAAAAAAAABAAAAICAACAAAAAAAAAAQiAAAAAAAACC3YAJBoVEEBZEAgQCAgBAAAEEQQAECAIAAAgIIAAAgYACQMABVhEgAAAgAAAAAAAAAAAAAACAAIAABAAACAACAQKAAAACAACAAgQAAwAUIAEAAICgAAIEAAAAAARAAAAIAAAAAQAEhAAAAAIAAQIAiAAAAAkAAAAAAAAAABAAAgAAAAAIAAAIAAAAAAAAAACBAAAAEAAAAgAAAAAAAAAAAAAAQAAAAAAAAAAAAABAAAAEAgAAAAAAAAgAAA.ILdtR9G9fbSFn8DZ3YbokYIwfxVho6sAhBgCAkmgFCLuELIwElWESIAyCIiACGBIAODQAIAEoGAgQQUAgIIABLBDsYEAQYCBKICBAADIRYkAQCAgKAAAgUAAAgmBGAgQAiASNAZIASMwAgQAmEXAgKIAAAACQAQAIACEAQAEAACAAQCgAgAAAgAAAAAAAABAIEAAAAQAAACAAAAAAAAAAAAAABAAAAICAACAAAAAEAAAAQiAAAAAAAAC&addtl_consent=1~2997.367.2415.2767.2927.144.1929.1227.2805.2863.2891.122.3188.2376.1678.2909.2056.20.2130.2821.70.2527.340.371.2995.236.415.192.2322.1753.3009.1735.2791.3053.3300.2849.2893.803.1699.3215.3209.2658.981.1712.1583.3127.494.2568.2670.2920.2205.3066.2510.1800.2612.2714.2964.3097.2534.979.2642.3155.1555.3173.3315.2656.2552.2343.2922.1732.327.291.2684.2838.1276.2614.2882.1882.436.2359.2772.3095.797.1152.2387.2271.2373.2854.2880.2898.1126.1415.1880.3058.839.1188.3074.1616.2447.1558.3234.3190.2403.3292.1725.2027.314.1149.3250.1440.2917.2405.2156.2278.2681.1825.1307.1031.3307.1985.430.2472.2414.3217.2650.2844.2862.2970.3002.1603.3093.1968.3119.3235.3253.1270.3075.117.2488.2986.560.2526.2596.2878.3000.3149.2968.3038.2400.2335.159.2604.2956.3135.3237.358.1810.3077.3251.3214.2583.2865.3005.2950.407.904.2493.2973.2461.2813.1067.2929.495.2883.2987.3126.2064.2166.2370.3196.1097.2224.2535.2651.2901.3003.3017.1025.1598.2477.1345.2695.3059.2687.2609.2839.3226.1963.1911.2234.2571.3240.3182.1745.1053.2961.2358.591.2979.3330.802.2645.3094.1859.1051.1095.3314.2425.2629.3136.2661.2981.3270.2643.3328.2035.1838.1978.2888.3028.3185.61.1268.2219.1495.149.1786.43.2325.2940.1750.899.2103.239.2115.1525.2133.161.1226.1284.2147.2852.1048.568.1962.1092.1162.3227.1944.3012.2279.147.2834.2846.2860.1356.2309.2816.89.2994.1312.370.2930.211.1651.1375.2418.3167.83.1403.574.2107.2770.3018.1290.2506.2884.2008.2812.1040.143.259.2416.1878.2652.2768.3016.1186.2225.3223.2109.2900.2003.55.1548.2047.1514.2887.385.3076.3236.2282.184.3230.2605.2531.310.3324.2633.1135.1584.1827.2985.2140.523.3043.3106.1512.820.1917.2621.1047.3194.1969.2222.2577.46.2559.2336.2220.1107.3296.2501.2072.2427.429.1889.2817.2875.2983.266.196.2090.2186.1301.322.3228.2517.2677.3184.2889.2895.2074.3055.2801.2941.2999.2918.2088.2610.445.1964.3225.2572.2468.2584.2784.2974.1697.1252.2628.2698.135.2660.2980.1449.1840.1667.2798.1003.442.93.2830.3034.1419.1579.2874.1716.3210.2657.1832.3172.424.2465.1540.1638.230.108.2713.2949.2963.1682.1843.3238.3244.2039.3112.1416.3316.587.3272.1570.1143.3120.2965.1967.2575.3222.2787.3260.124.2453.1845.2569.2729.2947.3099.2253.737.3187.3052.2886.985.3231.3257.3008.2484.311.1870.2295.1455.1046.2377.2498.2850.1942.3189.1782.2908.323.3010.2331.3117.522.931.1677.2564.2916.3070.3073.3109.486.2636.576.313.550.2440.2542.2792.2894.3089.3293.2778.3145.2486.1166.2044.2690.2966.3151.2646.3306.3128.286.2567.2669.2779.2328.2881.3288.938.2975.2354.2052.1721.864.2316.2867.1029.2124.2931.1516.2068.922.3019.3130.2897.1099.491.3063.1365.1027.3290.3318.2831.2869.272.1205&gpp=DBABM~CQl5JrAQl5JrAAfFdGITCjFsAP_gAEPgAAYgLdtR9G9fbSFj8DZ3YbokYIwPxVho6sAhBgCAkmgFCLuELIwEhWEQIAyCIiACGBIAODQAIAEgGAgQQUAgIIABLADMYEAQYCBKICBAABIRIkAQCAgKAAAgUAAAgmBGAgQAiASNAZIASMwAgQAGEXAgKAAAAACQAQAIACEAQAEAAAAAQCgAgAAAgAAAAAAAABAIAAAAAAAAACAAAAAAAAAAAAAABAAAAICAACAAAAAAAAAAQiAAAAAAAACC3YAJBoVEEBZEAgQCAgBAAAEEQQAECAIAAAgIIAAAgYACQMABVhEgAAAgAAAAAAAAAAAAAACAAIAABAAACAACAQKAAAACAACAAgQAAwAUIAEAAICgAAIEAAAAAARAAAAIAAAAAQAEhAAAAAIAAQIAiAAAAAkAAAAAAAAAABAAAgAAAAAIAAAIAAAAAAAAAACBAAAAEAAAAgAAAAAAAAAAAAAAQAAAAAAAAAAAAABAAAAEAgAAAAAAAAgAAA&gpp_sid=2&google_cver=1:0
[   67824ms] [ERROR] Failed to load resource: net::ERR_NAME_NOT_RESOLVED @ https://sync.search.spotxchange.com/partner?adv_id=7025&gdpr=1&gdpr_consent=CQl5JrAQl5JrAAfFdGITCjFsAP_gAEPgAAYgLdtR9G9fbSFj8DZ3YbokYIwPxVho6sAhBgCAkmgFCLuELIwEhWEQIAyCIiACGBIAODQAIAEgGAgQQUAgIIABLADMYEAQYCBKICBAABIRIkAQCAgKAAAgUAAAgmBGAgQAiASNAZIASMwAgQAGEXAgKAAAAACQAQAIACEAQAEAAAAAQCgAgAAAgAAAAAAAABAIAAAAAAAAACAAAAAAAAAAAAAABAAAAICAACAAAAAAAAAAQiAAAAAAAACC3YAJBoVEEBZEAgQCAgBAAAEEQQAECAIAAAgIIAAAgYACQMABVhEgAAAgAAAAAAAAAAAAAACAAIAABAAACAACAQKAAAACAACAAgQAAwAUIAEAAICgAAIEAAAAAARAAAAIAAAAAQAEhAAAAAIAAQIAiAAAAAkAAAAAAAAAABAAAgAAAAAIAAAIAAAAAAAAAACBAAAAEAAAAgAAAAAAAAAAAAAAQAAAAAAAAAAAAABAAAAEAgAAAAAAAAgAAA.ILdtR9G9fbSFn8DZ3YbokYIwfxVho6sAhBgCAkmgFCLuELIwElWESIAyCIiACGBIAODQAIAEoGAgQQUAgIIABLBDsYEAQYCBKICBAADIRYkAQCAgKAAAgUAAAgmBGAgQAiASNAZIASMwAgQAmEXAgKIAAAACQAQAIACEAQAEAACAAQCgAgAAAgAAAAAAAABAIEAAAAQAAACAAAAAAAAAAAAAABAAAAICAACAAAAAEAAAAQiAAAAAAAAC&addtl_consent=1~2652.899.143.1186.2325.1750.259.1040.1878.2416.2768.2812.2900.2109.3016.2225.1651.55.3223.2418.3167.83.1375.2770.2884.1290.2008.2506.2930.574.1403.2633.3043.2985.3106.1584.3018.2107.2140.2531.1827.310.3324.3194.2222.2577.1135.1512.1917.1969.523.820.2621.2047.46.1548.1047.2003.2282.2605.184.3230.3236.2887.1514.385.3076.2677.3184.2517.2889.1301.322.3228.2895.3055.2801.2941.2999.2088.2074.445.1107.2336.2559.2501.3296.2220.196.266.1889.2072.2090.2186.2427.2817.429.1667.2875.2983.1449.1840.2874.1579.1716.2798.424.442.93.2830.3034.2610.1003.3225.2572.1419.2784.2918.1832.1964.2628.2698.2980.2660.2468.135.1252.1697.2584.2974.3272.1416.587.3112.3316.1143.2729.2947.1845.2453.2039.3120.1967.1570.2569.2575.3222.3260.2787.1540.2465.3210.2657.124.2965.3172.1682.2949.230.3238.3244.1843.108.2713.2963.1638.1870.2295.2484.311.2908.1782.931.3010.323.2498.2377.2850.1455.3189.1942.737.3099.1046.2253.3231.3257.3008.985.3187.2886.3052.2778.2440.2542.2792.2894.3089.2966.3293.1166.3151.2646.3145.2044.2486.2690.3073.1677.2564.2916.2331.522.3117.3070.576.2636.550.313.3109.2897.486.3063.3290.922.2068.3019.3130.272.491.1099.3318.367.2831.1205.2328.1365.938.1027.2052.3288.3306.2869.3128.286.1516.2669.2779.2124.2881.2931.1721.2567.2354.2975.2867.2316.864.1029.415.192.2995.2130.2322.1753.236.371.2527.3053.3300.70.2821.2849.2791.2893.3009.1735.1929.2415.144.2767.2997.2805.2863.2376.3188.2927.1678.2891.2909.340.1227.2656.20.1555.3173.2056.3097.3315.122.979.2534.3155.2642.327.1732.2343.2552.3209.2658.1712.2922.803.3215.1583.1699.981.1800.2510.3066.2612.2714.2964.3127.2568.2271.2205.2373.2670.2920.494.2854.2880.3058.2898.1152.2387.1126.839.1880.1188.1415.1276.2614.2882.2684.291.2838.3095.2772.797.1882.2359.436.2681.2405.2156.2278.1440.3250.2917.1985.1825.1307.3190.2403.3292.1031.1616.3074.2447.3234.1558.1149.314.2027.3149.3000.2968.1725.3038.2488.2526.2596.2878.2986.3135.3237.3251.1810.3077.358.2400.2956.2335.2604.2472.2650.3217.2862.2950.159.2414.3307.430.2970.3002.3235.560.3075.1270.3253.117.3093.2844.1603.3119.1345.1968.2695.2535.2477.1025.2651.1598.3003.2687.3059.2493.2461.407.2583.3214.2813.904.1067.2865.2929.2973.2987.3005.2224.2901.1097.3196.3017.3126.2883.495.2370.2064.2166.1051.1095.3270.3328.2035.2643.3314.2425.2629.2981.2661.2234.3136.3240.1745.1911.3182.1053.2609.2839.1963.2961.2571.3226.3330.1859.3094.802.2645.2979.591.2358.2846.1962.3227.568.1092.1162.1226.3012.1284.161.2279.2852.1944.370.1048.1312.2816.2309.147.2860.2994.211.89.1356.2834.2103.1495.2219.1786.3028.1838.2888.3185.1268.43.239.61.1978.1525.2133.2940.149.2115.2147&gpp=DBABM~CQl5JrAQl5JrAAfFdGITCjFsAP_gAEPgAAYgLdtR9G9fbSFj8DZ3YbokYIwPxVho6sAhBgCAkmgFCLuELIwEhWEQIAyCIiACGBIAODQAIAEgGAgQQUAgIIABLADMYEAQYCBKICBAABIRIkAQCAgKAAAgUAAAgmBGAgQAiASNAZIASMwAgQAGEXAgKAAAAACQAQAIACEAQAEAAAAAQCgAgAAAgAAAAAAAABAIAAAAAAAAACAAAAAAAAAAAAAABAAAAICAACAAAAAAAAAAQiAAAAAAAACC3YAJBoVEEBZEAgQCAgBAAAEEQQAECAIAAAgIIAAAgYACQMABVhEgAAAgAAAAAAAAAAAAAACAAIAABAAACAACAQKAAAACAACAAgQAAwAUIAEAAICgAAIEAAAAAARAAAAIAAAAAQAEhAAAAAIAAQIAiAAAAAkAAAAAAAAAABAAAgAAAAAIAAAIAAAAAAAAAACBAAAAEAAAAgAAAAAAAAAAAAAAQAAAAAAAAAAAAABAAAAEAgAAAAAAAAgAAA&gpp_sid=2&redir=https%3A%2F%2Fcm.g.doubleclick.net%2Fpixel%3Fgoogle_nid%3Dspotxchange_dbm%26google_hm%3D%24SPOTX_BASE64_USER_ID:0
[   67825ms] [ERROR] Failed to load resource: net::ERR_NAME_NOT_RESOLVED @ https://sync.search.spotxchange.com/partner?adv_id=7025&gdpr=1&gdpr_consent=CQl5JrAQl5JrAAfFdGITCjFsAP_gAEPgAAYgLdtR9G9fbSFj8DZ3YbokYIwPxVho6sAhBgCAkmgFCLuELIwEhWEQIAyCIiACGBIAODQAIAEgGAgQQUAgIIABLADMYEAQYCBKICBAABIRIkAQCAgKAAAgUAAAgmBGAgQAiASNAZIASMwAgQAGEXAgKAAAAACQAQAIACEAQAEAAAAAQCgAgAAAgAAAAAAAABAIAAAAAAAAACAAAAAAAAAAAAAABAAAAICAACAAAAAAAAAAQiAAAAAAAACC3YAJBoVEEBZEAgQCAgBAAAEEQQAECAIAAAgIIAAAgYACQMABVhEgAAAgAAAAAAAAAAAAAACAAIAABAAACAACAQKAAAACAACAAgQAAwAUIAEAAICgAAIEAAAAAARAAAAIAAAAAQAEhAAAAAIAAQIAiAAAAAkAAAAAAAAAABAAAgAAAAAIAAAIAAAAAAAAAACBAAAAEAAAAgAAAAAAAAAAAAAAQAAAAAAAAAAAAABAAAAEAgAAAAAAAAgAAA.ILdtR9G9fbSFn8DZ3YbokYIwfxVho6sAhBgCAkmgFCLuELIwElWESIAyCIiACGBIAODQAIAEoGAgQQUAgIIABLBDsYEAQYCBKICBAADIRYkAQCAgKAAAgUAAAgmBGAgQAiASNAZIASMwAgQAmEXAgKIAAAACQAQAIACEAQAEAACAAQCgAgAAAgAAAAAAAABAIEAAAAQAAACAAAAAAAAAAAAAABAAAAICAACAAAAAEAAAAQiAAAAAAAAC&addtl_consent=1~2652.899.143.1186.2325.1750.259.1040.1878.2416.2768.2812.2900.2109.3016.2225.1651.55.3223.2418.3167.83.1375.2770.2884.1290.2008.2506.2930.574.1403.2633.3043.2985.3106.1584.3018.2107.2140.2531.1827.310.3324.3194.2222.2577.1135.1512.1917.1969.523.820.2621.2047.46.1548.1047.2003.2282.2605.184.3230.3236.2887.1514.385.3076.2677.3184.2517.2889.1301.322.3228.2895.3055.2801.2941.2999.2088.2074.445.1107.2336.2559.2501.3296.2220.196.266.1889.2072.2090.2186.2427.2817.429.1667.2875.2983.1449.1840.2874.1579.1716.2798.424.442.93.2830.3034.2610.1003.3225.2572.1419.2784.2918.1832.1964.2628.2698.2980.2660.2468.135.1252.1697.2584.2974.3272.1416.587.3112.3316.1143.2729.2947.1845.2453.2039.3120.1967.1570.2569.2575.3222.3260.2787.1540.2465.3210.2657.124.2965.3172.1682.2949.230.3238.3244.1843.108.2713.2963.1638.1870.2295.2484.311.2908.1782.931.3010.323.2498.2377.2850.1455.3189.1942.737.3099.1046.2253.3231.3257.3008.985.3187.2886.3052.2778.2440.2542.2792.2894.3089.2966.3293.1166.3151.2646.3145.2044.2486.2690.3073.1677.2564.2916.2331.522.3117.3070.576.2636.550.313.3109.2897.486.3063.3290.922.2068.3019.3130.272.491.1099.3318.367.2831.1205.2328.1365.938.1027.2052.3288.3306.2869.3128.286.1516.2669.2779.2124.2881.2931.1721.2567.2354.2975.2867.2316.864.1029.415.192.2995.2130.2322.1753.236.371.2527.3053.3300.70.2821.2849.2791.2893.3009.1735.1929.2415.144.2767.2997.2805.2863.2376.3188.2927.1678.2891.2909.340.1227.2656.20.1555.3173.2056.3097.3315.122.979.2534.3155.2642.327.1732.2343.2552.3209.2658.1712.2922.803.3215.1583.1699.981.1800.2510.3066.2612.2714.2964.3127.2568.2271.2205.2373.2670.2920.494.2854.2880.3058.2898.1152.2387.1126.839.1880.1188.1415.1276.2614.2882.2684.291.2838.3095.2772.797.1882.2359.436.2681.2405.2156.2278.1440.3250.2917.1985.1825.1307.3190.2403.3292.1031.1616.3074.2447.3234.1558.1149.314.2027.3149.3000.2968.1725.3038.2488.2526.2596.2878.2986.3135.3237.3251.1810.3077.358.2400.2956.2335.2604.2472.2650.3217.2862.2950.159.2414.3307.430.2970.3002.3235.560.3075.1270.3253.117.3093.2844.1603.3119.1345.1968.2695.2535.2477.1025.2651.1598.3003.2687.3059.2493.2461.407.2583.3214.2813.904.1067.2865.2929.2973.2987.3005.2224.2901.1097.3196.3017.3126.2883.495.2370.2064.2166.1051.1095.3270.3328.2035.2643.3314.2425.2629.2981.2661.2234.3136.3240.1745.1911.3182.1053.2609.2839.1963.2961.2571.3226.3330.1859.3094.802.2645.2979.591.2358.2846.1962.3227.568.1092.1162.1226.3012.1284.161.2279.2852.1944.370.1048.1312.2816.2309.147.2860.2994.211.89.1356.2834.2103.1495.2219.1786.3028.1838.2888.3185.1268.43.239.61.1978.1525.2133.2940.149.2115.2147&gpp=DBABM~CQl5JrAQl5JrAAfFdGITCjFsAP_gAEPgAAYgLdtR9G9fbSFj8DZ3YbokYIwPxVho6sAhBgCAkmgFCLuELIwEhWEQIAyCIiACGBIAODQAIAEgGAgQQUAgIIABLADMYEAQYCBKICBAABIRIkAQCAgKAAAgUAAAgmBGAgQAiASNAZIASMwAgQAGEXAgKAAAAACQAQAIACEAQAEAAAAAQCgAgAAAgAAAAAAAABAIAAAAAAAAACAAAAAAAAAAAAAABAAAAICAACAAAAAAAAAAQiAAAAAAAACC3YAJBoVEEBZEAgQCAgBAAAEEQQAECAIAAAgIIAAAgYACQMABVhEgAAAgAAAAAAAAAAAAAACAAIAABAAACAACAQKAAAACAACAAgQAAwAUIAEAAICgAAIEAAAAAARAAAAIAAAAAQAEhAAAAAIAAQIAiAAAAAkAAAAAAAAAABAAAgAAAAAIAAAIAAAAAAAAAACBAAAAEAAAAgAAAAAAAAAAAAAAQAAAAAAAAAAAAABAAAAEAgAAAAAAAAgAAA&gpp_sid=2&uid=CAESEC15bMnw4M8nzD2tlc8o1cc&google_cver=1:0
[   97096ms] [ERROR] Failed to load resource: the server responded with a status of 404 () @ https://bcp.crwdcntrl.net/gmap/?gdpr=1&gdpr_consent=CQl5JrAQl5JrAAfFdGITCjFsAP_gAEPgAAYgLdtR9G9fbSFj8DZ3YbokYIwPxVho6sAhBgCAkmgFCLuELIwEhWEQIAyCIiACGBIAODQAIAEgGAgQQUAgIIABLADMYEAQYCBKICBAABIRIkAQCAgKAAAgUAAAgmBGAgQAiASNAZIASMwAgQAGEXAgKAAAAACQAQAIACEAQAEAAAAAQCgAgAAAgAAAAAAAABAIAAAAAAAAACAAAAAAAAAAAAAABAAAAICAACAAAAAAAAAAQiAAAAAAAACC3YAJBoVEEBZEAgQCAgBAAAEEQQAECAIAAAgIIAAAgYACQMABVhEgAAAgAAAAAAAAAAAAAACAAIAABAAACAACAQKAAAACAACAAgQAAwAUIAEAAICgAAIEAAAAAARAAAAIAAAAAQAEhAAAAAIAAQIAiAAAAAkAAAAAAAAAABAAAgAAAAAIAAAIAAAAAAAAAACBAAAAEAAAAgAAAAAAAAAAAAAAQAAAAAAAAAAAAABAAAAEAgAAAAAAAAgAAA.ILdtR9G9fbSFn8DZ3YbokYIwfxVho6sAhBgCAkmgFCLuELIwElWESIAyCIiACGBIAODQAIAEoGAgQQUAgIIABLBDsYEAQYCBKICBAADIRYkAQCAgKAAAgUAAAgmBGAgQAiASNAZIASMwAgQAmEXAgKIAAAACQAQAIACEAQAEAACAAQCgAgAAAgAAAAAAAABAIEAAAAQAAACAAAAAAAAAAAAAABAAAAICAACAAAAAEAAAAQiAAAAAAAAC&addtl_consent=1~2997.2927.367.272.2869.1205.2831.3318.3063.1027.3290.2897.1365.3130.3019.1099.2068.922.491.2931.2124.1516.864.2867.2354.2975.2316.2052.1721.3288.938.1029.286.2881.3128.2328.3306.2567.3151.2646.2669.2779.2486.2044.2690.3145.2778.1166.2966.3089.3293.2440.2542.2792.2894.550.2636.313.3109.576.2564.2916.3073.486.1677.3070.522.2331.3117.323.931.1782.2908.3010.1046.1455.2377.2498.1942.2850.2295.3189.1870.2484.311.3231.3008.3257.3187.2886.3052.985.737.2253.3099.2453.2569.1845.2729.2947.2965.124.1570.1967.3120.2575.3222.2787.3260.3272.2039.3112.587.3316.1416.1843.3238.1143.2949.230.3244.108.2713.1682.2963.2465.1638.1540.3172.2657.3210.2874.1716.1579.1832.1003.93.424.3034.2798.442.1667.2830.1419.1840.1449.2660.2628.2698.2974.2980.1252.135.1697.1964.2468.2572.3225.2584.2610.2784.2918.445.2801.2941.2999.2074.3184.2088.3055.2677.3228.1301.2889.2895.322.2517.2090.1889.2186.196.266.2875.2983.2427.2072.2501.2817.2336.429.3296.1107.2559.2220.2577.46.3194.1969.2222.2621.1917.1512.523.820.1584.1047.2633.3043.310.3106.3324.2985.1827.2531.2140.3230.184.1135.2605.2282.3076.1514.3236.2887.385.1548.2047.2003.3223.2109.2225.3016.2900.2416.55.2768.1186.143.2652.2812.259.1040.2506.1878.2008.1290.2884.3018.1403.2107.574.1375.3167.83.1651.2418.2770.211.2309.1312.2930.2994.370.2816.2834.147.89.1162.2860.3012.568.2279.1356.1092.1048.2846.1962.1944.161.3227.1284.1525.2133.239.2852.899.1226.2115.2147.2940.149.43.1495.2103.2219.2325.1268.1750.1786.3185.1838.2888.3028.2643.1978.61.3270.3328.2035.3136.2661.2425.2629.3314.1051.2981.1095.802.3094.2645.3330.1859.2358.2979.591.3182.1053.1745.1911.2234.2571.3226.3240.1963.2609.2687.2839.2961.3059.2695.1345.1025.2477.1598.2535.2651.3003.1097.2224.2901.3196.3017.2064.2166.2370.2883.3126.495.2461.2813.2929.2987.1067.2493.2973.904.2583.2865.3005.3077.3214.358.1810.3135.2950.407.2335.3237.3251.2400.2604.2956.2968.159.3000.3038.3149.2526.2596.2488.2878.1270.2986.560.3075.3235.3253.117.1968.3119.2844.3093.1603.2414.2970.3217.2472.2650.2862.3002.3307.1985.430.1825.2156.1307.2278.2405.1031.2681.2917.3250.1440.1149.314.2027.2403.3190.3292.1725.1558.3234.2447.3074.1616.1188.839.1415.1880.2880.2271.2373.2387.2854.1152.1126.2898.3058.3095.2359.2772.1882.797.1276.436.2614.2838.291.2684.2882.1732.327.2343.2552.2922.3173.3315.1555.2656.3155.2534.979.3097.2642.3066.2510.1800.2612.2568.494.2670.2714.3127.2205.2920.2964.1583.2658.3209.1712.981.3215.1699.803.3300.2849.3053.1735.3009.2791.2893.415.1753.2322.192.236.371.2995.2130.2527.2821.70.2376.2056.1678.122.3188.2891.340.2909.20.144.2415.1929.2767.1227.2805.2863&gpp=DBABM~CQl5JrAQl5JrAAfFdGITCjFsAP_gAEPgAAYgLdtR9G9fbSFj8DZ3YbokYIwPxVho6sAhBgCAkmgFCLuELIwEhWEQIAyCIiACGBIAODQAIAEgGAgQQUAgIIABLADMYEAQYCBKICBAABIRIkAQCAgKAAAgUAAAgmBGAgQAiASNAZIASMwAgQAGEXAgKAAAAACQAQAIACEAQAEAAAAAQCgAgAAAgAAAAAAAABAIAAAAAAAAACAAAAAAAAAAAAAABAAAAICAACAAAAAAAAAAQiAAAAAAAACC3YAJBoVEEBZEAgQCAgBAAAEEQQAECAIAAAgIIAAAgYACQMABVhEgAAAgAAAAAAAAAAAAAACAAIAABAAACAACAQKAAAACAACAAgQAAwAUIAEAAICgAAIEAAAAAARAAAAIAAAAAQAEhAAAAAIAAQIAiAAAAAkAAAAAAAAAABAAAgAAAAAIAAAIAAAAAAAAAACBAAAAEAAAAgAAAAAAAAAAAAAAQAAAAAAAAAAAAABAAAAEAgAAAAAAAAgAAA&gpp_sid=2&google_gid=CAESEA7QmUODK2z0xyPCNmet7yg&google_cver=1:0
[  126067ms] [ERROR] Failed to load resource: net::ERR_NAME_NOT_RESOLVED @ https://tags.bluekai.com/site/2981?redir=https%3A%2F%2Fcm.g.doubleclick.net%2Fpixel%3Fgoogle_nid%3Dbluekai%26google_hm%3D%24_BK_UUID_B64&gdpr=1&gdpr_consent=CQl5JrAQl5JrAAfFdGITCjFsAP_gAEPgAAYgLdtR9G9fbSFj8DZ3YbokYIwPxVho6sAhBgCAkmgFCLuELIwEhWEQIAyCIiACGBIAODQAIAEgGAgQQUAgIIABLADMYEAQYCBKICBAABIRIkAQCAgKAAAgUAAAgmBGAgQAiASNAZIASMwAgQAGEXAgKAAAAACQAQAIACEAQAEAAAAAQCgAgAAAgAAAAAAAABAIAAAAAAAAACAAAAAAAAAAAAAABAAAAICAACAAAAAAAAAAQiAAAAAAAACC3YAJBoVEEBZEAgQCAgBAAAEEQQAECAIAAAgIIAAAgYACQMABVhEgAAAgAAAAAAAAAAAAAACAAIAABAAACAACAQKAAAACAACAAgQAAwAUIAEAAICgAAIEAAAAAARAAAAIAAAAAQAEhAAAAAIAAQIAiAAAAAkAAAAAAAAAABAAAgAAAAAIAAAIAAAAAAAAAACBAAAAEAAAAgAAAAAAAAAAAAAAQAAAAAAAAAAAAABAAAAEAgAAAAAAAAgAAA.ILdtR9G9fbSFn8DZ3YbokYIwfxVho6sAhBgCAkmgFCLuELIwElWESIAyCIiACGBIAODQAIAEoGAgQQUAgIIABLBDsYEAQYCBKICBAADIRYkAQCAgKAAAgUAAAgmBGAgQAiASNAZIASMwAgQAmEXAgKIAAAACQAQAIACEAQAEAACAAQCgAgAAAgAAAAAAAABAIEAAAAQAAACAAAAAAAAAAAAAABAAAAICAACAAAAAEAAAAQiAAAAAAAAC&addtl_consent=1~2979.591.2358.1135.3043.3330.2140.802.1859.2645.3094.2609.3226.1963.1911.2234.2571.3240.2839.1745.1053.3182.2961.3314.2425.2629.3136.2661.2981.3270.3328.2643.2035.1095.1051.149.2115.2940.2325.1750.899.239.2147.1525.1838.3028.1978.2888.61.3185.2133.1268.1495.43.147.1786.2103.2219.2860.2834.370.1356.2309.89.1312.2994.161.211.2816.1226.1284.568.1962.1944.1162.1048.1092.2279.3012.2844.2846.2852.1603.3093.1968.3119.3227.3235.3253.1270.3075.117.3307.560.430.2472.2650.2862.2414.3002.2970.3217.2400.2335.159.2604.2956.3135.3237.358.1810.3077.2488.3251.2526.3149.2596.2878.2950.2986.2968.3000.3126.2883.495.3038.2064.2370.2166.3196.1097.2224.2901.3017.2583.2865.3214.2973.407.904.2493.3005.2461.2813.1067.2929.2987.3059.2687.2535.2651.3003.1598.2477.2695.1025.1345.1882.436.797.2359.2772.3095.291.2684.2838.1276.2614.2882.1880.1415.839.1188.1152.2387.2898.2271.1126.2373.2854.2880.1725.314.2027.3058.1149.3074.1616.2447.1558.3234.3190.2403.3292.1825.1307.1031.1985.3250.2917.1440.2405.2156.2278.2681.1227.2056.2891.2909.122.3188.2376.1678.2927.2997.20.340.2415.1929.2767.144.2791.2805.1735.2863.2893.2849.3300.3009.3053.2130.2527.2821.70.2995.236.192.371.1753.415.2322.3127.494.2920.2568.2670.2205.3066.2510.1800.2612.2714.803.1699.3215.2964.2658.981.3209.1712.1583.2552.2343.2922.1732.327.3097.3155.2534.2642.1555.979.2656.3173.3315.486.3109.2636.576.313.2331.3117.522.550.1677.3073.2564.2916.3070.3145.2486.2044.2690.2966.3151.2646.2440.2542.2792.2894.3089.3293.2778.2975.1721.2354.864.2124.1029.1166.2931.1516.2316.2867.3306.3128.2881.286.2567.2669.2328.2779.2052.938.3288.1365.1027.3318.2869.2831.1205.272.2068.922.491.367.2897.3019.3130.3290.3063.1099.1638.2713.230.108.2949.1682.2963.3238.1843.3210.2657.3244.3172.2465.1540.1967.1570.3120.3222.2965.2575.3260.2787.124.2453.1845.2569.2729.1416.1143.2039.2947.3112.587.3316.3272.3187.3052.2886.985.3231.3257.3008.3099.2253.737.1455.2498.2377.2850.1942.3189.1046.1782.2908.323.3010.311.2484.931.2295.1870.2983.2427.429.1889.2072.2817.2875.266.196.2090.2186.2559.2336.2220.1107.3296.2501.2074.2801.2941.2999.445.2088.322.3228.2517.1301.2895.2677.3184.2889.3055.2468.2584.2974.1697.2628.2698.2980.135.2660.1252.2918.2610.1964.3225.2572.2784.2798.1003.442.93.1832.2830.1716.1419.2874.3034.1579.1840.424.1449.1667.1403.574.2107.3018.1290.2008.2506.2884.2930.1651.1375.2418.2770.83.3167.2225.2109.3223.2900.3016.1040.2812.55.143.1186.259.2768.1878.2887.1514.385.3076.2416.3236.2652.2282.184.3230.2605.2003.2047.1548.523.1512.1917.820.2621.3194.1047.2577.1969.2222.2531.46.310.3324.1827.2633.3106.2985.1584&gpp=DBABM~CQl5JrAQl5JrAAfFdGITCjFsAP_gAEPgAAYgLdtR9G9fbSFj8DZ3YbokYIwPxVho6sAhBgCAkmgFCLuELIwEhWEQIAyCIiACGBIAODQAIAEgGAgQQUAgIIABLADMYEAQYCBKICBAABIRIkAQCAgKAAAgUAAAgmBGAgQAiASNAZIASMwAgQAGEXAgKAAAAACQAQAIACEAQAEAAAAAQCgAgAAAgAAAAAAAABAIAAAAAAAAACAAAAAAAAAAAAAABAAAAICAACAAAAAAAAAAQiAAAAAAAACC3YAJBoVEEBZEAgQCAgBAAAEEQQAECAIAAAgIIAAAgYACQMABVhEgAAAgAAAAAAAAAAAAAACAAIAABAAACAACAQKAAAACAACAAgQAAwAUIAEAAICgAAIEAAAAAARAAAAIAAAAAQAEhAAAAAIAAQIAiAAAAAkAAAAAAAAAABAAAgAAAAAIAAAIAAAAAAAAAACBAAAAEAAAAgAAAAAAAAAAAAAAQAAAAAAAAAAAAABAAAAEAgAAAAAAAAgAAA&gpp_sid=2:0
[  126068ms] [ERROR] Failed to load resource: net::ERR_NAME_NOT_RESOLVED @ https://tags.bluekai.com/site/2981?id=&gdpr=1&gdpr_consent=CQl5JrAQl5JrAAfFdGITCjFsAP_gAEPgAAYgLdtR9G9fbSFj8DZ3YbokYIwPxVho6sAhBgCAkmgFCLuELIwEhWEQIAyCIiACGBIAODQAIAEgGAgQQUAgIIABLADMYEAQYCBKICBAABIRIkAQCAgKAAAgUAAAgmBGAgQAiASNAZIASMwAgQAGEXAgKAAAAACQAQAIACEAQAEAAAAAQCgAgAAAgAAAAAAAABAIAAAAAAAAACAAAAAAAAAAAAAABAAAAICAACAAAAAAAAAAQiAAAAAAAACC3YAJBoVEEBZEAgQCAgBAAAEEQQAECAIAAAgIIAAAgYACQMABVhEgAAAgAAAAAAAAAAAAAACAAIAABAAACAACAQKAAAACAACAAgQAAwAUIAEAAICgAAIEAAAAAARAAAAIAAAAAQAEhAAAAAIAAQIAiAAAAAkAAAAAAAAAABAAAgAAAAAIAAAIAAAAAAAAAACBAAAAEAAAAgAAAAAAAAAAAAAAQAAAAAAAAAAAAABAAAAEAgAAAAAAAAgAAA.ILdtR9G9fbSFn8DZ3YbokYIwfxVho6sAhBgCAkmgFCLuELIwElWESIAyCIiACGBIAODQAIAEoGAgQQUAgIIABLBDsYEAQYCBKICBAADIRYkAQCAgKAAAgUAAAgmBGAgQAiASNAZIASMwAgQAmEXAgKIAAAACQAQAIACEAQAEAACAAQCgAgAAAgAAAAAAAABAIEAAAAQAAACAAAAAAAAAAAAAABAAAAICAACAAAAAEAAAAQiAAAAAAAAC&addtl_consent=1~2979.591.2358.1135.3043.3330.2140.802.1859.2645.3094.2609.3226.1963.1911.2234.2571.3240.2839.1745.1053.3182.2961.3314.2425.2629.3136.2661.2981.3270.3328.2643.2035.1095.1051.149.2115.2940.2325.1750.899.239.2147.1525.1838.3028.1978.2888.61.3185.2133.1268.1495.43.147.1786.2103.2219.2860.2834.370.1356.2309.89.1312.2994.161.211.2816.1226.1284.568.1962.1944.1162.1048.1092.2279.3012.2844.2846.2852.1603.3093.1968.3119.3227.3235.3253.1270.3075.117.3307.560.430.2472.2650.2862.2414.3002.2970.3217.2400.2335.159.2604.2956.3135.3237.358.1810.3077.2488.3251.2526.3149.2596.2878.2950.2986.2968.3000.3126.2883.495.3038.2064.2370.2166.3196.1097.2224.2901.3017.2583.2865.3214.2973.407.904.2493.3005.2461.2813.1067.2929.2987.3059.2687.2535.2651.3003.1598.2477.2695.1025.1345.1882.436.797.2359.2772.3095.291.2684.2838.1276.2614.2882.1880.1415.839.1188.1152.2387.2898.2271.1126.2373.2854.2880.1725.314.2027.3058.1149.3074.1616.2447.1558.3234.3190.2403.3292.1825.1307.1031.1985.3250.2917.1440.2405.2156.2278.2681.1227.2056.2891.2909.122.3188.2376.1678.2927.2997.20.340.2415.1929.2767.144.2791.2805.1735.2863.2893.2849.3300.3009.3053.2130.2527.2821.70.2995.236.192.371.1753.415.2322.3127.494.2920.2568.2670.2205.3066.2510.1800.2612.2714.803.1699.3215.2964.2658.981.3209.1712.1583.2552.2343.2922.1732.327.3097.3155.2534.2642.1555.979.2656.3173.3315.486.3109.2636.576.313.2331.3117.522.550.1677.3073.2564.2916.3070.3145.2486.2044.2690.2966.3151.2646.2440.2542.2792.2894.3089.3293.2778.2975.1721.2354.864.2124.1029.1166.2931.1516.2316.2867.3306.3128.2881.286.2567.2669.2328.2779.2052.938.3288.1365.1027.3318.2869.2831.1205.272.2068.922.491.367.2897.3019.3130.3290.3063.1099.1638.2713.230.108.2949.1682.2963.3238.1843.3210.2657.3244.3172.2465.1540.1967.1570.3120.3222.2965.2575.3260.2787.124.2453.1845.2569.2729.1416.1143.2039.2947.3112.587.3316.3272.3187.3052.2886.985.3231.3257.3008.3099.2253.737.1455.2498.2377.2850.1942.3189.1046.1782.2908.323.3010.311.2484.931.2295.1870.2983.2427.429.1889.2072.2817.2875.266.196.2090.2186.2559.2336.2220.1107.3296.2501.2074.2801.2941.2999.445.2088.322.3228.2517.1301.2895.2677.3184.2889.3055.2468.2584.2974.1697.2628.2698.2980.135.2660.1252.2918.2610.1964.3225.2572.2784.2798.1003.442.93.1832.2830.1716.1419.2874.3034.1579.1840.424.1449.1667.1403.574.2107.3018.1290.2008.2506.2884.2930.1651.1375.2418.2770.83.3167.2225.2109.3223.2900.3016.1040.2812.55.143.1186.259.2768.1878.2887.1514.385.3076.2416.3236.2652.2282.184.3230.2605.2003.2047.1548.523.1512.1917.820.2621.3194.1047.2577.1969.2222.2531.46.310.3324.1827.2633.3106.2985.1584&gpp=DBABM~CQl5JrAQl5JrAAfFdGITCjFsAP_gAEPgAAYgLdtR9G9fbSFj8DZ3YbokYIwPxVho6sAhBgCAkmgFCLuELIwEhWEQIAyCIiACGBIAODQAIAEgGAgQQUAgIIABLADMYEAQYCBKICBAABIRIkAQCAgKAAAgUAAAgmBGAgQAiASNAZIASMwAgQAGEXAgKAAAAACQAQAIACEAQAEAAAAAQCgAgAAAgAAAAAAAABAIAAAAAAAAACAAAAAAAAAAAAAABAAAAICAACAAAAAAAAAAQiAAAAAAAACC3YAJBoVEEBZEAgQCAgBAAAEEQQAECAIAAAgIIAAAgYACQMABVhEgAAAgAAAAAAAAAAAAAACAAIAABAAACAACAQKAAAACAACAAgQAAwAUIAEAAICgAAIEAAAAAARAAAAIAAAAAQAEhAAAAAIAAQIAiAAAAAkAAAAAAAAAABAAAgAAAAAIAAAIAAAAAAAAAACBAAAAEAAAAgAAAAAAAAAAAAAAQAAAAAAAAAAAAABAAAAEAgAAAAAAAAgAAA&gpp_sid=2&google_gid=CAESEN-xPXHxCrtITAl4Wz4bhFQ&google_cver=1:0
[  155231ms] [ERROR] Failed to load resource: net::ERR_NAME_NOT_RESOLVED @ https://x.dlx.addthis.com/e/googlegdn_sync?na_exid=CAESEF8y2Qx663NJ18Sjry0g6j0&gdpr=1&gdpr_consent=CQl5JrAQl5JrAAfFdGITCjFsAP_gAEPgAAYgLdtR9G9fbSFj8DZ3YbokYIwPxVho6sAhBgCAkmgFCLuELIwEhWEQIAyCIiACGBIAODQAIAEgGAgQQUAgIIABLADMYEAQYCBKICBAABIRIkAQCAgKAAAgUAAAgmBGAgQAiASNAZIASMwAgQAGEXAgKAAAAACQAQAIACEAQAEAAAAAQCgAgAAAgAAAAAAAABAIAAAAAAAAACAAAAAAAAAAAAAABAAAAICAACAAAAAAAAAAQiAAAAAAAACC3YAJBoVEEBZEAgQCAgBAAAEEQQAECAIAAAgIIAAAgYACQMABVhEgAAAgAAAAAAAAAAAAAACAAIAABAAACAACAQKAAAACAACAAgQAAwAUIAEAAICgAAIEAAAAAARAAAAIAAAAAQAEhAAAAAIAAQIAiAAAAAkAAAAAAAAAABAAAgAAAAAIAAAIAAAAAAAAAACBAAAAEAAAAgAAAAAAAAAAAAAAQAAAAAAAAAAAAABAAAAEAgAAAAAAAAgAAA.ILdtR9G9fbSFn8DZ3YbokYIwfxVho6sAhBgCAkmgFCLuELIwElWESIAyCIiACGBIAODQAIAEoGAgQQUAgIIABLBDsYEAQYCBKICBAADIRYkAQCAgKAAAgUAAAgmBGAgQAiASNAZIASMwAgQAmEXAgKIAAAACQAQAIACEAQAEAACAAQCgAgAAAgAAAAAAAABAIEAAAAQAAACAAAAAAAAAAAAAABAAAAICAACAAAAAEAAAAQiAAAAAAAAC&addtl_consent=1~494.2271.2373.1697.70.1514.1725.143.149.314.184.1800.2133.2224.2325.2510.864.286.1029.1558.2253.2677.1097.2778.2779.938.2493.2047.89.442.1047.1027.1942.2792.820.1419.1732.1205.323.211.1312.1598.1025.46.310.491.1099.1284.1449.370.161.1092.1716.1985.1048.1584.1870.2068.436.797.20.2278.486.122.1882.2072.2295.2427.429.574.230.196.313.1682.2506.2531.1963.340.108.1540.2559.1911.2415.1276.144.1735.2614.2109.2791.2787.1415.2425.2453.2629.2088.2729.236.1143.1126.1301.1878.587.322.358.1152.2526.371.192.415.1753.259&gpp=DBABM~CQl5JrAQl5JrAAfFdGITCjFsAP_gAEPgAAYgLdtR9G9fbSFj8DZ3YbokYIwPxVho6sAhBgCAkmgFCLuELIwEhWEQIAyCIiACGBIAODQAIAEgGAgQQUAgIIABLADMYEAQYCBKICBAABIRIkAQCAgKAAAgUAAAgmBGAgQAiASNAZIASMwAgQAGEXAgKAAAAACQAQAIACEAQAEAAAAAQCgAgAAAgAAAAAAAABAIAAAAAAAAACAAAAAAAAAAAAAABAAAAICAACAAAAAAAAAAQiAAAAAAAACC3YAJBoVEEBZEAgQCAgBAAAEEQQAECAIAAAgIIAAAgYACQMABVhEgAAAgAAAAAAAAAAAAAACAAIAABAAACAACAQKAAAACAACAAgQAAwAUIAEAAICgAAIEAAAAAARAAAAIAAAAAQAEhAAAAAIAAQIAiAAAAAkAAAAAAAAAABAAAgAAAAAIAAAIAAAAAAAAAACBAAAAEAAAAgAAAAAAAAAAAAAAQAAAAAAAAAAAAABAAAAEAgAAAAAAAAgAAA&gpp_sid=2&google_cver=1:0
[   14039ms] [ERROR] Attestation check for Shared Storage on https://www.googleadservices.com failed. @ https://www.googleadservices.com/pagead/managed/js/activeview/current/reach_worklet.html:0
[   14079ms] [ERROR] Attestation check for Shared Storage on https://www.googleadservices.com failed. @ https://www.googleadservices.com/pagead/managed/js/activeview/current/reach_worklet.html:0
[   38932ms] [ERROR] Attestation check for Shared Storage on https://www.googleadservices.com failed. @ https://www.googleadservices.com/pagead/managed/js/activeview/current/reach_worklet.html:0
[   47335ms] [ERROR] Attestation check for Shared Storage on https://www.googleadservices.com failed. @ https://www.googleadservices.com/pagead/managed/js/activeview/current/reach_worklet.html:0
[   68477ms] [ERROR] Attestation check for Shared Storage on https://www.googleadservices.com failed. @ https://www.googleadservices.com/pagead/managed/js/activeview/current/reach_worklet.html:0
[   76493ms] [ERROR] Attestation check for Shared Storage on https://www.googleadservices.com failed. @ https://www.googleadservices.com/pagead/managed/js/activeview/current/reach_worklet.html:0
[   97767ms] [ERROR] Attestation check for Shared Storage on https://www.googleadservices.com failed. @ https://www.googleadservices.com/pagead/managed/js/activeview/current/reach_worklet.html:0
[  126849ms] [ERROR] Attestation check for Shared Storage on https://www.googleadservices.com failed. @ https://www.googleadservices.com/pagead/managed/js/activeview/current/reach_worklet.html:0
[  155513ms] Uncaught TypeError: Cannot read properties of undefined (reading 'version')
    at b (https://scripts.journeymv.com/tags/3.51.6/wrapper.min.js?bust=1504196159:1:289175)
    at <anonymous> (https://scripts.journeymv.com/tags/3.51.6/wrapper.min.js?bust=1504196159:1:101126)
    at <anonymous> (https://scripts.journeymv.com/tags/3.51.6/wrapper.min.js?bust=1504196159:1:100766)
[  155521ms] [ERROR] Attestation check for Shared Storage on https://www.googleadservices.com failed. @ https://www.googleadservices.com/pagead/managed/js/activeview/current/reach_worklet.html:0
[  159585ms] [WARNING] The resource https://securepubads.g.doubleclick.net/tag/js/gpt.js was preloaded using link preload but not used within a few seconds from the window's load event. Please make sure it has an appropriate `as` value and it is preloaded intentionally. @ https://expiter.com/blog/articles/:0
[  168635ms] [WARNING] The resource https://securepubads.g.doubleclick.net/tag/js/gpt.js was preloaded using link preload but not used within a few seconds from the window's load event. Please make sure it has an appropriate `as` value and it is preloaded intentionally. @ https://expiter.com/blog/articles/:0
[  178649ms] [WARNING] The resource https://securepubads.g.doubleclick.net/tag/js/gpt.js was preloaded using link preload but not used within a few seconds from the window's load event. Please make sure it has an appropriate `as` value and it is preloaded intentionally. @ https://expiter.com/blog/articles/:0
[  179992ms] [ERROR] Failed to load resource: net::ERR_CONNECTION_CLOSED @ https://prebid.smilewanted.com/:0
[  183320ms] [WARNING] The resource https://securepubads.g.doubleclick.net/tag/js/gpt.js was preloaded using link preload but not used within a few seconds from the window's load event. Please make sure it has an appropriate `as` value and it is preloaded intentionally. @ https://expiter.com/blog/articles/:0
[   11506ms] [ERROR] Failed to load resource: the server responded with a status of 404 () @ https://ad.sxp.smartclip.net/sync?type=host&dsp=10&dspuuid=CAESEKBPdiGONJvUgVvfvcG7Egc&gdpr=1&gdpr_consent=CQl5JrAQl5JrAAfFdGITCjFsAP_gAEPgAAYgLdtR9G9fbSFj8DZ3YbokYIwPxVho6sAhBgCAkmgFCLuELIwEhWEQIAyCIiACGBIAODQAIAEgGAgQQUAgIIABLADMYEAQYCBKICBAABIRIkAQCAgKAAAgUAAAgmBGAgQAiASNAZIASMwAgQAGEXAgKAAAAACQAQAIACEAQAEAAAAAQCgAgAAAgAAAAAAAABAIAAAAAAAAACAAAAAAAAAAAAAABAAAAICAACAAAAAAAAAAQiAAAAAAAACC3YAJBoVEEBZEAgQCAgBAAAEEQQAECAIAAAgIIAAAgYACQMABVhEgAAAgAAAAAAAAAAAAAACAAIAABAAACAACAQKAAAACAACAAgQAAwAUIAEAAICgAAIEAAAAAARAAAAIAAAAAQAEhAAAAAIAAQIAiAAAAAkAAAAAAAAAABAAAgAAAAAIAAAIAAAAAAAAAACBAAAAEAAAAgAAAAAAAAAAAAAAQAAAAAAAAAAAAABAAAAEAgAAAAAAAAgAAA.ILdtR9G9fbSFn8DZ3YbokYIwfxVho6sAhBgCAkmgFCLuELIwElWESIAyCIiACGBIAODQAIAEoGAgQQUAgIIABLBDsYEAQYCBKICBAADIRYkAQCAgKAAAgUAAAgmBGAgQAiASNAZIASMwAgQAmEXAgKIAAAACQAQAIACEAQAEAACAAQCgAgAAAgAAAAAAAABAIEAAAAQAAACAAAAAAAAAAAAAABAAAAICAACAAAAAEAAAAQiAAAAAAAAC&addtl_consent=1~2997.367.2415.2767.2927.144.1929.1227.2805.2863.2891.122.3188.2376.1678.2909.2056.20.2130.2821.70.2527.340.371.2995.236.415.192.2322.1753.3009.1735.2791.3053.3300.2849.2893.803.1699.3215.3209.2658.981.1712.1583.3127.494.2568.2670.2920.2205.3066.2510.1800.2612.2714.2964.3097.2534.979.2642.3155.1555.3173.3315.2656.2552.2343.2922.1732.327.291.2684.2838.1276.2614.2882.1882.436.2359.2772.3095.797.1152.2387.2271.2373.2854.2880.2898.1126.1415.1880.3058.839.1188.3074.1616.2447.1558.3234.3190.2403.3292.1725.2027.314.1149.3250.1440.2917.2405.2156.2278.2681.1825.1307.1031.3307.1985.430.2472.2414.3217.2650.2844.2862.2970.3002.1603.3093.1968.3119.3235.3253.1270.3075.117.2488.2986.560.2526.2596.2878.3000.3149.2968.3038.2400.2335.159.2604.2956.3135.3237.358.1810.3077.3251.3214.2583.2865.3005.2950.407.904.2493.2973.2461.2813.1067.2929.495.2883.2987.3126.2064.2166.2370.3196.1097.2224.2535.2651.2901.3003.3017.1025.1598.2477.1345.2695.3059.2687.2609.2839.3226.1963.1911.2234.2571.3240.3182.1745.1053.2961.2358.591.2979.3330.802.2645.3094.1859.1051.1095.3314.2425.2629.3136.2661.2981.3270.2643.3328.2035.1838.1978.2888.3028.3185.61.1268.2219.1495.149.1786.43.2325.2940.1750.899.2103.239.2115.1525.2133.161.1226.1284.2147.2852.1048.568.1962.1092.1162.3227.1944.3012.2279.147.2834.2846.2860.1356.2309.2816.89.2994.1312.370.2930.211.1651.1375.2418.3167.83.1403.574.2107.2770.3018.1290.2506.2884.2008.2812.1040.143.259.2416.1878.2652.2768.3016.1186.2225.3223.2109.2900.2003.55.1548.2047.1514.2887.385.3076.3236.2282.184.3230.2605.2531.310.3324.2633.1135.1584.1827.2985.2140.523.3043.3106.1512.820.1917.2621.1047.3194.1969.2222.2577.46.2559.2336.2220.1107.3296.2501.2072.2427.429.1889.2817.2875.2983.266.196.2090.2186.1301.322.3228.2517.2677.3184.2889.2895.2074.3055.2801.2941.2999.2918.2088.2610.445.1964.3225.2572.2468.2584.2784.2974.1697.1252.2628.2698.135.2660.2980.1449.1840.1667.2798.1003.442.93.2830.3034.1419.1579.2874.1716.3210.2657.1832.3172.424.2465.1540.1638.230.108.2713.2949.2963.1682.1843.3238.3244.2039.3112.1416.3316.587.3272.1570.1143.3120.2965.1967.2575.3222.2787.3260.124.2453.1845.2569.2729.2947.3099.2253.737.3187.3052.2886.985.3231.3257.3008.2484.311.1870.2295.1455.1046.2377.2498.2850.1942.3189.1782.2908.323.3010.2331.3117.522.931.1677.2564.2916.3070.3073.3109.486.2636.576.313.550.2440.2542.2792.2894.3089.3293.2778.3145.2486.1166.2044.2690.2966.3151.2646.3306.3128.286.2567.2669.2779.2328.2881.3288.938.2975.2354.2052.1721.864.2316.2867.1029.2124.2931.1516.2068.922.3019.3130.2897.1099.491.3063.1365.1027.3290.3318.2831.2869.272.1205&gpp=DBABM~CQl5JrAQl5JrAAfFdGITCjFsAP_gAEPgAAYgLdtR9G9fbSFj8DZ3YbokYIwPxVho6sAhBgCAkmgFCLuELIwEhWEQIAyCIiACGBIAODQAIAEgGAgQQUAgIIABLADMYEAQYCBKICBAABIRIkAQCAgKAAAgUAAAgmBGAgQAiASNAZIASMwAgQAGEXAgKAAAAACQAQAIACEAQAEAAAAAQCgAgAAAgAAAAAAAABAIAAAAAAAAACAAAAAAAAAAAAAABAAAAICAACAAAAAAAAAAQiAAAAAAAACC3YAJBoVEEBZEAgQCAgBAAAEEQQAECAIAAAgIIAAAgYACQMABVhEgAAAgAAAAAAAAAAAAAACAAIAABAAACAACAQKAAAACAACAAgQAAwAUIAEAAICgAAIEAAAAAARAAAAIAAAAAQAEhAAAAAIAAQIAiAAAAAkAAAAAAAAAABAAAgAAAAAIAAAIAAAAAAAAAACBAAAAEAAAAgAAAAAAAAAAAAAAQAAAAAAAAAAAAABAAAAEAgAAAAAAAAgAAA&gpp_sid=2&google_cver=1:0
[   67824ms] [ERROR] Failed to load resource: net::ERR_NAME_NOT_RESOLVED @ https://sync.search.spotxchange.com/partner?adv_id=7025&gdpr=1&gdpr_consent=CQl5JrAQl5JrAAfFdGITCjFsAP_gAEPgAAYgLdtR9G9fbSFj8DZ3YbokYIwPxVho6sAhBgCAkmgFCLuELIwEhWEQIAyCIiACGBIAODQAIAEgGAgQQUAgIIABLADMYEAQYCBKICBAABIRIkAQCAgKAAAgUAAAgmBGAgQAiASNAZIASMwAgQAGEXAgKAAAAACQAQAIACEAQAEAAAAAQCgAgAAAgAAAAAAAABAIAAAAAAAAACAAAAAAAAAAAAAABAAAAICAACAAAAAAAAAAQiAAAAAAAACC3YAJBoVEEBZEAgQCAgBAAAEEQQAECAIAAAgIIAAAgYACQMABVhEgAAAgAAAAAAAAAAAAAACAAIAABAAACAACAQKAAAACAACAAgQAAwAUIAEAAICgAAIEAAAAAARAAAAIAAAAAQAEhAAAAAIAAQIAiAAAAAkAAAAAAAAAABAAAgAAAAAIAAAIAAAAAAAAAACBAAAAEAAAAgAAAAAAAAAAAAAAQAAAAAAAAAAAAABAAAAEAgAAAAAAAAgAAA.ILdtR9G9fbSFn8DZ3YbokYIwfxVho6sAhBgCAkmgFCLuELIwElWESIAyCIiACGBIAODQAIAEoGAgQQUAgIIABLBDsYEAQYCBKICBAADIRYkAQCAgKAAAgUAAAgmBGAgQAiASNAZIASMwAgQAmEXAgKIAAAACQAQAIACEAQAEAACAAQCgAgAAAgAAAAAAAABAIEAAAAQAAACAAAAAAAAAAAAAABAAAAICAACAAAAAEAAAAQiAAAAAAAAC&addtl_consent=1~2652.899.143.1186.2325.1750.259.1040.1878.2416.2768.2812.2900.2109.3016.2225.1651.55.3223.2418.3167.83.1375.2770.2884.1290.2008.2506.2930.574.1403.2633.3043.2985.3106.1584.3018.2107.2140.2531.1827.310.3324.3194.2222.2577.1135.1512.1917.1969.523.820.2621.2047.46.1548.1047.2003.2282.2605.184.3230.3236.2887.1514.385.3076.2677.3184.2517.2889.1301.322.3228.2895.3055.2801.2941.2999.2088.2074.445.1107.2336.2559.2501.3296.2220.196.266.1889.2072.2090.2186.2427.2817.429.1667.2875.2983.1449.1840.2874.1579.1716.2798.424.442.93.2830.3034.2610.1003.3225.2572.1419.2784.2918.1832.1964.2628.2698.2980.2660.2468.135.1252.1697.2584.2974.3272.1416.587.3112.3316.1143.2729.2947.1845.2453.2039.3120.1967.1570.2569.2575.3222.3260.2787.1540.2465.3210.2657.124.2965.3172.1682.2949.230.3238.3244.1843.108.2713.2963.1638.1870.2295.2484.311.2908.1782.931.3010.323.2498.2377.2850.1455.3189.1942.737.3099.1046.2253.3231.3257.3008.985.3187.2886.3052.2778.2440.2542.2792.2894.3089.2966.3293.1166.3151.2646.3145.2044.2486.2690.3073.1677.2564.2916.2331.522.3117.3070.576.2636.550.313.3109.2897.486.3063.3290.922.2068.3019.3130.272.491.1099.3318.367.2831.1205.2328.1365.938.1027.2052.3288.3306.2869.3128.286.1516.2669.2779.2124.2881.2931.1721.2567.2354.2975.2867.2316.864.1029.415.192.2995.2130.2322.1753.236.371.2527.3053.3300.70.2821.2849.2791.2893.3009.1735.1929.2415.144.2767.2997.2805.2863.2376.3188.2927.1678.2891.2909.340.1227.2656.20.1555.3173.2056.3097.3315.122.979.2534.3155.2642.327.1732.2343.2552.3209.2658.1712.2922.803.3215.1583.1699.981.1800.2510.3066.2612.2714.2964.3127.2568.2271.2205.2373.2670.2920.494.2854.2880.3058.2898.1152.2387.1126.839.1880.1188.1415.1276.2614.2882.2684.291.2838.3095.2772.797.1882.2359.436.2681.2405.2156.2278.1440.3250.2917.1985.1825.1307.3190.2403.3292.1031.1616.3074.2447.3234.1558.1149.314.2027.3149.3000.2968.1725.3038.2488.2526.2596.2878.2986.3135.3237.3251.1810.3077.358.2400.2956.2335.2604.2472.2650.3217.2862.2950.159.2414.3307.430.2970.3002.3235.560.3075.1270.3253.117.3093.2844.1603.3119.1345.1968.2695.2535.2477.1025.2651.1598.3003.2687.3059.2493.2461.407.2583.3214.2813.904.1067.2865.2929.2973.2987.3005.2224.2901.1097.3196.3017.3126.2883.495.2370.2064.2166.1051.1095.3270.3328.2035.2643.3314.2425.2629.2981.2661.2234.3136.3240.1745.1911.3182.1053.2609.2839.1963.2961.2571.3226.3330.1859.3094.802.2645.2979.591.2358.2846.1962.3227.568.1092.1162.1226.3012.1284.161.2279.2852.1944.370.1048.1312.2816.2309.147.2860.2994.211.89.1356.2834.2103.1495.2219.1786.3028.1838.2888.3185.1268.43.239.61.1978.1525.2133.2940.149.2115.2147&gpp=DBABM~CQl5JrAQl5JrAAfFdGITCjFsAP_gAEPgAAYgLdtR9G9fbSFj8DZ3YbokYIwPxVho6sAhBgCAkmgFCLuELIwEhWEQIAyCIiACGBIAODQAIAEgGAgQQUAgIIABLADMYEAQYCBKICBAABIRIkAQCAgKAAAgUAAAgmBGAgQAiASNAZIASMwAgQAGEXAgKAAAAACQAQAIACEAQAEAAAAAQCgAgAAAgAAAAAAAABAIAAAAAAAAACAAAAAAAAAAAAAABAAAAICAACAAAAAAAAAAQiAAAAAAAACC3YAJBoVEEBZEAgQCAgBAAAEEQQAECAIAAAgIIAAAgYACQMABVhEgAAAgAAAAAAAAAAAAAACAAIAABAAACAACAQKAAAACAACAAgQAAwAUIAEAAICgAAIEAAAAAARAAAAIAAAAAQAEhAAAAAIAAQIAiAAAAAkAAAAAAAAAABAAAgAAAAAIAAAIAAAAAAAAAACBAAAAEAAAAgAAAAAAAAAAAAAAQAAAAAAAAAAAAABAAAAEAgAAAAAAAAgAAA&gpp_sid=2&redir=https%3A%2F%2Fcm.g.doubleclick.net%2Fpixel%3Fgoogle_nid%3Dspotxchange_dbm%26google_hm%3D%24SPOTX_BASE64_USER_ID:0
[   67825ms] [ERROR] Failed to load resource: net::ERR_NAME_NOT_RESOLVED @ https://sync.search.spotxchange.com/partner?adv_id=7025&gdpr=1&gdpr_consent=CQl5JrAQl5JrAAfFdGITCjFsAP_gAEPgAAYgLdtR9G9fbSFj8DZ3YbokYIwPxVho6sAhBgCAkmgFCLuELIwEhWEQIAyCIiACGBIAODQAIAEgGAgQQUAgIIABLADMYEAQYCBKICBAABIRIkAQCAgKAAAgUAAAgmBGAgQAiASNAZIASMwAgQAGEXAgKAAAAACQAQAIACEAQAEAAAAAQCgAgAAAgAAAAAAAABAIAAAAAAAAACAAAAAAAAAAAAAABAAAAICAACAAAAAAAAAAQiAAAAAAAACC3YAJBoVEEBZEAgQCAgBAAAEEQQAECAIAAAgIIAAAgYACQMABVhEgAAAgAAAAAAAAAAAAAACAAIAABAAACAACAQKAAAACAACAAgQAAwAUIAEAAICgAAIEAAAAAARAAAAIAAAAAQAEhAAAAAIAAQIAiAAAAAkAAAAAAAAAABAAAgAAAAAIAAAIAAAAAAAAAACBAAAAEAAAAgAAAAAAAAAAAAAAQAAAAAAAAAAAAABAAAAEAgAAAAAAAAgAAA.ILdtR9G9fbSFn8DZ3YbokYIwfxVho6sAhBgCAkmgFCLuELIwElWESIAyCIiACGBIAODQAIAEoGAgQQUAgIIABLBDsYEAQYCBKICBAADIRYkAQCAgKAAAgUAAAgmBGAgQAiASNAZIASMwAgQAmEXAgKIAAAACQAQAIACEAQAEAACAAQCgAgAAAgAAAAAAAABAIEAAAAQAAACAAAAAAAAAAAAAABAAAAICAACAAAAAEAAAAQiAAAAAAAAC&addtl_consent=1~2652.899.143.1186.2325.1750.259.1040.1878.2416.2768.2812.2900.2109.3016.2225.1651.55.3223.2418.3167.83.1375.2770.2884.1290.2008.2506.2930.574.1403.2633.3043.2985.3106.1584.3018.2107.2140.2531.1827.310.3324.3194.2222.2577.1135.1512.1917.1969.523.820.2621.2047.46.1548.1047.2003.2282.2605.184.3230.3236.2887.1514.385.3076.2677.3184.2517.2889.1301.322.3228.2895.3055.2801.2941.2999.2088.2074.445.1107.2336.2559.2501.3296.2220.196.266.1889.2072.2090.2186.2427.2817.429.1667.2875.2983.1449.1840.2874.1579.1716.2798.424.442.93.2830.3034.2610.1003.3225.2572.1419.2784.2918.1832.1964.2628.2698.2980.2660.2468.135.1252.1697.2584.2974.3272.1416.587.3112.3316.1143.2729.2947.1845.2453.2039.3120.1967.1570.2569.2575.3222.3260.2787.1540.2465.3210.2657.124.2965.3172.1682.2949.230.3238.3244.1843.108.2713.2963.1638.1870.2295.2484.311.2908.1782.931.3010.323.2498.2377.2850.1455.3189.1942.737.3099.1046.2253.3231.3257.3008.985.3187.2886.3052.2778.2440.2542.2792.2894.3089.2966.3293.1166.3151.2646.3145.2044.2486.2690.3073.1677.2564.2916.2331.522.3117.3070.576.2636.550.313.3109.2897.486.3063.3290.922.2068.3019.3130.272.491.1099.3318.367.2831.1205.2328.1365.938.1027.2052.3288.3306.2869.3128.286.1516.2669.2779.2124.2881.2931.1721.2567.2354.2975.2867.2316.864.1029.415.192.2995.2130.2322.1753.236.371.2527.3053.3300.70.2821.2849.2791.2893.3009.1735.1929.2415.144.2767.2997.2805.2863.2376.3188.2927.1678.2891.2909.340.1227.2656.20.1555.3173.2056.3097.3315.122.979.2534.3155.2642.327.1732.2343.2552.3209.2658.1712.2922.803.3215.1583.1699.981.1800.2510.3066.2612.2714.2964.3127.2568.2271.2205.2373.2670.2920.494.2854.2880.3058.2898.1152.2387.1126.839.1880.1188.1415.1276.2614.2882.2684.291.2838.3095.2772.797.1882.2359.436.2681.2405.2156.2278.1440.3250.2917.1985.1825.1307.3190.2403.3292.1031.1616.3074.2447.3234.1558.1149.314.2027.3149.3000.2968.1725.3038.2488.2526.2596.2878.2986.3135.3237.3251.1810.3077.358.2400.2956.2335.2604.2472.2650.3217.2862.2950.159.2414.3307.430.2970.3002.3235.560.3075.1270.3253.117.3093.2844.1603.3119.1345.1968.2695.2535.2477.1025.2651.1598.3003.2687.3059.2493.2461.407.2583.3214.2813.904.1067.2865.2929.2973.2987.3005.2224.2901.1097.3196.3017.3126.2883.495.2370.2064.2166.1051.1095.3270.3328.2035.2643.3314.2425.2629.2981.2661.2234.3136.3240.1745.1911.3182.1053.2609.2839.1963.2961.2571.3226.3330.1859.3094.802.2645.2979.591.2358.2846.1962.3227.568.1092.1162.1226.3012.1284.161.2279.2852.1944.370.1048.1312.2816.2309.147.2860.2994.211.89.1356.2834.2103.1495.2219.1786.3028.1838.2888.3185.1268.43.239.61.1978.1525.2133.2940.149.2115.2147&gpp=DBABM~CQl5JrAQl5JrAAfFdGITCjFsAP_gAEPgAAYgLdtR9G9fbSFj8DZ3YbokYIwPxVho6sAhBgCAkmgFCLuELIwEhWEQIAyCIiACGBIAODQAIAEgGAgQQUAgIIABLADMYEAQYCBKICBAABIRIkAQCAgKAAAgUAAAgmBGAgQAiASNAZIASMwAgQAGEXAgKAAAAACQAQAIACEAQAEAAAAAQCgAgAAAgAAAAAAAABAIAAAAAAAAACAAAAAAAAAAAAAABAAAAICAACAAAAAAAAAAQiAAAAAAAACC3YAJBoVEEBZEAgQCAgBAAAEEQQAECAIAAAgIIAAAgYACQMABVhEgAAAgAAAAAAAAAAAAAACAAIAABAAACAACAQKAAAACAACAAgQAAwAUIAEAAICgAAIEAAAAAARAAAAIAAAAAQAEhAAAAAIAAQIAiAAAAAkAAAAAAAAAABAAAgAAAAAIAAAIAAAAAAAAAACBAAAAEAAAAgAAAAAAAAAAAAAAQAAAAAAAAAAAAABAAAAEAgAAAAAAAAgAAA&gpp_sid=2&uid=CAESEC15bMnw4M8nzD2tlc8o1cc&google_cver=1:0
[   97096ms] [ERROR] Failed to load resource: the server responded with a status of 404 () @ https://bcp.crwdcntrl.net/gmap/?gdpr=1&gdpr_consent=CQl5JrAQl5JrAAfFdGITCjFsAP_gAEPgAAYgLdtR9G9fbSFj8DZ3YbokYIwPxVho6sAhBgCAkmgFCLuELIwEhWEQIAyCIiACGBIAODQAIAEgGAgQQUAgIIABLADMYEAQYCBKICBAABIRIkAQCAgKAAAgUAAAgmBGAgQAiASNAZIASMwAgQAGEXAgKAAAAACQAQAIACEAQAEAAAAAQCgAgAAAgAAAAAAAABAIAAAAAAAAACAAAAAAAAAAAAAABAAAAICAACAAAAAAAAAAQiAAAAAAAACC3YAJBoVEEBZEAgQCAgBAAAEEQQAECAIAAAgIIAAAgYACQMABVhEgAAAgAAAAAAAAAAAAAACAAIAABAAACAACAQKAAAACAACAAgQAAwAUIAEAAICgAAIEAAAAAARAAAAIAAAAAQAEhAAAAAIAAQIAiAAAAAkAAAAAAAAAABAAAgAAAAAIAAAIAAAAAAAAAACBAAAAEAAAAgAAAAAAAAAAAAAAQAAAAAAAAAAAAABAAAAEAgAAAAAAAAgAAA.ILdtR9G9fbSFn8DZ3YbokYIwfxVho6sAhBgCAkmgFCLuELIwElWESIAyCIiACGBIAODQAIAEoGAgQQUAgIIABLBDsYEAQYCBKICBAADIRYkAQCAgKAAAgUAAAgmBGAgQAiASNAZIASMwAgQAmEXAgKIAAAACQAQAIACEAQAEAACAAQCgAgAAAgAAAAAAAABAIEAAAAQAAACAAAAAAAAAAAAAABAAAAICAACAAAAAEAAAAQiAAAAAAAAC&addtl_consent=1~2997.2927.367.272.2869.1205.2831.3318.3063.1027.3290.2897.1365.3130.3019.1099.2068.922.491.2931.2124.1516.864.2867.2354.2975.2316.2052.1721.3288.938.1029.286.2881.3128.2328.3306.2567.3151.2646.2669.2779.2486.2044.2690.3145.2778.1166.2966.3089.3293.2440.2542.2792.2894.550.2636.313.3109.576.2564.2916.3073.486.1677.3070.522.2331.3117.323.931.1782.2908.3010.1046.1455.2377.2498.1942.2850.2295.3189.1870.2484.311.3231.3008.3257.3187.2886.3052.985.737.2253.3099.2453.2569.1845.2729.2947.2965.124.1570.1967.3120.2575.3222.2787.3260.3272.2039.3112.587.3316.1416.1843.3238.1143.2949.230.3244.108.2713.1682.2963.2465.1638.1540.3172.2657.3210.2874.1716.1579.1832.1003.93.424.3034.2798.442.1667.2830.1419.1840.1449.2660.2628.2698.2974.2980.1252.135.1697.1964.2468.2572.3225.2584.2610.2784.2918.445.2801.2941.2999.2074.3184.2088.3055.2677.3228.1301.2889.2895.322.2517.2090.1889.2186.196.266.2875.2983.2427.2072.2501.2817.2336.429.3296.1107.2559.2220.2577.46.3194.1969.2222.2621.1917.1512.523.820.1584.1047.2633.3043.310.3106.3324.2985.1827.2531.2140.3230.184.1135.2605.2282.3076.1514.3236.2887.385.1548.2047.2003.3223.2109.2225.3016.2900.2416.55.2768.1186.143.2652.2812.259.1040.2506.1878.2008.1290.2884.3018.1403.2107.574.1375.3167.83.1651.2418.2770.211.2309.1312.2930.2994.370.2816.2834.147.89.1162.2860.3012.568.2279.1356.1092.1048.2846.1962.1944.161.3227.1284.1525.2133.239.2852.899.1226.2115.2147.2940.149.43.1495.2103.2219.2325.1268.1750.1786.3185.1838.2888.3028.2643.1978.61.3270.3328.2035.3136.2661.2425.2629.3314.1051.2981.1095.802.3094.2645.3330.1859.2358.2979.591.3182.1053.1745.1911.2234.2571.3226.3240.1963.2609.2687.2839.2961.3059.2695.1345.1025.2477.1598.2535.2651.3003.1097.2224.2901.3196.3017.2064.2166.2370.2883.3126.495.2461.2813.2929.2987.1067.2493.2973.904.2583.2865.3005.3077.3214.358.1810.3135.2950.407.2335.3237.3251.2400.2604.2956.2968.159.3000.3038.3149.2526.2596.2488.2878.1270.2986.560.3075.3235.3253.117.1968.3119.2844.3093.1603.2414.2970.3217.2472.2650.2862.3002.3307.1985.430.1825.2156.1307.2278.2405.1031.2681.2917.3250.1440.1149.314.2027.2403.3190.3292.1725.1558.3234.2447.3074.1616.1188.839.1415.1880.2880.2271.2373.2387.2854.1152.1126.2898.3058.3095.2359.2772.1882.797.1276.436.2614.2838.291.2684.2882.1732.327.2343.2552.2922.3173.3315.1555.2656.3155.2534.979.3097.2642.3066.2510.1800.2612.2568.494.2670.2714.3127.2205.2920.2964.1583.2658.3209.1712.981.3215.1699.803.3300.2849.3053.1735.3009.2791.2893.415.1753.2322.192.236.371.2995.2130.2527.2821.70.2376.2056.1678.122.3188.2891.340.2909.20.144.2415.1929.2767.1227.2805.2863&gpp=DBABM~CQl5JrAQl5JrAAfFdGITCjFsAP_gAEPgAAYgLdtR9G9fbSFj8DZ3YbokYIwPxVho6sAhBgCAkmgFCLuELIwEhWEQIAyCIiACGBIAODQAIAEgGAgQQUAgIIABLADMYEAQYCBKICBAABIRIkAQCAgKAAAgUAAAgmBGAgQAiASNAZIASMwAgQAGEXAgKAAAAACQAQAIACEAQAEAAAAAQCgAgAAAgAAAAAAAABAIAAAAAAAAACAAAAAAAAAAAAAABAAAAICAACAAAAAAAAAAQiAAAAAAAACC3YAJBoVEEBZEAgQCAgBAAAEEQQAECAIAAAgIIAAAgYACQMABVhEgAAAgAAAAAAAAAAAAAACAAIAABAAACAACAQKAAAACAACAAgQAAwAUIAEAAICgAAIEAAAAAARAAAAIAAAAAQAEhAAAAAIAAQIAiAAAAAkAAAAAAAAAABAAAgAAAAAIAAAIAAAAAAAAAACBAAAAEAAAAgAAAAAAAAAAAAAAQAAAAAAAAAAAAABAAAAEAgAAAAAAAAgAAA&gpp_sid=2&google_gid=CAESEA7QmUODK2z0xyPCNmet7yg&google_cver=1:0
[  126067ms] [ERROR] Failed to load resource: net::ERR_NAME_NOT_RESOLVED @ https://tags.bluekai.com/site/2981?redir=https%3A%2F%2Fcm.g.doubleclick.net%2Fpixel%3Fgoogle_nid%3Dbluekai%26google_hm%3D%24_BK_UUID_B64&gdpr=1&gdpr_consent=CQl5JrAQl5JrAAfFdGITCjFsAP_gAEPgAAYgLdtR9G9fbSFj8DZ3YbokYIwPxVho6sAhBgCAkmgFCLuELIwEhWEQIAyCIiACGBIAODQAIAEgGAgQQUAgIIABLADMYEAQYCBKICBAABIRIkAQCAgKAAAgUAAAgmBGAgQAiASNAZIASMwAgQAGEXAgKAAAAACQAQAIACEAQAEAAAAAQCgAgAAAgAAAAAAAABAIAAAAAAAAACAAAAAAAAAAAAAABAAAAICAACAAAAAAAAAAQiAAAAAAAACC3YAJBoVEEBZEAgQCAgBAAAEEQQAECAIAAAgIIAAAgYACQMABVhEgAAAgAAAAAAAAAAAAAACAAIAABAAACAACAQKAAAACAACAAgQAAwAUIAEAAICgAAIEAAAAAARAAAAIAAAAAQAEhAAAAAIAAQIAiAAAAAkAAAAAAAAAABAAAgAAAAAIAAAIAAAAAAAAAACBAAAAEAAAAgAAAAAAAAAAAAAAQAAAAAAAAAAAAABAAAAEAgAAAAAAAAgAAA.ILdtR9G9fbSFn8DZ3YbokYIwfxVho6sAhBgCAkmgFCLuELIwElWESIAyCIiACGBIAODQAIAEoGAgQQUAgIIABLBDsYEAQYCBKICBAADIRYkAQCAgKAAAgUAAAgmBGAgQAiASNAZIASMwAgQAmEXAgKIAAAACQAQAIACEAQAEAACAAQCgAgAAAgAAAAAAAABAIEAAAAQAAACAAAAAAAAAAAAAABAAAAICAACAAAAAEAAAAQiAAAAAAAAC&addtl_consent=1~2979.591.2358.1135.3043.3330.2140.802.1859.2645.3094.2609.3226.1963.1911.2234.2571.3240.2839.1745.1053.3182.2961.3314.2425.2629.3136.2661.2981.3270.3328.2643.2035.1095.1051.149.2115.2940.2325.1750.899.239.2147.1525.1838.3028.1978.2888.61.3185.2133.1268.1495.43.147.1786.2103.2219.2860.2834.370.1356.2309.89.1312.2994.161.211.2816.1226.1284.568.1962.1944.1162.1048.1092.2279.3012.2844.2846.2852.1603.3093.1968.3119.3227.3235.3253.1270.3075.117.3307.560.430.2472.2650.2862.2414.3002.2970.3217.2400.2335.159.2604.2956.3135.3237.358.1810.3077.2488.3251.2526.3149.2596.2878.2950.2986.2968.3000.3126.2883.495.3038.2064.2370.2166.3196.1097.2224.2901.3017.2583.2865.3214.2973.407.904.2493.3005.2461.2813.1067.2929.2987.3059.2687.2535.2651.3003.1598.2477.2695.1025.1345.1882.436.797.2359.2772.3095.291.2684.2838.1276.2614.2882.1880.1415.839.1188.1152.2387.2898.2271.1126.2373.2854.2880.1725.314.2027.3058.1149.3074.1616.2447.1558.3234.3190.2403.3292.1825.1307.1031.1985.3250.2917.1440.2405.2156.2278.2681.1227.2056.2891.2909.122.3188.2376.1678.2927.2997.20.340.2415.1929.2767.144.2791.2805.1735.2863.2893.2849.3300.3009.3053.2130.2527.2821.70.2995.236.192.371.1753.415.2322.3127.494.2920.2568.2670.2205.3066.2510.1800.2612.2714.803.1699.3215.2964.2658.981.3209.1712.1583.2552.2343.2922.1732.327.3097.3155.2534.2642.1555.979.2656.3173.3315.486.3109.2636.576.313.2331.3117.522.550.1677.3073.2564.2916.3070.3145.2486.2044.2690.2966.3151.2646.2440.2542.2792.2894.3089.3293.2778.2975.1721.2354.864.2124.1029.1166.2931.1516.2316.2867.3306.3128.2881.286.2567.2669.2328.2779.2052.938.3288.1365.1027.3318.2869.2831.1205.272.2068.922.491.367.2897.3019.3130.3290.3063.1099.1638.2713.230.108.2949.1682.2963.3238.1843.3210.2657.3244.3172.2465.1540.1967.1570.3120.3222.2965.2575.3260.2787.124.2453.1845.2569.2729.1416.1143.2039.2947.3112.587.3316.3272.3187.3052.2886.985.3231.3257.3008.3099.2253.737.1455.2498.2377.2850.1942.3189.1046.1782.2908.323.3010.311.2484.931.2295.1870.2983.2427.429.1889.2072.2817.2875.266.196.2090.2186.2559.2336.2220.1107.3296.2501.2074.2801.2941.2999.445.2088.322.3228.2517.1301.2895.2677.3184.2889.3055.2468.2584.2974.1697.2628.2698.2980.135.2660.1252.2918.2610.1964.3225.2572.2784.2798.1003.442.93.1832.2830.1716.1419.2874.3034.1579.1840.424.1449.1667.1403.574.2107.3018.1290.2008.2506.2884.2930.1651.1375.2418.2770.83.3167.2225.2109.3223.2900.3016.1040.2812.55.143.1186.259.2768.1878.2887.1514.385.3076.2416.3236.2652.2282.184.3230.2605.2003.2047.1548.523.1512.1917.820.2621.3194.1047.2577.1969.2222.2531.46.310.3324.1827.2633.3106.2985.1584&gpp=DBABM~CQl5JrAQl5JrAAfFdGITCjFsAP_gAEPgAAYgLdtR9G9fbSFj8DZ3YbokYIwPxVho6sAhBgCAkmgFCLuELIwEhWEQIAyCIiACGBIAODQAIAEgGAgQQUAgIIABLADMYEAQYCBKICBAABIRIkAQCAgKAAAgUAAAgmBGAgQAiASNAZIASMwAgQAGEXAgKAAAAACQAQAIACEAQAEAAAAAQCgAgAAAgAAAAAAAABAIAAAAAAAAACAAAAAAAAAAAAAABAAAAICAACAAAAAAAAAAQiAAAAAAAACC3YAJBoVEEBZEAgQCAgBAAAEEQQAECAIAAAgIIAAAgYACQMABVhEgAAAgAAAAAAAAAAAAAACAAIAABAAACAACAQKAAAACAACAAgQAAwAUIAEAAICgAAIEAAAAAARAAAAIAAAAAQAEhAAAAAIAAQIAiAAAAAkAAAAAAAAAABAAAgAAAAAIAAAIAAAAAAAAAACBAAAAEAAAAgAAAAAAAAAAAAAAQAAAAAAAAAAAAABAAAAEAgAAAAAAAAgAAA&gpp_sid=2:0
[  126068ms] [ERROR] Failed to load resource: net::ERR_NAME_NOT_RESOLVED @ https://tags.bluekai.com/site/2981?id=&gdpr=1&gdpr_consent=CQl5JrAQl5JrAAfFdGITCjFsAP_gAEPgAAYgLdtR9G9fbSFj8DZ3YbokYIwPxVho6sAhBgCAkmgFCLuELIwEhWEQIAyCIiACGBIAODQAIAEgGAgQQUAgIIABLADMYEAQYCBKICBAABIRIkAQCAgKAAAgUAAAgmBGAgQAiASNAZIASMwAgQAGEXAgKAAAAACQAQAIACEAQAEAAAAAQCgAgAAAgAAAAAAAABAIAAAAAAAAACAAAAAAAAAAAAAABAAAAICAACAAAAAAAAAAQiAAAAAAAACC3YAJBoVEEBZEAgQCAgBAAAEEQQAECAIAAAgIIAAAgYACQMABVhEgAAAgAAAAAAAAAAAAAACAAIAABAAACAACAQKAAAACAACAAgQAAwAUIAEAAICgAAIEAAAAAARAAAAIAAAAAQAEhAAAAAIAAQIAiAAAAAkAAAAAAAAAABAAAgAAAAAIAAAIAAAAAAAAAACBAAAAEAAAAgAAAAAAAAAAAAAAQAAAAAAAAAAAAABAAAAEAgAAAAAAAAgAAA.ILdtR9G9fbSFn8DZ3YbokYIwfxVho6sAhBgCAkmgFCLuELIwElWESIAyCIiACGBIAODQAIAEoGAgQQUAgIIABLBDsYEAQYCBKICBAADIRYkAQCAgKAAAgUAAAgmBGAgQAiASNAZIASMwAgQAmEXAgKIAAAACQAQAIACEAQAEAACAAQCgAgAAAgAAAAAAAABAIEAAAAQAAACAAAAAAAAAAAAAABAAAAICAACAAAAAEAAAAQiAAAAAAAAC&addtl_consent=1~2979.591.2358.1135.3043.3330.2140.802.1859.2645.3094.2609.3226.1963.1911.2234.2571.3240.2839.1745.1053.3182.2961.3314.2425.2629.3136.2661.2981.3270.3328.2643.2035.1095.1051.149.2115.2940.2325.1750.899.239.2147.1525.1838.3028.1978.2888.61.3185.2133.1268.1495.43.147.1786.2103.2219.2860.2834.370.1356.2309.89.1312.2994.161.211.2816.1226.1284.568.1962.1944.1162.1048.1092.2279.3012.2844.2846.2852.1603.3093.1968.3119.3227.3235.3253.1270.3075.117.3307.560.430.2472.2650.2862.2414.3002.2970.3217.2400.2335.159.2604.2956.3135.3237.358.1810.3077.2488.3251.2526.3149.2596.2878.2950.2986.2968.3000.3126.2883.495.3038.2064.2370.2166.3196.1097.2224.2901.3017.2583.2865.3214.2973.407.904.2493.3005.2461.2813.1067.2929.2987.3059.2687.2535.2651.3003.1598.2477.2695.1025.1345.1882.436.797.2359.2772.3095.291.2684.2838.1276.2614.2882.1880.1415.839.1188.1152.2387.2898.2271.1126.2373.2854.2880.1725.314.2027.3058.1149.3074.1616.2447.1558.3234.3190.2403.3292.1825.1307.1031.1985.3250.2917.1440.2405.2156.2278.2681.1227.2056.2891.2909.122.3188.2376.1678.2927.2997.20.340.2415.1929.2767.144.2791.2805.1735.2863.2893.2849.3300.3009.3053.2130.2527.2821.70.2995.236.192.371.1753.415.2322.3127.494.2920.2568.2670.2205.3066.2510.1800.2612.2714.803.1699.3215.2964.2658.981.3209.1712.1583.2552.2343.2922.1732.327.3097.3155.2534.2642.1555.979.2656.3173.3315.486.3109.2636.576.313.2331.3117.522.550.1677.3073.2564.2916.3070.3145.2486.2044.2690.2966.3151.2646.2440.2542.2792.2894.3089.3293.2778.2975.1721.2354.864.2124.1029.1166.2931.1516.2316.2867.3306.3128.2881.286.2567.2669.2328.2779.2052.938.3288.1365.1027.3318.2869.2831.1205.272.2068.922.491.367.2897.3019.3130.3290.3063.1099.1638.2713.230.108.2949.1682.2963.3238.1843.3210.2657.3244.3172.2465.1540.1967.1570.3120.3222.2965.2575.3260.2787.124.2453.1845.2569.2729.1416.1143.2039.2947.3112.587.3316.3272.3187.3052.2886.985.3231.3257.3008.3099.2253.737.1455.2498.2377.2850.1942.3189.1046.1782.2908.323.3010.311.2484.931.2295.1870.2983.2427.429.1889.2072.2817.2875.266.196.2090.2186.2559.2336.2220.1107.3296.2501.2074.2801.2941.2999.445.2088.322.3228.2517.1301.2895.2677.3184.2889.3055.2468.2584.2974.1697.2628.2698.2980.135.2660.1252.2918.2610.1964.3225.2572.2784.2798.1003.442.93.1832.2830.1716.1419.2874.3034.1579.1840.424.1449.1667.1403.574.2107.3018.1290.2008.2506.2884.2930.1651.1375.2418.2770.83.3167.2225.2109.3223.2900.3016.1040.2812.55.143.1186.259.2768.1878.2887.1514.385.3076.2416.3236.2652.2282.184.3230.2605.2003.2047.1548.523.1512.1917.820.2621.3194.1047.2577.1969.2222.2531.46.310.3324.1827.2633.3106.2985.1584&gpp=DBABM~CQl5JrAQl5JrAAfFdGITCjFsAP_gAEPgAAYgLdtR9G9fbSFj8DZ3YbokYIwPxVho6sAhBgCAkmgFCLuELIwEhWEQIAyCIiACGBIAODQAIAEgGAgQQUAgIIABLADMYEAQYCBKICBAABIRIkAQCAgKAAAgUAAAgmBGAgQAiASNAZIASMwAgQAGEXAgKAAAAACQAQAIACEAQAEAAAAAQCgAgAAAgAAAAAAAABAIAAAAAAAAACAAAAAAAAAAAAAABAAAAICAACAAAAAAAAAAQiAAAAAAAACC3YAJBoVEEBZEAgQCAgBAAAEEQQAECAIAAAgIIAAAgYACQMABVhEgAAAgAAAAAAAAAAAAAACAAIAABAAACAACAQKAAAACAACAAgQAAwAUIAEAAICgAAIEAAAAAARAAAAIAAAAAQAEhAAAAAIAAQIAiAAAAAkAAAAAAAAAABAAAgAAAAAIAAAIAAAAAAAAAACBAAAAEAAAAgAAAAAAAAAAAAAAQAAAAAAAAAAAAABAAAAEAgAAAAAAAAgAAA&gpp_sid=2&google_gid=CAESEN-xPXHxCrtITAl4Wz4bhFQ&google_cver=1:0
[  155231ms] [ERROR] Failed to load resource: net::ERR_NAME_NOT_RESOLVED @ https://x.dlx.addthis.com/e/googlegdn_sync?na_exid=CAESEF8y2Qx663NJ18Sjry0g6j0&gdpr=1&gdpr_consent=CQl5JrAQl5JrAAfFdGITCjFsAP_gAEPgAAYgLdtR9G9fbSFj8DZ3YbokYIwPxVho6sAhBgCAkmgFCLuELIwEhWEQIAyCIiACGBIAODQAIAEgGAgQQUAgIIABLADMYEAQYCBKICBAABIRIkAQCAgKAAAgUAAAgmBGAgQAiASNAZIASMwAgQAGEXAgKAAAAACQAQAIACEAQAEAAAAAQCgAgAAAgAAAAAAAABAIAAAAAAAAACAAAAAAAAAAAAAABAAAAICAACAAAAAAAAAAQiAAAAAAAACC3YAJBoVEEBZEAgQCAgBAAAEEQQAECAIAAAgIIAAAgYACQMABVhEgAAAgAAAAAAAAAAAAAACAAIAABAAACAACAQKAAAACAACAAgQAAwAUIAEAAICgAAIEAAAAAARAAAAIAAAAAQAEhAAAAAIAAQIAiAAAAAkAAAAAAAAAABAAAgAAAAAIAAAIAAAAAAAAAACBAAAAEAAAAgAAAAAAAAAAAAAAQAAAAAAAAAAAAABAAAAEAgAAAAAAAAgAAA.ILdtR9G9fbSFn8DZ3YbokYIwfxVho6sAhBgCAkmgFCLuELIwElWESIAyCIiACGBIAODQAIAEoGAgQQUAgIIABLBDsYEAQYCBKICBAADIRYkAQCAgKAAAgUAAAgmBGAgQAiASNAZIASMwAgQAmEXAgKIAAAACQAQAIACEAQAEAACAAQCgAgAAAgAAAAAAAABAIEAAAAQAAACAAAAAAAAAAAAAABAAAAICAACAAAAAEAAAAQiAAAAAAAAC&addtl_consent=1~494.2271.2373.1697.70.1514.1725.143.149.314.184.1800.2133.2224.2325.2510.864.286.1029.1558.2253.2677.1097.2778.2779.938.2493.2047.89.442.1047.1027.1942.2792.820.1419.1732.1205.323.211.1312.1598.1025.46.310.491.1099.1284.1449.370.161.1092.1716.1985.1048.1584.1870.2068.436.797.20.2278.486.122.1882.2072.2295.2427.429.574.230.196.313.1682.2506.2531.1963.340.108.1540.2559.1911.2415.1276.144.1735.2614.2109.2791.2787.1415.2425.2453.2629.2088.2729.236.1143.1126.1301.1878.587.322.358.1152.2526.371.192.415.1753.259&gpp=DBABM~CQl5JrAQl5JrAAfFdGITCjFsAP_gAEPgAAYgLdtR9G9fbSFj8DZ3YbokYIwPxVho6sAhBgCAkmgFCLuELIwEhWEQIAyCIiACGBIAODQAIAEgGAgQQUAgIIABLADMYEAQYCBKICBAABIRIkAQCAgKAAAgUAAAgmBGAgQAiASNAZIASMwAgQAGEXAgKAAAAACQAQAIACEAQAEAAAAAQCgAgAAAgAAAAAAAABAIAAAAAAAAACAAAAAAAAAAAAAABAAAAICAACAAAAAAAAAAQiAAAAAAAACC3YAJBoVEEBZEAgQCAgBAAAEEQQAECAIAAAgIIAAAgYACQMABVhEgAAAgAAAAAAAAAAAAAACAAIAABAAACAACAQKAAAACAACAAgQAAwAUIAEAAICgAAIEAAAAAARAAAAIAAAAAQAEhAAAAAIAAQIAiAAAAAkAAAAAAAAAABAAAgAAAAAIAAAIAAAAAAAAAACBAAAAEAAAAgAAAAAAAAAAAAAAQAAAAAAAAAAAAABAAAAEAgAAAAAAAAgAAA&gpp_sid=2&google_cver=1:0
[   14039ms] [ERROR] Attestation check for Shared Storage on https://www.googleadservices.com failed. @ https://www.googleadservices.com/pagead/managed/js/activeview/current/reach_worklet.html:0
[   14079ms] [ERROR] Attestation check for Shared Storage on https://www.googleadservices.com failed. @ https://www.googleadservices.com/pagead/managed/js/activeview/current/reach_worklet.html:0
[   38932ms] [ERROR] Attestation check for Shared Storage on https://www.googleadservices.com failed. @ https://www.googleadservices.com/pagead/managed/js/activeview/current/reach_worklet.html:0
[   47335ms] [ERROR] Attestation check for Shared Storage on https://www.googleadservices.com failed. @ https://www.googleadservices.com/pagead/managed/js/activeview/current/reach_worklet.html:0
[   68477ms] [ERROR] Attestation check for Shared Storage on https://www.googleadservices.com failed. @ https://www.googleadservices.com/pagead/managed/js/activeview/current/reach_worklet.html:0
[   76493ms] [ERROR] Attestation check for Shared Storage on https://www.googleadservices.com failed. @ https://www.googleadservices.com/pagead/managed/js/activeview/current/reach_worklet.html:0
[   97767ms] [ERROR] Attestation check for Shared Storage on https://www.googleadservices.com failed. @ https://www.googleadservices.com/pagead/managed/js/activeview/current/reach_worklet.html:0
[  126849ms] [ERROR] Attestation check for Shared Storage on https://www.googleadservices.com failed. @ https://www.googleadservices.com/pagead/managed/js/activeview/current/reach_worklet.html:0
[  155521ms] [ERROR] Attestation check for Shared Storage on https://www.googleadservices.com failed. @ https://www.googleadservices.com/pagead/managed/js/activeview/current/reach_worklet.html:0
[  184352ms] Uncaught TypeError: Cannot read properties of undefined (reading 'version')
    at b (https://scripts.journeymv.com/tags/3.51.6/wrapper.min.js?bust=1504196159:1:289175)
    at <anonymous> (https://scripts.journeymv.com/tags/3.51.6/wrapper.min.js?bust=1504196159:1:101126)
    at <anonymous> (https://scripts.journeymv.com/tags/3.51.6/wrapper.min.js?bust=1504196159:1:100766)
[  184353ms] [ERROR] Attestation check for Shared Storage on https://www.googleadservices.com failed. @ https://www.googleadservices.com/pagead/managed/js/activeview/current/reach_worklet.html:0
[  188774ms] [WARNING] The resource https://securepubads.g.doubleclick.net/tag/js/gpt.js was preloaded using link preload but not used within a few seconds from the window's load event. Please make sure it has an appropriate `as` value and it is preloaded intentionally. @ https://expiter.com/blog/articles/:0
[  199601ms] [WARNING] The resource https://securepubads.g.doubleclick.net/tag/js/gpt.js was preloaded using link preload but not used within a few seconds from the window's load event. Please make sure it has an appropriate `as` value and it is preloaded intentionally. @ https://expiter.com/blog/articles/:0
[  207473ms] [WARNING] The resource https://securepubads.g.doubleclick.net/tag/js/gpt.js was preloaded using link preload but not used within a few seconds from the window's load event. Please make sure it has an appropriate `as` value and it is preloaded intentionally. @ https://expiter.com/blog/articles/:0
[  212642ms] [WARNING] The resource https://securepubads.g.doubleclick.net/tag/js/gpt.js was preloaded using link preload but not used within a few seconds from the window's load event. Please make sure it has an appropriate `as` value and it is preloaded intentionally. @ https://expiter.com/blog/articles/:0
[   11506ms] [ERROR] Failed to load resource: the server responded with a status of 404 () @ https://ad.sxp.smartclip.net/sync?type=host&dsp=10&dspuuid=CAESEKBPdiGONJvUgVvfvcG7Egc&gdpr=1&gdpr_consent=CQl5JrAQl5JrAAfFdGITCjFsAP_gAEPgAAYgLdtR9G9fbSFj8DZ3YbokYIwPxVho6sAhBgCAkmgFCLuELIwEhWEQIAyCIiACGBIAODQAIAEgGAgQQUAgIIABLADMYEAQYCBKICBAABIRIkAQCAgKAAAgUAAAgmBGAgQAiASNAZIASMwAgQAGEXAgKAAAAACQAQAIACEAQAEAAAAAQCgAgAAAgAAAAAAAABAIAAAAAAAAACAAAAAAAAAAAAAABAAAAICAACAAAAAAAAAAQiAAAAAAAACC3YAJBoVEEBZEAgQCAgBAAAEEQQAECAIAAAgIIAAAgYACQMABVhEgAAAgAAAAAAAAAAAAAACAAIAABAAACAACAQKAAAACAACAAgQAAwAUIAEAAICgAAIEAAAAAARAAAAIAAAAAQAEhAAAAAIAAQIAiAAAAAkAAAAAAAAAABAAAgAAAAAIAAAIAAAAAAAAAACBAAAAEAAAAgAAAAAAAAAAAAAAQAAAAAAAAAAAAABAAAAEAgAAAAAAAAgAAA.ILdtR9G9fbSFn8DZ3YbokYIwfxVho6sAhBgCAkmgFCLuELIwElWESIAyCIiACGBIAODQAIAEoGAgQQUAgIIABLBDsYEAQYCBKICBAADIRYkAQCAgKAAAgUAAAgmBGAgQAiASNAZIASMwAgQAmEXAgKIAAAACQAQAIACEAQAEAACAAQCgAgAAAgAAAAAAAABAIEAAAAQAAACAAAAAAAAAAAAAABAAAAICAACAAAAAEAAAAQiAAAAAAAAC&addtl_consent=1~2997.367.2415.2767.2927.144.1929.1227.2805.2863.2891.122.3188.2376.1678.2909.2056.20.2130.2821.70.2527.340.371.2995.236.415.192.2322.1753.3009.1735.2791.3053.3300.2849.2893.803.1699.3215.3209.2658.981.1712.1583.3127.494.2568.2670.2920.2205.3066.2510.1800.2612.2714.2964.3097.2534.979.2642.3155.1555.3173.3315.2656.2552.2343.2922.1732.327.291.2684.2838.1276.2614.2882.1882.436.2359.2772.3095.797.1152.2387.2271.2373.2854.2880.2898.1126.1415.1880.3058.839.1188.3074.1616.2447.1558.3234.3190.2403.3292.1725.2027.314.1149.3250.1440.2917.2405.2156.2278.2681.1825.1307.1031.3307.1985.430.2472.2414.3217.2650.2844.2862.2970.3002.1603.3093.1968.3119.3235.3253.1270.3075.117.2488.2986.560.2526.2596.2878.3000.3149.2968.3038.2400.2335.159.2604.2956.3135.3237.358.1810.3077.3251.3214.2583.2865.3005.2950.407.904.2493.2973.2461.2813.1067.2929.495.2883.2987.3126.2064.2166.2370.3196.1097.2224.2535.2651.2901.3003.3017.1025.1598.2477.1345.2695.3059.2687.2609.2839.3226.1963.1911.2234.2571.3240.3182.1745.1053.2961.2358.591.2979.3330.802.2645.3094.1859.1051.1095.3314.2425.2629.3136.2661.2981.3270.2643.3328.2035.1838.1978.2888.3028.3185.61.1268.2219.1495.149.1786.43.2325.2940.1750.899.2103.239.2115.1525.2133.161.1226.1284.2147.2852.1048.568.1962.1092.1162.3227.1944.3012.2279.147.2834.2846.2860.1356.2309.2816.89.2994.1312.370.2930.211.1651.1375.2418.3167.83.1403.574.2107.2770.3018.1290.2506.2884.2008.2812.1040.143.259.2416.1878.2652.2768.3016.1186.2225.3223.2109.2900.2003.55.1548.2047.1514.2887.385.3076.3236.2282.184.3230.2605.2531.310.3324.2633.1135.1584.1827.2985.2140.523.3043.3106.1512.820.1917.2621.1047.3194.1969.2222.2577.46.2559.2336.2220.1107.3296.2501.2072.2427.429.1889.2817.2875.2983.266.196.2090.2186.1301.322.3228.2517.2677.3184.2889.2895.2074.3055.2801.2941.2999.2918.2088.2610.445.1964.3225.2572.2468.2584.2784.2974.1697.1252.2628.2698.135.2660.2980.1449.1840.1667.2798.1003.442.93.2830.3034.1419.1579.2874.1716.3210.2657.1832.3172.424.2465.1540.1638.230.108.2713.2949.2963.1682.1843.3238.3244.2039.3112.1416.3316.587.3272.1570.1143.3120.2965.1967.2575.3222.2787.3260.124.2453.1845.2569.2729.2947.3099.2253.737.3187.3052.2886.985.3231.3257.3008.2484.311.1870.2295.1455.1046.2377.2498.2850.1942.3189.1782.2908.323.3010.2331.3117.522.931.1677.2564.2916.3070.3073.3109.486.2636.576.313.550.2440.2542.2792.2894.3089.3293.2778.3145.2486.1166.2044.2690.2966.3151.2646.3306.3128.286.2567.2669.2779.2328.2881.3288.938.2975.2354.2052.1721.864.2316.2867.1029.2124.2931.1516.2068.922.3019.3130.2897.1099.491.3063.1365.1027.3290.3318.2831.2869.272.1205&gpp=DBABM~CQl5JrAQl5JrAAfFdGITCjFsAP_gAEPgAAYgLdtR9G9fbSFj8DZ3YbokYIwPxVho6sAhBgCAkmgFCLuELIwEhWEQIAyCIiACGBIAODQAIAEgGAgQQUAgIIABLADMYEAQYCBKICBAABIRIkAQCAgKAAAgUAAAgmBGAgQAiASNAZIASMwAgQAGEXAgKAAAAACQAQAIACEAQAEAAAAAQCgAgAAAgAAAAAAAABAIAAAAAAAAACAAAAAAAAAAAAAABAAAAICAACAAAAAAAAAAQiAAAAAAAACC3YAJBoVEEBZEAgQCAgBAAAEEQQAECAIAAAgIIAAAgYACQMABVhEgAAAgAAAAAAAAAAAAAACAAIAABAAACAACAQKAAAACAACAAgQAAwAUIAEAAICgAAIEAAAAAARAAAAIAAAAAQAEhAAAAAIAAQIAiAAAAAkAAAAAAAAAABAAAgAAAAAIAAAIAAAAAAAAAACBAAAAEAAAAgAAAAAAAAAAAAAAQAAAAAAAAAAAAABAAAAEAgAAAAAAAAgAAA&gpp_sid=2&google_cver=1:0
[   67824ms] [ERROR] Failed to load resource: net::ERR_NAME_NOT_RESOLVED @ https://sync.search.spotxchange.com/partner?adv_id=7025&gdpr=1&gdpr_consent=CQl5JrAQl5JrAAfFdGITCjFsAP_gAEPgAAYgLdtR9G9fbSFj8DZ3YbokYIwPxVho6sAhBgCAkmgFCLuELIwEhWEQIAyCIiACGBIAODQAIAEgGAgQQUAgIIABLADMYEAQYCBKICBAABIRIkAQCAgKAAAgUAAAgmBGAgQAiASNAZIASMwAgQAGEXAgKAAAAACQAQAIACEAQAEAAAAAQCgAgAAAgAAAAAAAABAIAAAAAAAAACAAAAAAAAAAAAAABAAAAICAACAAAAAAAAAAQiAAAAAAAACC3YAJBoVEEBZEAgQCAgBAAAEEQQAECAIAAAgIIAAAgYACQMABVhEgAAAgAAAAAAAAAAAAAACAAIAABAAACAACAQKAAAACAACAAgQAAwAUIAEAAICgAAIEAAAAAARAAAAIAAAAAQAEhAAAAAIAAQIAiAAAAAkAAAAAAAAAABAAAgAAAAAIAAAIAAAAAAAAAACBAAAAEAAAAgAAAAAAAAAAAAAAQAAAAAAAAAAAAABAAAAEAgAAAAAAAAgAAA.ILdtR9G9fbSFn8DZ3YbokYIwfxVho6sAhBgCAkmgFCLuELIwElWESIAyCIiACGBIAODQAIAEoGAgQQUAgIIABLBDsYEAQYCBKICBAADIRYkAQCAgKAAAgUAAAgmBGAgQAiASNAZIASMwAgQAmEXAgKIAAAACQAQAIACEAQAEAACAAQCgAgAAAgAAAAAAAABAIEAAAAQAAACAAAAAAAAAAAAAABAAAAICAACAAAAAEAAAAQiAAAAAAAAC&addtl_consent=1~2652.899.143.1186.2325.1750.259.1040.1878.2416.2768.2812.2900.2109.3016.2225.1651.55.3223.2418.3167.83.1375.2770.2884.1290.2008.2506.2930.574.1403.2633.3043.2985.3106.1584.3018.2107.2140.2531.1827.310.3324.3194.2222.2577.1135.1512.1917.1969.523.820.2621.2047.46.1548.1047.2003.2282.2605.184.3230.3236.2887.1514.385.3076.2677.3184.2517.2889.1301.322.3228.2895.3055.2801.2941.2999.2088.2074.445.1107.2336.2559.2501.3296.2220.196.266.1889.2072.2090.2186.2427.2817.429.1667.2875.2983.1449.1840.2874.1579.1716.2798.424.442.93.2830.3034.2610.1003.3225.2572.1419.2784.2918.1832.1964.2628.2698.2980.2660.2468.135.1252.1697.2584.2974.3272.1416.587.3112.3316.1143.2729.2947.1845.2453.2039.3120.1967.1570.2569.2575.3222.3260.2787.1540.2465.3210.2657.124.2965.3172.1682.2949.230.3238.3244.1843.108.2713.2963.1638.1870.2295.2484.311.2908.1782.931.3010.323.2498.2377.2850.1455.3189.1942.737.3099.1046.2253.3231.3257.3008.985.3187.2886.3052.2778.2440.2542.2792.2894.3089.2966.3293.1166.3151.2646.3145.2044.2486.2690.3073.1677.2564.2916.2331.522.3117.3070.576.2636.550.313.3109.2897.486.3063.3290.922.2068.3019.3130.272.491.1099.3318.367.2831.1205.2328.1365.938.1027.2052.3288.3306.2869.3128.286.1516.2669.2779.2124.2881.2931.1721.2567.2354.2975.2867.2316.864.1029.415.192.2995.2130.2322.1753.236.371.2527.3053.3300.70.2821.2849.2791.2893.3009.1735.1929.2415.144.2767.2997.2805.2863.2376.3188.2927.1678.2891.2909.340.1227.2656.20.1555.3173.2056.3097.3315.122.979.2534.3155.2642.327.1732.2343.2552.3209.2658.1712.2922.803.3215.1583.1699.981.1800.2510.3066.2612.2714.2964.3127.2568.2271.2205.2373.2670.2920.494.2854.2880.3058.2898.1152.2387.1126.839.1880.1188.1415.1276.2614.2882.2684.291.2838.3095.2772.797.1882.2359.436.2681.2405.2156.2278.1440.3250.2917.1985.1825.1307.3190.2403.3292.1031.1616.3074.2447.3234.1558.1149.314.2027.3149.3000.2968.1725.3038.2488.2526.2596.2878.2986.3135.3237.3251.1810.3077.358.2400.2956.2335.2604.2472.2650.3217.2862.2950.159.2414.3307.430.2970.3002.3235.560.3075.1270.3253.117.3093.2844.1603.3119.1345.1968.2695.2535.2477.1025.2651.1598.3003.2687.3059.2493.2461.407.2583.3214.2813.904.1067.2865.2929.2973.2987.3005.2224.2901.1097.3196.3017.3126.2883.495.2370.2064.2166.1051.1095.3270.3328.2035.2643.3314.2425.2629.2981.2661.2234.3136.3240.1745.1911.3182.1053.2609.2839.1963.2961.2571.3226.3330.1859.3094.802.2645.2979.591.2358.2846.1962.3227.568.1092.1162.1226.3012.1284.161.2279.2852.1944.370.1048.1312.2816.2309.147.2860.2994.211.89.1356.2834.2103.1495.2219.1786.3028.1838.2888.3185.1268.43.239.61.1978.1525.2133.2940.149.2115.2147&gpp=DBABM~CQl5JrAQl5JrAAfFdGITCjFsAP_gAEPgAAYgLdtR9G9fbSFj8DZ3YbokYIwPxVho6sAhBgCAkmgFCLuELIwEhWEQIAyCIiACGBIAODQAIAEgGAgQQUAgIIABLADMYEAQYCBKICBAABIRIkAQCAgKAAAgUAAAgmBGAgQAiASNAZIASMwAgQAGEXAgKAAAAACQAQAIACEAQAEAAAAAQCgAgAAAgAAAAAAAABAIAAAAAAAAACAAAAAAAAAAAAAABAAAAICAACAAAAAAAAAAQiAAAAAAAACC3YAJBoVEEBZEAgQCAgBAAAEEQQAECAIAAAgIIAAAgYACQMABVhEgAAAgAAAAAAAAAAAAAACAAIAABAAACAACAQKAAAACAACAAgQAAwAUIAEAAICgAAIEAAAAAARAAAAIAAAAAQAEhAAAAAIAAQIAiAAAAAkAAAAAAAAAABAAAgAAAAAIAAAIAAAAAAAAAACBAAAAEAAAAgAAAAAAAAAAAAAAQAAAAAAAAAAAAABAAAAEAgAAAAAAAAgAAA&gpp_sid=2&redir=https%3A%2F%2Fcm.g.doubleclick.net%2Fpixel%3Fgoogle_nid%3Dspotxchange_dbm%26google_hm%3D%24SPOTX_BASE64_USER_ID:0
[   67825ms] [ERROR] Failed to load resource: net::ERR_NAME_NOT_RESOLVED @ https://sync.search.spotxchange.com/partner?adv_id=7025&gdpr=1&gdpr_consent=CQl5JrAQl5JrAAfFdGITCjFsAP_gAEPgAAYgLdtR9G9fbSFj8DZ3YbokYIwPxVho6sAhBgCAkmgFCLuELIwEhWEQIAyCIiACGBIAODQAIAEgGAgQQUAgIIABLADMYEAQYCBKICBAABIRIkAQCAgKAAAgUAAAgmBGAgQAiASNAZIASMwAgQAGEXAgKAAAAACQAQAIACEAQAEAAAAAQCgAgAAAgAAAAAAAABAIAAAAAAAAACAAAAAAAAAAAAAABAAAAICAACAAAAAAAAAAQiAAAAAAAACC3YAJBoVEEBZEAgQCAgBAAAEEQQAECAIAAAgIIAAAgYACQMABVhEgAAAgAAAAAAAAAAAAAACAAIAABAAACAACAQKAAAACAACAAgQAAwAUIAEAAICgAAIEAAAAAARAAAAIAAAAAQAEhAAAAAIAAQIAiAAAAAkAAAAAAAAAABAAAgAAAAAIAAAIAAAAAAAAAACBAAAAEAAAAgAAAAAAAAAAAAAAQAAAAAAAAAAAAABAAAAEAgAAAAAAAAgAAA.ILdtR9G9fbSFn8DZ3YbokYIwfxVho6sAhBgCAkmgFCLuELIwElWESIAyCIiACGBIAODQAIAEoGAgQQUAgIIABLBDsYEAQYCBKICBAADIRYkAQCAgKAAAgUAAAgmBGAgQAiASNAZIASMwAgQAmEXAgKIAAAACQAQAIACEAQAEAACAAQCgAgAAAgAAAAAAAABAIEAAAAQAAACAAAAAAAAAAAAAABAAAAICAACAAAAAEAAAAQiAAAAAAAAC&addtl_consent=1~2652.899.143.1186.2325.1750.259.1040.1878.2416.2768.2812.2900.2109.3016.2225.1651.55.3223.2418.3167.83.1375.2770.2884.1290.2008.2506.2930.574.1403.2633.3043.2985.3106.1584.3018.2107.2140.2531.1827.310.3324.3194.2222.2577.1135.1512.1917.1969.523.820.2621.2047.46.1548.1047.2003.2282.2605.184.3230.3236.2887.1514.385.3076.2677.3184.2517.2889.1301.322.3228.2895.3055.2801.2941.2999.2088.2074.445.1107.2336.2559.2501.3296.2220.196.266.1889.2072.2090.2186.2427.2817.429.1667.2875.2983.1449.1840.2874.1579.1716.2798.424.442.93.2830.3034.2610.1003.3225.2572.1419.2784.2918.1832.1964.2628.2698.2980.2660.2468.135.1252.1697.2584.2974.3272.1416.587.3112.3316.1143.2729.2947.1845.2453.2039.3120.1967.1570.2569.2575.3222.3260.2787.1540.2465.3210.2657.124.2965.3172.1682.2949.230.3238.3244.1843.108.2713.2963.1638.1870.2295.2484.311.2908.1782.931.3010.323.2498.2377.2850.1455.3189.1942.737.3099.1046.2253.3231.3257.3008.985.3187.2886.3052.2778.2440.2542.2792.2894.3089.2966.3293.1166.3151.2646.3145.2044.2486.2690.3073.1677.2564.2916.2331.522.3117.3070.576.2636.550.313.3109.2897.486.3063.3290.922.2068.3019.3130.272.491.1099.3318.367.2831.1205.2328.1365.938.1027.2052.3288.3306.2869.3128.286.1516.2669.2779.2124.2881.2931.1721.2567.2354.2975.2867.2316.864.1029.415.192.2995.2130.2322.1753.236.371.2527.3053.3300.70.2821.2849.2791.2893.3009.1735.1929.2415.144.2767.2997.2805.2863.2376.3188.2927.1678.2891.2909.340.1227.2656.20.1555.3173.2056.3097.3315.122.979.2534.3155.2642.327.1732.2343.2552.3209.2658.1712.2922.803.3215.1583.1699.981.1800.2510.3066.2612.2714.2964.3127.2568.2271.2205.2373.2670.2920.494.2854.2880.3058.2898.1152.2387.1126.839.1880.1188.1415.1276.2614.2882.2684.291.2838.3095.2772.797.1882.2359.436.2681.2405.2156.2278.1440.3250.2917.1985.1825.1307.3190.2403.3292.1031.1616.3074.2447.3234.1558.1149.314.2027.3149.3000.2968.1725.3038.2488.2526.2596.2878.2986.3135.3237.3251.1810.3077.358.2400.2956.2335.2604.2472.2650.3217.2862.2950.159.2414.3307.430.2970.3002.3235.560.3075.1270.3253.117.3093.2844.1603.3119.1345.1968.2695.2535.2477.1025.2651.1598.3003.2687.3059.2493.2461.407.2583.3214.2813.904.1067.2865.2929.2973.2987.3005.2224.2901.1097.3196.3017.3126.2883.495.2370.2064.2166.1051.1095.3270.3328.2035.2643.3314.2425.2629.2981.2661.2234.3136.3240.1745.1911.3182.1053.2609.2839.1963.2961.2571.3226.3330.1859.3094.802.2645.2979.591.2358.2846.1962.3227.568.1092.1162.1226.3012.1284.161.2279.2852.1944.370.1048.1312.2816.2309.147.2860.2994.211.89.1356.2834.2103.1495.2219.1786.3028.1838.2888.3185.1268.43.239.61.1978.1525.2133.2940.149.2115.2147&gpp=DBABM~CQl5JrAQl5JrAAfFdGITCjFsAP_gAEPgAAYgLdtR9G9fbSFj8DZ3YbokYIwPxVho6sAhBgCAkmgFCLuELIwEhWEQIAyCIiACGBIAODQAIAEgGAgQQUAgIIABLADMYEAQYCBKICBAABIRIkAQCAgKAAAgUAAAgmBGAgQAiASNAZIASMwAgQAGEXAgKAAAAACQAQAIACEAQAEAAAAAQCgAgAAAgAAAAAAAABAIAAAAAAAAACAAAAAAAAAAAAAABAAAAICAACAAAAAAAAAAQiAAAAAAAACC3YAJBoVEEBZEAgQCAgBAAAEEQQAECAIAAAgIIAAAgYACQMABVhEgAAAgAAAAAAAAAAAAAACAAIAABAAACAACAQKAAAACAACAAgQAAwAUIAEAAICgAAIEAAAAAARAAAAIAAAAAQAEhAAAAAIAAQIAiAAAAAkAAAAAAAAAABAAAgAAAAAIAAAIAAAAAAAAAACBAAAAEAAAAgAAAAAAAAAAAAAAQAAAAAAAAAAAAABAAAAEAgAAAAAAAAgAAA&gpp_sid=2&uid=CAESEC15bMnw4M8nzD2tlc8o1cc&google_cver=1:0
[   97096ms] [ERROR] Failed to load resource: the server responded with a status of 404 () @ https://bcp.crwdcntrl.net/gmap/?gdpr=1&gdpr_consent=CQl5JrAQl5JrAAfFdGITCjFsAP_gAEPgAAYgLdtR9G9fbSFj8DZ3YbokYIwPxVho6sAhBgCAkmgFCLuELIwEhWEQIAyCIiACGBIAODQAIAEgGAgQQUAgIIABLADMYEAQYCBKICBAABIRIkAQCAgKAAAgUAAAgmBGAgQAiASNAZIASMwAgQAGEXAgKAAAAACQAQAIACEAQAEAAAAAQCgAgAAAgAAAAAAAABAIAAAAAAAAACAAAAAAAAAAAAAABAAAAICAACAAAAAAAAAAQiAAAAAAAACC3YAJBoVEEBZEAgQCAgBAAAEEQQAECAIAAAgIIAAAgYACQMABVhEgAAAgAAAAAAAAAAAAAACAAIAABAAACAACAQKAAAACAACAAgQAAwAUIAEAAICgAAIEAAAAAARAAAAIAAAAAQAEhAAAAAIAAQIAiAAAAAkAAAAAAAAAABAAAgAAAAAIAAAIAAAAAAAAAACBAAAAEAAAAgAAAAAAAAAAAAAAQAAAAAAAAAAAAABAAAAEAgAAAAAAAAgAAA.ILdtR9G9fbSFn8DZ3YbokYIwfxVho6sAhBgCAkmgFCLuELIwElWESIAyCIiACGBIAODQAIAEoGAgQQUAgIIABLBDsYEAQYCBKICBAADIRYkAQCAgKAAAgUAAAgmBGAgQAiASNAZIASMwAgQAmEXAgKIAAAACQAQAIACEAQAEAACAAQCgAgAAAgAAAAAAAABAIEAAAAQAAACAAAAAAAAAAAAAABAAAAICAACAAAAAEAAAAQiAAAAAAAAC&addtl_consent=1~2997.2927.367.272.2869.1205.2831.3318.3063.1027.3290.2897.1365.3130.3019.1099.2068.922.491.2931.2124.1516.864.2867.2354.2975.2316.2052.1721.3288.938.1029.286.2881.3128.2328.3306.2567.3151.2646.2669.2779.2486.2044.2690.3145.2778.1166.2966.3089.3293.2440.2542.2792.2894.550.2636.313.3109.576.2564.2916.3073.486.1677.3070.522.2331.3117.323.931.1782.2908.3010.1046.1455.2377.2498.1942.2850.2295.3189.1870.2484.311.3231.3008.3257.3187.2886.3052.985.737.2253.3099.2453.2569.1845.2729.2947.2965.124.1570.1967.3120.2575.3222.2787.3260.3272.2039.3112.587.3316.1416.1843.3238.1143.2949.230.3244.108.2713.1682.2963.2465.1638.1540.3172.2657.3210.2874.1716.1579.1832.1003.93.424.3034.2798.442.1667.2830.1419.1840.1449.2660.2628.2698.2974.2980.1252.135.1697.1964.2468.2572.3225.2584.2610.2784.2918.445.2801.2941.2999.2074.3184.2088.3055.2677.3228.1301.2889.2895.322.2517.2090.1889.2186.196.266.2875.2983.2427.2072.2501.2817.2336.429.3296.1107.2559.2220.2577.46.3194.1969.2222.2621.1917.1512.523.820.1584.1047.2633.3043.310.3106.3324.2985.1827.2531.2140.3230.184.1135.2605.2282.3076.1514.3236.2887.385.1548.2047.2003.3223.2109.2225.3016.2900.2416.55.2768.1186.143.2652.2812.259.1040.2506.1878.2008.1290.2884.3018.1403.2107.574.1375.3167.83.1651.2418.2770.211.2309.1312.2930.2994.370.2816.2834.147.89.1162.2860.3012.568.2279.1356.1092.1048.2846.1962.1944.161.3227.1284.1525.2133.239.2852.899.1226.2115.2147.2940.149.43.1495.2103.2219.2325.1268.1750.1786.3185.1838.2888.3028.2643.1978.61.3270.3328.2035.3136.2661.2425.2629.3314.1051.2981.1095.802.3094.2645.3330.1859.2358.2979.591.3182.1053.1745.1911.2234.2571.3226.3240.1963.2609.2687.2839.2961.3059.2695.1345.1025.2477.1598.2535.2651.3003.1097.2224.2901.3196.3017.2064.2166.2370.2883.3126.495.2461.2813.2929.2987.1067.2493.2973.904.2583.2865.3005.3077.3214.358.1810.3135.2950.407.2335.3237.3251.2400.2604.2956.2968.159.3000.3038.3149.2526.2596.2488.2878.1270.2986.560.3075.3235.3253.117.1968.3119.2844.3093.1603.2414.2970.3217.2472.2650.2862.3002.3307.1985.430.1825.2156.1307.2278.2405.1031.2681.2917.3250.1440.1149.314.2027.2403.3190.3292.1725.1558.3234.2447.3074.1616.1188.839.1415.1880.2880.2271.2373.2387.2854.1152.1126.2898.3058.3095.2359.2772.1882.797.1276.436.2614.2838.291.2684.2882.1732.327.2343.2552.2922.3173.3315.1555.2656.3155.2534.979.3097.2642.3066.2510.1800.2612.2568.494.2670.2714.3127.2205.2920.2964.1583.2658.3209.1712.981.3215.1699.803.3300.2849.3053.1735.3009.2791.2893.415.1753.2322.192.236.371.2995.2130.2527.2821.70.2376.2056.1678.122.3188.2891.340.2909.20.144.2415.1929.2767.1227.2805.2863&gpp=DBABM~CQl5JrAQl5JrAAfFdGITCjFsAP_gAEPgAAYgLdtR9G9fbSFj8DZ3YbokYIwPxVho6sAhBgCAkmgFCLuELIwEhWEQIAyCIiACGBIAODQAIAEgGAgQQUAgIIABLADMYEAQYCBKICBAABIRIkAQCAgKAAAgUAAAgmBGAgQAiASNAZIASMwAgQAGEXAgKAAAAACQAQAIACEAQAEAAAAAQCgAgAAAgAAAAAAAABAIAAAAAAAAACAAAAAAAAAAAAAABAAAAICAACAAAAAAAAAAQiAAAAAAAACC3YAJBoVEEBZEAgQCAgBAAAEEQQAECAIAAAgIIAAAgYACQMABVhEgAAAgAAAAAAAAAAAAAACAAIAABAAACAACAQKAAAACAACAAgQAAwAUIAEAAICgAAIEAAAAAARAAAAIAAAAAQAEhAAAAAIAAQIAiAAAAAkAAAAAAAAAABAAAgAAAAAIAAAIAAAAAAAAAACBAAAAEAAAAgAAAAAAAAAAAAAAQAAAAAAAAAAAAABAAAAEAgAAAAAAAAgAAA&gpp_sid=2&google_gid=CAESEA7QmUODK2z0xyPCNmet7yg&google_cver=1:0
[  126067ms] [ERROR] Failed to load resource: net::ERR_NAME_NOT_RESOLVED @ https://tags.bluekai.com/site/2981?redir=https%3A%2F%2Fcm.g.doubleclick.net%2Fpixel%3Fgoogle_nid%3Dbluekai%26google_hm%3D%24_BK_UUID_B64&gdpr=1&gdpr_consent=CQl5JrAQl5JrAAfFdGITCjFsAP_gAEPgAAYgLdtR9G9fbSFj8DZ3YbokYIwPxVho6sAhBgCAkmgFCLuELIwEhWEQIAyCIiACGBIAODQAIAEgGAgQQUAgIIABLADMYEAQYCBKICBAABIRIkAQCAgKAAAgUAAAgmBGAgQAiASNAZIASMwAgQAGEXAgKAAAAACQAQAIACEAQAEAAAAAQCgAgAAAgAAAAAAAABAIAAAAAAAAACAAAAAAAAAAAAAABAAAAICAACAAAAAAAAAAQiAAAAAAAACC3YAJBoVEEBZEAgQCAgBAAAEEQQAECAIAAAgIIAAAgYACQMABVhEgAAAgAAAAAAAAAAAAAACAAIAABAAACAACAQKAAAACAACAAgQAAwAUIAEAAICgAAIEAAAAAARAAAAIAAAAAQAEhAAAAAIAAQIAiAAAAAkAAAAAAAAAABAAAgAAAAAIAAAIAAAAAAAAAACBAAAAEAAAAgAAAAAAAAAAAAAAQAAAAAAAAAAAAABAAAAEAgAAAAAAAAgAAA.ILdtR9G9fbSFn8DZ3YbokYIwfxVho6sAhBgCAkmgFCLuELIwElWESIAyCIiACGBIAODQAIAEoGAgQQUAgIIABLBDsYEAQYCBKICBAADIRYkAQCAgKAAAgUAAAgmBGAgQAiASNAZIASMwAgQAmEXAgKIAAAACQAQAIACEAQAEAACAAQCgAgAAAgAAAAAAAABAIEAAAAQAAACAAAAAAAAAAAAAABAAAAICAACAAAAAEAAAAQiAAAAAAAAC&addtl_consent=1~2979.591.2358.1135.3043.3330.2140.802.1859.2645.3094.2609.3226.1963.1911.2234.2571.3240.2839.1745.1053.3182.2961.3314.2425.2629.3136.2661.2981.3270.3328.2643.2035.1095.1051.149.2115.2940.2325.1750.899.239.2147.1525.1838.3028.1978.2888.61.3185.2133.1268.1495.43.147.1786.2103.2219.2860.2834.370.1356.2309.89.1312.2994.161.211.2816.1226.1284.568.1962.1944.1162.1048.1092.2279.3012.2844.2846.2852.1603.3093.1968.3119.3227.3235.3253.1270.3075.117.3307.560.430.2472.2650.2862.2414.3002.2970.3217.2400.2335.159.2604.2956.3135.3237.358.1810.3077.2488.3251.2526.3149.2596.2878.2950.2986.2968.3000.3126.2883.495.3038.2064.2370.2166.3196.1097.2224.2901.3017.2583.2865.3214.2973.407.904.2493.3005.2461.2813.1067.2929.2987.3059.2687.2535.2651.3003.1598.2477.2695.1025.1345.1882.436.797.2359.2772.3095.291.2684.2838.1276.2614.2882.1880.1415.839.1188.1152.2387.2898.2271.1126.2373.2854.2880.1725.314.2027.3058.1149.3074.1616.2447.1558.3234.3190.2403.3292.1825.1307.1031.1985.3250.2917.1440.2405.2156.2278.2681.1227.2056.2891.2909.122.3188.2376.1678.2927.2997.20.340.2415.1929.2767.144.2791.2805.1735.2863.2893.2849.3300.3009.3053.2130.2527.2821.70.2995.236.192.371.1753.415.2322.3127.494.2920.2568.2670.2205.3066.2510.1800.2612.2714.803.1699.3215.2964.2658.981.3209.1712.1583.2552.2343.2922.1732.327.3097.3155.2534.2642.1555.979.2656.3173.3315.486.3109.2636.576.313.2331.3117.522.550.1677.3073.2564.2916.3070.3145.2486.2044.2690.2966.3151.2646.2440.2542.2792.2894.3089.3293.2778.2975.1721.2354.864.2124.1029.1166.2931.1516.2316.2867.3306.3128.2881.286.2567.2669.2328.2779.2052.938.3288.1365.1027.3318.2869.2831.1205.272.2068.922.491.367.2897.3019.3130.3290.3063.1099.1638.2713.230.108.2949.1682.2963.3238.1843.3210.2657.3244.3172.2465.1540.1967.1570.3120.3222.2965.2575.3260.2787.124.2453.1845.2569.2729.1416.1143.2039.2947.3112.587.3316.3272.3187.3052.2886.985.3231.3257.3008.3099.2253.737.1455.2498.2377.2850.1942.3189.1046.1782.2908.323.3010.311.2484.931.2295.1870.2983.2427.429.1889.2072.2817.2875.266.196.2090.2186.2559.2336.2220.1107.3296.2501.2074.2801.2941.2999.445.2088.322.3228.2517.1301.2895.2677.3184.2889.3055.2468.2584.2974.1697.2628.2698.2980.135.2660.1252.2918.2610.1964.3225.2572.2784.2798.1003.442.93.1832.2830.1716.1419.2874.3034.1579.1840.424.1449.1667.1403.574.2107.3018.1290.2008.2506.2884.2930.1651.1375.2418.2770.83.3167.2225.2109.3223.2900.3016.1040.2812.55.143.1186.259.2768.1878.2887.1514.385.3076.2416.3236.2652.2282.184.3230.2605.2003.2047.1548.523.1512.1917.820.2621.3194.1047.2577.1969.2222.2531.46.310.3324.1827.2633.3106.2985.1584&gpp=DBABM~CQl5JrAQl5JrAAfFdGITCjFsAP_gAEPgAAYgLdtR9G9fbSFj8DZ3YbokYIwPxVho6sAhBgCAkmgFCLuELIwEhWEQIAyCIiACGBIAODQAIAEgGAgQQUAgIIABLADMYEAQYCBKICBAABIRIkAQCAgKAAAgUAAAgmBGAgQAiASNAZIASMwAgQAGEXAgKAAAAACQAQAIACEAQAEAAAAAQCgAgAAAgAAAAAAAABAIAAAAAAAAACAAAAAAAAAAAAAABAAAAICAACAAAAAAAAAAQiAAAAAAAACC3YAJBoVEEBZEAgQCAgBAAAEEQQAECAIAAAgIIAAAgYACQMABVhEgAAAgAAAAAAAAAAAAAACAAIAABAAACAACAQKAAAACAACAAgQAAwAUIAEAAICgAAIEAAAAAARAAAAIAAAAAQAEhAAAAAIAAQIAiAAAAAkAAAAAAAAAABAAAgAAAAAIAAAIAAAAAAAAAACBAAAAEAAAAgAAAAAAAAAAAAAAQAAAAAAAAAAAAABAAAAEAgAAAAAAAAgAAA&gpp_sid=2:0
[  126068ms] [ERROR] Failed to load resource: net::ERR_NAME_NOT_RESOLVED @ https://tags.bluekai.com/site/2981?id=&gdpr=1&gdpr_consent=CQl5JrAQl5JrAAfFdGITCjFsAP_gAEPgAAYgLdtR9G9fbSFj8DZ3YbokYIwPxVho6sAhBgCAkmgFCLuELIwEhWEQIAyCIiACGBIAODQAIAEgGAgQQUAgIIABLADMYEAQYCBKICBAABIRIkAQCAgKAAAgUAAAgmBGAgQAiASNAZIASMwAgQAGEXAgKAAAAACQAQAIACEAQAEAAAAAQCgAgAAAgAAAAAAAABAIAAAAAAAAACAAAAAAAAAAAAAABAAAAICAACAAAAAAAAAAQiAAAAAAAACC3YAJBoVEEBZEAgQCAgBAAAEEQQAECAIAAAgIIAAAgYACQMABVhEgAAAgAAAAAAAAAAAAAACAAIAABAAACAACAQKAAAACAACAAgQAAwAUIAEAAICgAAIEAAAAAARAAAAIAAAAAQAEhAAAAAIAAQIAiAAAAAkAAAAAAAAAABAAAgAAAAAIAAAIAAAAAAAAAACBAAAAEAAAAgAAAAAAAAAAAAAAQAAAAAAAAAAAAABAAAAEAgAAAAAAAAgAAA.ILdtR9G9fbSFn8DZ3YbokYIwfxVho6sAhBgCAkmgFCLuELIwElWESIAyCIiACGBIAODQAIAEoGAgQQUAgIIABLBDsYEAQYCBKICBAADIRYkAQCAgKAAAgUAAAgmBGAgQAiASNAZIASMwAgQAmEXAgKIAAAACQAQAIACEAQAEAACAAQCgAgAAAgAAAAAAAABAIEAAAAQAAACAAAAAAAAAAAAAABAAAAICAACAAAAAEAAAAQiAAAAAAAAC&addtl_consent=1~2979.591.2358.1135.3043.3330.2140.802.1859.2645.3094.2609.3226.1963.1911.2234.2571.3240.2839.1745.1053.3182.2961.3314.2425.2629.3136.2661.2981.3270.3328.2643.2035.1095.1051.149.2115.2940.2325.1750.899.239.2147.1525.1838.3028.1978.2888.61.3185.2133.1268.1495.43.147.1786.2103.2219.2860.2834.370.1356.2309.89.1312.2994.161.211.2816.1226.1284.568.1962.1944.1162.1048.1092.2279.3012.2844.2846.2852.1603.3093.1968.3119.3227.3235.3253.1270.3075.117.3307.560.430.2472.2650.2862.2414.3002.2970.3217.2400.2335.159.2604.2956.3135.3237.358.1810.3077.2488.3251.2526.3149.2596.2878.2950.2986.2968.3000.3126.2883.495.3038.2064.2370.2166.3196.1097.2224.2901.3017.2583.2865.3214.2973.407.904.2493.3005.2461.2813.1067.2929.2987.3059.2687.2535.2651.3003.1598.2477.2695.1025.1345.1882.436.797.2359.2772.3095.291.2684.2838.1276.2614.2882.1880.1415.839.1188.1152.2387.2898.2271.1126.2373.2854.2880.1725.314.2027.3058.1149.3074.1616.2447.1558.3234.3190.2403.3292.1825.1307.1031.1985.3250.2917.1440.2405.2156.2278.2681.1227.2056.2891.2909.122.3188.2376.1678.2927.2997.20.340.2415.1929.2767.144.2791.2805.1735.2863.2893.2849.3300.3009.3053.2130.2527.2821.70.2995.236.192.371.1753.415.2322.3127.494.2920.2568.2670.2205.3066.2510.1800.2612.2714.803.1699.3215.2964.2658.981.3209.1712.1583.2552.2343.2922.1732.327.3097.3155.2534.2642.1555.979.2656.3173.3315.486.3109.2636.576.313.2331.3117.522.550.1677.3073.2564.2916.3070.3145.2486.2044.2690.2966.3151.2646.2440.2542.2792.2894.3089.3293.2778.2975.1721.2354.864.2124.1029.1166.2931.1516.2316.2867.3306.3128.2881.286.2567.2669.2328.2779.2052.938.3288.1365.1027.3318.2869.2831.1205.272.2068.922.491.367.2897.3019.3130.3290.3063.1099.1638.2713.230.108.2949.1682.2963.3238.1843.3210.2657.3244.3172.2465.1540.1967.1570.3120.3222.2965.2575.3260.2787.124.2453.1845.2569.2729.1416.1143.2039.2947.3112.587.3316.3272.3187.3052.2886.985.3231.3257.3008.3099.2253.737.1455.2498.2377.2850.1942.3189.1046.1782.2908.323.3010.311.2484.931.2295.1870.2983.2427.429.1889.2072.2817.2875.266.196.2090.2186.2559.2336.2220.1107.3296.2501.2074.2801.2941.2999.445.2088.322.3228.2517.1301.2895.2677.3184.2889.3055.2468.2584.2974.1697.2628.2698.2980.135.2660.1252.2918.2610.1964.3225.2572.2784.2798.1003.442.93.1832.2830.1716.1419.2874.3034.1579.1840.424.1449.1667.1403.574.2107.3018.1290.2008.2506.2884.2930.1651.1375.2418.2770.83.3167.2225.2109.3223.2900.3016.1040.2812.55.143.1186.259.2768.1878.2887.1514.385.3076.2416.3236.2652.2282.184.3230.2605.2003.2047.1548.523.1512.1917.820.2621.3194.1047.2577.1969.2222.2531.46.310.3324.1827.2633.3106.2985.1584&gpp=DBABM~CQl5JrAQl5JrAAfFdGITCjFsAP_gAEPgAAYgLdtR9G9fbSFj8DZ3YbokYIwPxVho6sAhBgCAkmgFCLuELIwEhWEQIAyCIiACGBIAODQAIAEgGAgQQUAgIIABLADMYEAQYCBKICBAABIRIkAQCAgKAAAgUAAAgmBGAgQAiASNAZIASMwAgQAGEXAgKAAAAACQAQAIACEAQAEAAAAAQCgAgAAAgAAAAAAAABAIAAAAAAAAACAAAAAAAAAAAAAABAAAAICAACAAAAAAAAAAQiAAAAAAAACC3YAJBoVEEBZEAgQCAgBAAAEEQQAECAIAAAgIIAAAgYACQMABVhEgAAAgAAAAAAAAAAAAAACAAIAABAAACAACAQKAAAACAACAAgQAAwAUIAEAAICgAAIEAAAAAARAAAAIAAAAAQAEhAAAAAIAAQIAiAAAAAkAAAAAAAAAABAAAgAAAAAIAAAIAAAAAAAAAACBAAAAEAAAAgAAAAAAAAAAAAAAQAAAAAAAAAAAAABAAAAEAgAAAAAAAAgAAA&gpp_sid=2&google_gid=CAESEN-xPXHxCrtITAl4Wz4bhFQ&google_cver=1:0
[  155231ms] [ERROR] Failed to load resource: net::ERR_NAME_NOT_RESOLVED @ https://x.dlx.addthis.com/e/googlegdn_sync?na_exid=CAESEF8y2Qx663NJ18Sjry0g6j0&gdpr=1&gdpr_consent=CQl5JrAQl5JrAAfFdGITCjFsAP_gAEPgAAYgLdtR9G9fbSFj8DZ3YbokYIwPxVho6sAhBgCAkmgFCLuELIwEhWEQIAyCIiACGBIAODQAIAEgGAgQQUAgIIABLADMYEAQYCBKICBAABIRIkAQCAgKAAAgUAAAgmBGAgQAiASNAZIASMwAgQAGEXAgKAAAAACQAQAIACEAQAEAAAAAQCgAgAAAgAAAAAAAABAIAAAAAAAAACAAAAAAAAAAAAAABAAAAICAACAAAAAAAAAAQiAAAAAAAACC3YAJBoVEEBZEAgQCAgBAAAEEQQAECAIAAAgIIAAAgYACQMABVhEgAAAgAAAAAAAAAAAAAACAAIAABAAACAACAQKAAAACAACAAgQAAwAUIAEAAICgAAIEAAAAAARAAAAIAAAAAQAEhAAAAAIAAQIAiAAAAAkAAAAAAAAAABAAAgAAAAAIAAAIAAAAAAAAAACBAAAAEAAAAgAAAAAAAAAAAAAAQAAAAAAAAAAAAABAAAAEAgAAAAAAAAgAAA.ILdtR9G9fbSFn8DZ3YbokYIwfxVho6sAhBgCAkmgFCLuELIwElWESIAyCIiACGBIAODQAIAEoGAgQQUAgIIABLBDsYEAQYCBKICBAADIRYkAQCAgKAAAgUAAAgmBGAgQAiASNAZIASMwAgQAmEXAgKIAAAACQAQAIACEAQAEAACAAQCgAgAAAgAAAAAAAABAIEAAAAQAAACAAAAAAAAAAAAAABAAAAICAACAAAAAEAAAAQiAAAAAAAAC&addtl_consent=1~494.2271.2373.1697.70.1514.1725.143.149.314.184.1800.2133.2224.2325.2510.864.286.1029.1558.2253.2677.1097.2778.2779.938.2493.2047.89.442.1047.1027.1942.2792.820.1419.1732.1205.323.211.1312.1598.1025.46.310.491.1099.1284.1449.370.161.1092.1716.1985.1048.1584.1870.2068.436.797.20.2278.486.122.1882.2072.2295.2427.429.574.230.196.313.1682.2506.2531.1963.340.108.1540.2559.1911.2415.1276.144.1735.2614.2109.2791.2787.1415.2425.2453.2629.2088.2729.236.1143.1126.1301.1878.587.322.358.1152.2526.371.192.415.1753.259&gpp=DBABM~CQl5JrAQl5JrAAfFdGITCjFsAP_gAEPgAAYgLdtR9G9fbSFj8DZ3YbokYIwPxVho6sAhBgCAkmgFCLuELIwEhWEQIAyCIiACGBIAODQAIAEgGAgQQUAgIIABLADMYEAQYCBKICBAABIRIkAQCAgKAAAgUAAAgmBGAgQAiASNAZIASMwAgQAGEXAgKAAAAACQAQAIACEAQAEAAAAAQCgAgAAAgAAAAAAAABAIAAAAAAAAACAAAAAAAAAAAAAABAAAAICAACAAAAAAAAAAQiAAAAAAAACC3YAJBoVEEBZEAgQCAgBAAAEEQQAECAIAAAgIIAAAgYACQMABVhEgAAAgAAAAAAAAAAAAAACAAIAABAAACAACAQKAAAACAACAAgQAAwAUIAEAAICgAAIEAAAAAARAAAAIAAAAAQAEhAAAAAIAAQIAiAAAAAkAAAAAAAAAABAAAgAAAAAIAAAIAAAAAAAAAACBAAAAEAAAAgAAAAAAAAAAAAAAQAAAAAAAAAAAAABAAAAEAgAAAAAAAAgAAA&gpp_sid=2&google_cver=1:0
[   14039ms] [ERROR] Attestation check for Shared Storage on https://www.googleadservices.com failed. @ https://www.googleadservices.com/pagead/managed/js/activeview/current/reach_worklet.html:0
[   14079ms] [ERROR] Attestation check for Shared Storage on https://www.googleadservices.com failed. @ https://www.googleadservices.com/pagead/managed/js/activeview/current/reach_worklet.html:0
[   38932ms] [ERROR] Attestation check for Shared Storage on https://www.googleadservices.com failed. @ https://www.googleadservices.com/pagead/managed/js/activeview/current/reach_worklet.html:0
[   47335ms] [ERROR] Attestation check for Shared Storage on https://www.googleadservices.com failed. @ https://www.googleadservices.com/pagead/managed/js/activeview/current/reach_worklet.html:0
[   68477ms] [ERROR] Attestation check for Shared Storage on https://www.googleadservices.com failed. @ https://www.googleadservices.com/pagead/managed/js/activeview/current/reach_worklet.html:0
[   76493ms] [ERROR] Attestation check for Shared Storage on https://www.googleadservices.com failed. @ https://www.googleadservices.com/pagead/managed/js/activeview/current/reach_worklet.html:0
[   97767ms] [ERROR] Attestation check for Shared Storage on https://www.googleadservices.com failed. @ https://www.googleadservices.com/pagead/managed/js/activeview/current/reach_worklet.html:0
[  126849ms] [ERROR] Attestation check for Shared Storage on https://www.googleadservices.com failed. @ https://www.googleadservices.com/pagead/managed/js/activeview/current/reach_worklet.html:0
[  155521ms] [ERROR] Attestation check for Shared Storage on https://www.googleadservices.com failed. @ https://www.googleadservices.com/pagead/managed/js/activeview/current/reach_worklet.html:0
[  184353ms] [ERROR] Attestation check for Shared Storage on https://www.googleadservices.com failed. @ https://www.googleadservices.com/pagead/managed/js/activeview/current/reach_worklet.html:0
[  213921ms] [ERROR] Attestation check for Shared Storage on https://www.googleadservices.com failed. @ https://www.googleadservices.com/pagead/managed/js/activeview/current/reach_worklet.html:0
[  214736ms] [ERROR] Failed to load resource: net::ERR_TOO_MANY_REDIRECTS @ https://loadm.exelator.com/load/?p=204&g=001&bi=&j=0&gdpr%3D1%26gdpr_consent%3DCQl5JrAQl5JrAAfFdGITCjFsAP_gAEPgAAYgLdtR9G9fbSFj8DZ3YbokYIwPxVho6sAhBgCAkmgFCLuELIwEhWEQIAyCIiACGBIAODQAIAEgGAgQQUAgIIABLADMYEAQYCBKICBAABIRIkAQCAgKAAAgUAAAgmBGAgQAiASNAZIASMwAgQAGEXAgKAAAAACQAQAIACEAQAEAAAAAQCgAgAAAgAAAAAAAABAIAAAAAAAAACAAAAAAAAAAAAAABAAAAICAACAAAAAAAAAAQiAAAAAAAACC3YAJBoVEEBZEAgQCAgBAAAEEQQAECAIAAAgIIAAAgYACQMABVhEgAAAgAAAAAAAAAAAAAACAAIAABAAACAACAQKAAAACAACAAgQAAwAUIAEAAICgAAIEAAAAAARAAAAIAAAAAQAEhAAAAAIAAQIAiAAAAAkAAAAAAAAAABAAAgAAAAAIAAAIAAAAAAAAAACBAAAAEAAAAgAAAAAAAAAAAAAAQAAAAAAAAAAAAABAAAAEAgAAAAAAAAgAAA.ILdtR9G9fbSFn8DZ3YbokYIwfxVho6sAhBgCAkmgFCLuELIwElWESIAyCIiACGBIAODQAIAEoGAgQQUAgIIABLBDsYEAQYCBKICBAADIRYkAQCAgKAAAgUAAAgmBGAgQAiASNAZIASMwAgQAmEXAgKIAAAACQAQAIACEAQAEAACAAQCgAgAAAgAAAAAAAABAIEAAAAQAAACAAAAAAAAAAAAAABAAAAICAACAAAAAEAAAAQiAAAAAAAAC=&google_error=3:0
[  214770ms] Uncaught TypeError: Cannot read properties of undefined (reading 'version')
    at b (https://scripts.journeymv.com/tags/3.51.6/wrapper.min.js?bust=1504196159:1:289175)
    at <anonymous> (https://scripts.journeymv.com/tags/3.51.6/wrapper.min.js?bust=1504196159:1:101126)
    at <anonymous> (https://scripts.journeymv.com/tags/3.51.6/wrapper.min.js?bust=1504196159:1:100766)
[  218873ms] [WARNING] The resource https://securepubads.g.doubleclick.net/tag/js/gpt.js was preloaded using link preload but not used within a few seconds from the window's load event. Please make sure it has an appropriate `as` value and it is preloaded intentionally. @ https://expiter.com/blog/articles/:0
[  227221ms] [WARNING] The resource https://securepubads.g.doubleclick.net/tag/js/gpt.js was preloaded using link preload but not used within a few seconds from the window's load event. Please make sure it has an appropriate `as` value and it is preloaded intentionally. @ https://expiter.com/blog/articles/:0
[  237207ms] [WARNING] The resource https://securepubads.g.doubleclick.net/tag/js/gpt.js was preloaded using link preload but not used within a few seconds from the window's load event. Please make sure it has an appropriate `as` value and it is preloaded intentionally. @ https://expiter.com/blog/articles/:0
[  241398ms] [WARNING] The resource https://securepubads.g.doubleclick.net/tag/js/gpt.js was preloaded using link preload but not used within a few seconds from the window's load event. Please make sure it has an appropriate `as` value and it is preloaded intentionally. @ https://expiter.com/blog/articles/:0
[  242083ms] Uncaught (in promise) TypeError: Cannot read properties of undefined (reading 'version')
    at b (https://scripts.journeymv.com/tags/3.51.6/wrapper.min.js?bust=1504196159:1:289175)
    at B (https://scripts.journeymv.com/tags/7715/85cff9f42eb57203ada9.min.js:0:1036)
    at <anonymous> (https://scripts.journeymv.com/tags/3.51.6/wrapper.min.js?bust=1504196159:1:153860)
[   11506ms] [ERROR] Failed to load resource: the server responded with a status of 404 () @ https://ad.sxp.smartclip.net/sync?type=host&dsp=10&dspuuid=CAESEKBPdiGONJvUgVvfvcG7Egc&gdpr=1&gdpr_consent=CQl5JrAQl5JrAAfFdGITCjFsAP_gAEPgAAYgLdtR9G9fbSFj8DZ3YbokYIwPxVho6sAhBgCAkmgFCLuELIwEhWEQIAyCIiACGBIAODQAIAEgGAgQQUAgIIABLADMYEAQYCBKICBAABIRIkAQCAgKAAAgUAAAgmBGAgQAiASNAZIASMwAgQAGEXAgKAAAAACQAQAIACEAQAEAAAAAQCgAgAAAgAAAAAAAABAIAAAAAAAAACAAAAAAAAAAAAAABAAAAICAACAAAAAAAAAAQiAAAAAAAACC3YAJBoVEEBZEAgQCAgBAAAEEQQAECAIAAAgIIAAAgYACQMABVhEgAAAgAAAAAAAAAAAAAACAAIAABAAACAACAQKAAAACAACAAgQAAwAUIAEAAICgAAIEAAAAAARAAAAIAAAAAQAEhAAAAAIAAQIAiAAAAAkAAAAAAAAAABAAAgAAAAAIAAAIAAAAAAAAAACBAAAAEAAAAgAAAAAAAAAAAAAAQAAAAAAAAAAAAABAAAAEAgAAAAAAAAgAAA.ILdtR9G9fbSFn8DZ3YbokYIwfxVho6sAhBgCAkmgFCLuELIwElWESIAyCIiACGBIAODQAIAEoGAgQQUAgIIABLBDsYEAQYCBKICBAADIRYkAQCAgKAAAgUAAAgmBGAgQAiASNAZIASMwAgQAmEXAgKIAAAACQAQAIACEAQAEAACAAQCgAgAAAgAAAAAAAABAIEAAAAQAAACAAAAAAAAAAAAAABAAAAICAACAAAAAEAAAAQiAAAAAAAAC&addtl_consent=1~2997.367.2415.2767.2927.144.1929.1227.2805.2863.2891.122.3188.2376.1678.2909.2056.20.2130.2821.70.2527.340.371.2995.236.415.192.2322.1753.3009.1735.2791.3053.3300.2849.2893.803.1699.3215.3209.2658.981.1712.1583.3127.494.2568.2670.2920.2205.3066.2510.1800.2612.2714.2964.3097.2534.979.2642.3155.1555.3173.3315.2656.2552.2343.2922.1732.327.291.2684.2838.1276.2614.2882.1882.436.2359.2772.3095.797.1152.2387.2271.2373.2854.2880.2898.1126.1415.1880.3058.839.1188.3074.1616.2447.1558.3234.3190.2403.3292.1725.2027.314.1149.3250.1440.2917.2405.2156.2278.2681.1825.1307.1031.3307.1985.430.2472.2414.3217.2650.2844.2862.2970.3002.1603.3093.1968.3119.3235.3253.1270.3075.117.2488.2986.560.2526.2596.2878.3000.3149.2968.3038.2400.2335.159.2604.2956.3135.3237.358.1810.3077.3251.3214.2583.2865.3005.2950.407.904.2493.2973.2461.2813.1067.2929.495.2883.2987.3126.2064.2166.2370.3196.1097.2224.2535.2651.2901.3003.3017.1025.1598.2477.1345.2695.3059.2687.2609.2839.3226.1963.1911.2234.2571.3240.3182.1745.1053.2961.2358.591.2979.3330.802.2645.3094.1859.1051.1095.3314.2425.2629.3136.2661.2981.3270.2643.3328.2035.1838.1978.2888.3028.3185.61.1268.2219.1495.149.1786.43.2325.2940.1750.899.2103.239.2115.1525.2133.161.1226.1284.2147.2852.1048.568.1962.1092.1162.3227.1944.3012.2279.147.2834.2846.2860.1356.2309.2816.89.2994.1312.370.2930.211.1651.1375.2418.3167.83.1403.574.2107.2770.3018.1290.2506.2884.2008.2812.1040.143.259.2416.1878.2652.2768.3016.1186.2225.3223.2109.2900.2003.55.1548.2047.1514.2887.385.3076.3236.2282.184.3230.2605.2531.310.3324.2633.1135.1584.1827.2985.2140.523.3043.3106.1512.820.1917.2621.1047.3194.1969.2222.2577.46.2559.2336.2220.1107.3296.2501.2072.2427.429.1889.2817.2875.2983.266.196.2090.2186.1301.322.3228.2517.2677.3184.2889.2895.2074.3055.2801.2941.2999.2918.2088.2610.445.1964.3225.2572.2468.2584.2784.2974.1697.1252.2628.2698.135.2660.2980.1449.1840.1667.2798.1003.442.93.2830.3034.1419.1579.2874.1716.3210.2657.1832.3172.424.2465.1540.1638.230.108.2713.2949.2963.1682.1843.3238.3244.2039.3112.1416.3316.587.3272.1570.1143.3120.2965.1967.2575.3222.2787.3260.124.2453.1845.2569.2729.2947.3099.2253.737.3187.3052.2886.985.3231.3257.3008.2484.311.1870.2295.1455.1046.2377.2498.2850.1942.3189.1782.2908.323.3010.2331.3117.522.931.1677.2564.2916.3070.3073.3109.486.2636.576.313.550.2440.2542.2792.2894.3089.3293.2778.3145.2486.1166.2044.2690.2966.3151.2646.3306.3128.286.2567.2669.2779.2328.2881.3288.938.2975.2354.2052.1721.864.2316.2867.1029.2124.2931.1516.2068.922.3019.3130.2897.1099.491.3063.1365.1027.3290.3318.2831.2869.272.1205&gpp=DBABM~CQl5JrAQl5JrAAfFdGITCjFsAP_gAEPgAAYgLdtR9G9fbSFj8DZ3YbokYIwPxVho6sAhBgCAkmgFCLuELIwEhWEQIAyCIiACGBIAODQAIAEgGAgQQUAgIIABLADMYEAQYCBKICBAABIRIkAQCAgKAAAgUAAAgmBGAgQAiASNAZIASMwAgQAGEXAgKAAAAACQAQAIACEAQAEAAAAAQCgAgAAAgAAAAAAAABAIAAAAAAAAACAAAAAAAAAAAAAABAAAAICAACAAAAAAAAAAQiAAAAAAAACC3YAJBoVEEBZEAgQCAgBAAAEEQQAECAIAAAgIIAAAgYACQMABVhEgAAAgAAAAAAAAAAAAAACAAIAABAAACAACAQKAAAACAACAAgQAAwAUIAEAAICgAAIEAAAAAARAAAAIAAAAAQAEhAAAAAIAAQIAiAAAAAkAAAAAAAAAABAAAgAAAAAIAAAIAAAAAAAAAACBAAAAEAAAAgAAAAAAAAAAAAAAQAAAAAAAAAAAAABAAAAEAgAAAAAAAAgAAA&gpp_sid=2&google_cver=1:0
[   67824ms] [ERROR] Failed to load resource: net::ERR_NAME_NOT_RESOLVED @ https://sync.search.spotxchange.com/partner?adv_id=7025&gdpr=1&gdpr_consent=CQl5JrAQl5JrAAfFdGITCjFsAP_gAEPgAAYgLdtR9G9fbSFj8DZ3YbokYIwPxVho6sAhBgCAkmgFCLuELIwEhWEQIAyCIiACGBIAODQAIAEgGAgQQUAgIIABLADMYEAQYCBKICBAABIRIkAQCAgKAAAgUAAAgmBGAgQAiASNAZIASMwAgQAGEXAgKAAAAACQAQAIACEAQAEAAAAAQCgAgAAAgAAAAAAAABAIAAAAAAAAACAAAAAAAAAAAAAABAAAAICAACAAAAAAAAAAQiAAAAAAAACC3YAJBoVEEBZEAgQCAgBAAAEEQQAECAIAAAgIIAAAgYACQMABVhEgAAAgAAAAAAAAAAAAAACAAIAABAAACAACAQKAAAACAACAAgQAAwAUIAEAAICgAAIEAAAAAARAAAAIAAAAAQAEhAAAAAIAAQIAiAAAAAkAAAAAAAAAABAAAgAAAAAIAAAIAAAAAAAAAACBAAAAEAAAAgAAAAAAAAAAAAAAQAAAAAAAAAAAAABAAAAEAgAAAAAAAAgAAA.ILdtR9G9fbSFn8DZ3YbokYIwfxVho6sAhBgCAkmgFCLuELIwElWESIAyCIiACGBIAODQAIAEoGAgQQUAgIIABLBDsYEAQYCBKICBAADIRYkAQCAgKAAAgUAAAgmBGAgQAiASNAZIASMwAgQAmEXAgKIAAAACQAQAIACEAQAEAACAAQCgAgAAAgAAAAAAAABAIEAAAAQAAACAAAAAAAAAAAAAABAAAAICAACAAAAAEAAAAQiAAAAAAAAC&addtl_consent=1~2652.899.143.1186.2325.1750.259.1040.1878.2416.2768.2812.2900.2109.3016.2225.1651.55.3223.2418.3167.83.1375.2770.2884.1290.2008.2506.2930.574.1403.2633.3043.2985.3106.1584.3018.2107.2140.2531.1827.310.3324.3194.2222.2577.1135.1512.1917.1969.523.820.2621.2047.46.1548.1047.2003.2282.2605.184.3230.3236.2887.1514.385.3076.2677.3184.2517.2889.1301.322.3228.2895.3055.2801.2941.2999.2088.2074.445.1107.2336.2559.2501.3296.2220.196.266.1889.2072.2090.2186.2427.2817.429.1667.2875.2983.1449.1840.2874.1579.1716.2798.424.442.93.2830.3034.2610.1003.3225.2572.1419.2784.2918.1832.1964.2628.2698.2980.2660.2468.135.1252.1697.2584.2974.3272.1416.587.3112.3316.1143.2729.2947.1845.2453.2039.3120.1967.1570.2569.2575.3222.3260.2787.1540.2465.3210.2657.124.2965.3172.1682.2949.230.3238.3244.1843.108.2713.2963.1638.1870.2295.2484.311.2908.1782.931.3010.323.2498.2377.2850.1455.3189.1942.737.3099.1046.2253.3231.3257.3008.985.3187.2886.3052.2778.2440.2542.2792.2894.3089.2966.3293.1166.3151.2646.3145.2044.2486.2690.3073.1677.2564.2916.2331.522.3117.3070.576.2636.550.313.3109.2897.486.3063.3290.922.2068.3019.3130.272.491.1099.3318.367.2831.1205.2328.1365.938.1027.2052.3288.3306.2869.3128.286.1516.2669.2779.2124.2881.2931.1721.2567.2354.2975.2867.2316.864.1029.415.192.2995.2130.2322.1753.236.371.2527.3053.3300.70.2821.2849.2791.2893.3009.1735.1929.2415.144.2767.2997.2805.2863.2376.3188.2927.1678.2891.2909.340.1227.2656.20.1555.3173.2056.3097.3315.122.979.2534.3155.2642.327.1732.2343.2552.3209.2658.1712.2922.803.3215.1583.1699.981.1800.2510.3066.2612.2714.2964.3127.2568.2271.2205.2373.2670.2920.494.2854.2880.3058.2898.1152.2387.1126.839.1880.1188.1415.1276.2614.2882.2684.291.2838.3095.2772.797.1882.2359.436.2681.2405.2156.2278.1440.3250.2917.1985.1825.1307.3190.2403.3292.1031.1616.3074.2447.3234.1558.1149.314.2027.3149.3000.2968.1725.3038.2488.2526.2596.2878.2986.3135.3237.3251.1810.3077.358.2400.2956.2335.2604.2472.2650.3217.2862.2950.159.2414.3307.430.2970.3002.3235.560.3075.1270.3253.117.3093.2844.1603.3119.1345.1968.2695.2535.2477.1025.2651.1598.3003.2687.3059.2493.2461.407.2583.3214.2813.904.1067.2865.2929.2973.2987.3005.2224.2901.1097.3196.3017.3126.2883.495.2370.2064.2166.1051.1095.3270.3328.2035.2643.3314.2425.2629.2981.2661.2234.3136.3240.1745.1911.3182.1053.2609.2839.1963.2961.2571.3226.3330.1859.3094.802.2645.2979.591.2358.2846.1962.3227.568.1092.1162.1226.3012.1284.161.2279.2852.1944.370.1048.1312.2816.2309.147.2860.2994.211.89.1356.2834.2103.1495.2219.1786.3028.1838.2888.3185.1268.43.239.61.1978.1525.2133.2940.149.2115.2147&gpp=DBABM~CQl5JrAQl5JrAAfFdGITCjFsAP_gAEPgAAYgLdtR9G9fbSFj8DZ3YbokYIwPxVho6sAhBgCAkmgFCLuELIwEhWEQIAyCIiACGBIAODQAIAEgGAgQQUAgIIABLADMYEAQYCBKICBAABIRIkAQCAgKAAAgUAAAgmBGAgQAiASNAZIASMwAgQAGEXAgKAAAAACQAQAIACEAQAEAAAAAQCgAgAAAgAAAAAAAABAIAAAAAAAAACAAAAAAAAAAAAAABAAAAICAACAAAAAAAAAAQiAAAAAAAACC3YAJBoVEEBZEAgQCAgBAAAEEQQAECAIAAAgIIAAAgYACQMABVhEgAAAgAAAAAAAAAAAAAACAAIAABAAACAACAQKAAAACAACAAgQAAwAUIAEAAICgAAIEAAAAAARAAAAIAAAAAQAEhAAAAAIAAQIAiAAAAAkAAAAAAAAAABAAAgAAAAAIAAAIAAAAAAAAAACBAAAAEAAAAgAAAAAAAAAAAAAAQAAAAAAAAAAAAABAAAAEAgAAAAAAAAgAAA&gpp_sid=2&redir=https%3A%2F%2Fcm.g.doubleclick.net%2Fpixel%3Fgoogle_nid%3Dspotxchange_dbm%26google_hm%3D%24SPOTX_BASE64_USER_ID:0
[   67825ms] [ERROR] Failed to load resource: net::ERR_NAME_NOT_RESOLVED @ https://sync.search.spotxchange.com/partner?adv_id=7025&gdpr=1&gdpr_consent=CQl5JrAQl5JrAAfFdGITCjFsAP_gAEPgAAYgLdtR9G9fbSFj8DZ3YbokYIwPxVho6sAhBgCAkmgFCLuELIwEhWEQIAyCIiACGBIAODQAIAEgGAgQQUAgIIABLADMYEAQYCBKICBAABIRIkAQCAgKAAAgUAAAgmBGAgQAiASNAZIASMwAgQAGEXAgKAAAAACQAQAIACEAQAEAAAAAQCgAgAAAgAAAAAAAABAIAAAAAAAAACAAAAAAAAAAAAAABAAAAICAACAAAAAAAAAAQiAAAAAAAACC3YAJBoVEEBZEAgQCAgBAAAEEQQAECAIAAAgIIAAAgYACQMABVhEgAAAgAAAAAAAAAAAAAACAAIAABAAACAACAQKAAAACAACAAgQAAwAUIAEAAICgAAIEAAAAAARAAAAIAAAAAQAEhAAAAAIAAQIAiAAAAAkAAAAAAAAAABAAAgAAAAAIAAAIAAAAAAAAAACBAAAAEAAAAgAAAAAAAAAAAAAAQAAAAAAAAAAAAABAAAAEAgAAAAAAAAgAAA.ILdtR9G9fbSFn8DZ3YbokYIwfxVho6sAhBgCAkmgFCLuELIwElWESIAyCIiACGBIAODQAIAEoGAgQQUAgIIABLBDsYEAQYCBKICBAADIRYkAQCAgKAAAgUAAAgmBGAgQAiASNAZIASMwAgQAmEXAgKIAAAACQAQAIACEAQAEAACAAQCgAgAAAgAAAAAAAABAIEAAAAQAAACAAAAAAAAAAAAAABAAAAICAACAAAAAEAAAAQiAAAAAAAAC&addtl_consent=1~2652.899.143.1186.2325.1750.259.1040.1878.2416.2768.2812.2900.2109.3016.2225.1651.55.3223.2418.3167.83.1375.2770.2884.1290.2008.2506.2930.574.1403.2633.3043.2985.3106.1584.3018.2107.2140.2531.1827.310.3324.3194.2222.2577.1135.1512.1917.1969.523.820.2621.2047.46.1548.1047.2003.2282.2605.184.3230.3236.2887.1514.385.3076.2677.3184.2517.2889.1301.322.3228.2895.3055.2801.2941.2999.2088.2074.445.1107.2336.2559.2501.3296.2220.196.266.1889.2072.2090.2186.2427.2817.429.1667.2875.2983.1449.1840.2874.1579.1716.2798.424.442.93.2830.3034.2610.1003.3225.2572.1419.2784.2918.1832.1964.2628.2698.2980.2660.2468.135.1252.1697.2584.2974.3272.1416.587.3112.3316.1143.2729.2947.1845.2453.2039.3120.1967.1570.2569.2575.3222.3260.2787.1540.2465.3210.2657.124.2965.3172.1682.2949.230.3238.3244.1843.108.2713.2963.1638.1870.2295.2484.311.2908.1782.931.3010.323.2498.2377.2850.1455.3189.1942.737.3099.1046.2253.3231.3257.3008.985.3187.2886.3052.2778.2440.2542.2792.2894.3089.2966.3293.1166.3151.2646.3145.2044.2486.2690.3073.1677.2564.2916.2331.522.3117.3070.576.2636.550.313.3109.2897.486.3063.3290.922.2068.3019.3130.272.491.1099.3318.367.2831.1205.2328.1365.938.1027.2052.3288.3306.2869.3128.286.1516.2669.2779.2124.2881.2931.1721.2567.2354.2975.2867.2316.864.1029.415.192.2995.2130.2322.1753.236.371.2527.3053.3300.70.2821.2849.2791.2893.3009.1735.1929.2415.144.2767.2997.2805.2863.2376.3188.2927.1678.2891.2909.340.1227.2656.20.1555.3173.2056.3097.3315.122.979.2534.3155.2642.327.1732.2343.2552.3209.2658.1712.2922.803.3215.1583.1699.981.1800.2510.3066.2612.2714.2964.3127.2568.2271.2205.2373.2670.2920.494.2854.2880.3058.2898.1152.2387.1126.839.1880.1188.1415.1276.2614.2882.2684.291.2838.3095.2772.797.1882.2359.436.2681.2405.2156.2278.1440.3250.2917.1985.1825.1307.3190.2403.3292.1031.1616.3074.2447.3234.1558.1149.314.2027.3149.3000.2968.1725.3038.2488.2526.2596.2878.2986.3135.3237.3251.1810.3077.358.2400.2956.2335.2604.2472.2650.3217.2862.2950.159.2414.3307.430.2970.3002.3235.560.3075.1270.3253.117.3093.2844.1603.3119.1345.1968.2695.2535.2477.1025.2651.1598.3003.2687.3059.2493.2461.407.2583.3214.2813.904.1067.2865.2929.2973.2987.3005.2224.2901.1097.3196.3017.3126.2883.495.2370.2064.2166.1051.1095.3270.3328.2035.2643.3314.2425.2629.2981.2661.2234.3136.3240.1745.1911.3182.1053.2609.2839.1963.2961.2571.3226.3330.1859.3094.802.2645.2979.591.2358.2846.1962.3227.568.1092.1162.1226.3012.1284.161.2279.2852.1944.370.1048.1312.2816.2309.147.2860.2994.211.89.1356.2834.2103.1495.2219.1786.3028.1838.2888.3185.1268.43.239.61.1978.1525.2133.2940.149.2115.2147&gpp=DBABM~CQl5JrAQl5JrAAfFdGITCjFsAP_gAEPgAAYgLdtR9G9fbSFj8DZ3YbokYIwPxVho6sAhBgCAkmgFCLuELIwEhWEQIAyCIiACGBIAODQAIAEgGAgQQUAgIIABLADMYEAQYCBKICBAABIRIkAQCAgKAAAgUAAAgmBGAgQAiASNAZIASMwAgQAGEXAgKAAAAACQAQAIACEAQAEAAAAAQCgAgAAAgAAAAAAAABAIAAAAAAAAACAAAAAAAAAAAAAABAAAAICAACAAAAAAAAAAQiAAAAAAAACC3YAJBoVEEBZEAgQCAgBAAAEEQQAECAIAAAgIIAAAgYACQMABVhEgAAAgAAAAAAAAAAAAAACAAIAABAAACAACAQKAAAACAACAAgQAAwAUIAEAAICgAAIEAAAAAARAAAAIAAAAAQAEhAAAAAIAAQIAiAAAAAkAAAAAAAAAABAAAgAAAAAIAAAIAAAAAAAAAACBAAAAEAAAAgAAAAAAAAAAAAAAQAAAAAAAAAAAAABAAAAEAgAAAAAAAAgAAA&gpp_sid=2&uid=CAESEC15bMnw4M8nzD2tlc8o1cc&google_cver=1:0
[   97096ms] [ERROR] Failed to load resource: the server responded with a status of 404 () @ https://bcp.crwdcntrl.net/gmap/?gdpr=1&gdpr_consent=CQl5JrAQl5JrAAfFdGITCjFsAP_gAEPgAAYgLdtR9G9fbSFj8DZ3YbokYIwPxVho6sAhBgCAkmgFCLuELIwEhWEQIAyCIiACGBIAODQAIAEgGAgQQUAgIIABLADMYEAQYCBKICBAABIRIkAQCAgKAAAgUAAAgmBGAgQAiASNAZIASMwAgQAGEXAgKAAAAACQAQAIACEAQAEAAAAAQCgAgAAAgAAAAAAAABAIAAAAAAAAACAAAAAAAAAAAAAABAAAAICAACAAAAAAAAAAQiAAAAAAAACC3YAJBoVEEBZEAgQCAgBAAAEEQQAECAIAAAgIIAAAgYACQMABVhEgAAAgAAAAAAAAAAAAAACAAIAABAAACAACAQKAAAACAACAAgQAAwAUIAEAAICgAAIEAAAAAARAAAAIAAAAAQAEhAAAAAIAAQIAiAAAAAkAAAAAAAAAABAAAgAAAAAIAAAIAAAAAAAAAACBAAAAEAAAAgAAAAAAAAAAAAAAQAAAAAAAAAAAAABAAAAEAgAAAAAAAAgAAA.ILdtR9G9fbSFn8DZ3YbokYIwfxVho6sAhBgCAkmgFCLuELIwElWESIAyCIiACGBIAODQAIAEoGAgQQUAgIIABLBDsYEAQYCBKICBAADIRYkAQCAgKAAAgUAAAgmBGAgQAiASNAZIASMwAgQAmEXAgKIAAAACQAQAIACEAQAEAACAAQCgAgAAAgAAAAAAAABAIEAAAAQAAACAAAAAAAAAAAAAABAAAAICAACAAAAAEAAAAQiAAAAAAAAC&addtl_consent=1~2997.2927.367.272.2869.1205.2831.3318.3063.1027.3290.2897.1365.3130.3019.1099.2068.922.491.2931.2124.1516.864.2867.2354.2975.2316.2052.1721.3288.938.1029.286.2881.3128.2328.3306.2567.3151.2646.2669.2779.2486.2044.2690.3145.2778.1166.2966.3089.3293.2440.2542.2792.2894.550.2636.313.3109.576.2564.2916.3073.486.1677.3070.522.2331.3117.323.931.1782.2908.3010.1046.1455.2377.2498.1942.2850.2295.3189.1870.2484.311.3231.3008.3257.3187.2886.3052.985.737.2253.3099.2453.2569.1845.2729.2947.2965.124.1570.1967.3120.2575.3222.2787.3260.3272.2039.3112.587.3316.1416.1843.3238.1143.2949.230.3244.108.2713.1682.2963.2465.1638.1540.3172.2657.3210.2874.1716.1579.1832.1003.93.424.3034.2798.442.1667.2830.1419.1840.1449.2660.2628.2698.2974.2980.1252.135.1697.1964.2468.2572.3225.2584.2610.2784.2918.445.2801.2941.2999.2074.3184.2088.3055.2677.3228.1301.2889.2895.322.2517.2090.1889.2186.196.266.2875.2983.2427.2072.2501.2817.2336.429.3296.1107.2559.2220.2577.46.3194.1969.2222.2621.1917.1512.523.820.1584.1047.2633.3043.310.3106.3324.2985.1827.2531.2140.3230.184.1135.2605.2282.3076.1514.3236.2887.385.1548.2047.2003.3223.2109.2225.3016.2900.2416.55.2768.1186.143.2652.2812.259.1040.2506.1878.2008.1290.2884.3018.1403.2107.574.1375.3167.83.1651.2418.2770.211.2309.1312.2930.2994.370.2816.2834.147.89.1162.2860.3012.568.2279.1356.1092.1048.2846.1962.1944.161.3227.1284.1525.2133.239.2852.899.1226.2115.2147.2940.149.43.1495.2103.2219.2325.1268.1750.1786.3185.1838.2888.3028.2643.1978.61.3270.3328.2035.3136.2661.2425.2629.3314.1051.2981.1095.802.3094.2645.3330.1859.2358.2979.591.3182.1053.1745.1911.2234.2571.3226.3240.1963.2609.2687.2839.2961.3059.2695.1345.1025.2477.1598.2535.2651.3003.1097.2224.2901.3196.3017.2064.2166.2370.2883.3126.495.2461.2813.2929.2987.1067.2493.2973.904.2583.2865.3005.3077.3214.358.1810.3135.2950.407.2335.3237.3251.2400.2604.2956.2968.159.3000.3038.3149.2526.2596.2488.2878.1270.2986.560.3075.3235.3253.117.1968.3119.2844.3093.1603.2414.2970.3217.2472.2650.2862.3002.3307.1985.430.1825.2156.1307.2278.2405.1031.2681.2917.3250.1440.1149.314.2027.2403.3190.3292.1725.1558.3234.2447.3074.1616.1188.839.1415.1880.2880.2271.2373.2387.2854.1152.1126.2898.3058.3095.2359.2772.1882.797.1276.436.2614.2838.291.2684.2882.1732.327.2343.2552.2922.3173.3315.1555.2656.3155.2534.979.3097.2642.3066.2510.1800.2612.2568.494.2670.2714.3127.2205.2920.2964.1583.2658.3209.1712.981.3215.1699.803.3300.2849.3053.1735.3009.2791.2893.415.1753.2322.192.236.371.2995.2130.2527.2821.70.2376.2056.1678.122.3188.2891.340.2909.20.144.2415.1929.2767.1227.2805.2863&gpp=DBABM~CQl5JrAQl5JrAAfFdGITCjFsAP_gAEPgAAYgLdtR9G9fbSFj8DZ3YbokYIwPxVho6sAhBgCAkmgFCLuELIwEhWEQIAyCIiACGBIAODQAIAEgGAgQQUAgIIABLADMYEAQYCBKICBAABIRIkAQCAgKAAAgUAAAgmBGAgQAiASNAZIASMwAgQAGEXAgKAAAAACQAQAIACEAQAEAAAAAQCgAgAAAgAAAAAAAABAIAAAAAAAAACAAAAAAAAAAAAAABAAAAICAACAAAAAAAAAAQiAAAAAAAACC3YAJBoVEEBZEAgQCAgBAAAEEQQAECAIAAAgIIAAAgYACQMABVhEgAAAgAAAAAAAAAAAAAACAAIAABAAACAACAQKAAAACAACAAgQAAwAUIAEAAICgAAIEAAAAAARAAAAIAAAAAQAEhAAAAAIAAQIAiAAAAAkAAAAAAAAAABAAAgAAAAAIAAAIAAAAAAAAAACBAAAAEAAAAgAAAAAAAAAAAAAAQAAAAAAAAAAAAABAAAAEAgAAAAAAAAgAAA&gpp_sid=2&google_gid=CAESEA7QmUODK2z0xyPCNmet7yg&google_cver=1:0
[  126067ms] [ERROR] Failed to load resource: net::ERR_NAME_NOT_RESOLVED @ https://tags.bluekai.com/site/2981?redir=https%3A%2F%2Fcm.g.doubleclick.net%2Fpixel%3Fgoogle_nid%3Dbluekai%26google_hm%3D%24_BK_UUID_B64&gdpr=1&gdpr_consent=CQl5JrAQl5JrAAfFdGITCjFsAP_gAEPgAAYgLdtR9G9fbSFj8DZ3YbokYIwPxVho6sAhBgCAkmgFCLuELIwEhWEQIAyCIiACGBIAODQAIAEgGAgQQUAgIIABLADMYEAQYCBKICBAABIRIkAQCAgKAAAgUAAAgmBGAgQAiASNAZIASMwAgQAGEXAgKAAAAACQAQAIACEAQAEAAAAAQCgAgAAAgAAAAAAAABAIAAAAAAAAACAAAAAAAAAAAAAABAAAAICAACAAAAAAAAAAQiAAAAAAAACC3YAJBoVEEBZEAgQCAgBAAAEEQQAECAIAAAgIIAAAgYACQMABVhEgAAAgAAAAAAAAAAAAAACAAIAABAAACAACAQKAAAACAACAAgQAAwAUIAEAAICgAAIEAAAAAARAAAAIAAAAAQAEhAAAAAIAAQIAiAAAAAkAAAAAAAAAABAAAgAAAAAIAAAIAAAAAAAAAACBAAAAEAAAAgAAAAAAAAAAAAAAQAAAAAAAAAAAAABAAAAEAgAAAAAAAAgAAA.ILdtR9G9fbSFn8DZ3YbokYIwfxVho6sAhBgCAkmgFCLuELIwElWESIAyCIiACGBIAODQAIAEoGAgQQUAgIIABLBDsYEAQYCBKICBAADIRYkAQCAgKAAAgUAAAgmBGAgQAiASNAZIASMwAgQAmEXAgKIAAAACQAQAIACEAQAEAACAAQCgAgAAAgAAAAAAAABAIEAAAAQAAACAAAAAAAAAAAAAABAAAAICAACAAAAAEAAAAQiAAAAAAAAC&addtl_consent=1~2979.591.2358.1135.3043.3330.2140.802.1859.2645.3094.2609.3226.1963.1911.2234.2571.3240.2839.1745.1053.3182.2961.3314.2425.2629.3136.2661.2981.3270.3328.2643.2035.1095.1051.149.2115.2940.2325.1750.899.239.2147.1525.1838.3028.1978.2888.61.3185.2133.1268.1495.43.147.1786.2103.2219.2860.2834.370.1356.2309.89.1312.2994.161.211.2816.1226.1284.568.1962.1944.1162.1048.1092.2279.3012.2844.2846.2852.1603.3093.1968.3119.3227.3235.3253.1270.3075.117.3307.560.430.2472.2650.2862.2414.3002.2970.3217.2400.2335.159.2604.2956.3135.3237.358.1810.3077.2488.3251.2526.3149.2596.2878.2950.2986.2968.3000.3126.2883.495.3038.2064.2370.2166.3196.1097.2224.2901.3017.2583.2865.3214.2973.407.904.2493.3005.2461.2813.1067.2929.2987.3059.2687.2535.2651.3003.1598.2477.2695.1025.1345.1882.436.797.2359.2772.3095.291.2684.2838.1276.2614.2882.1880.1415.839.1188.1152.2387.2898.2271.1126.2373.2854.2880.1725.314.2027.3058.1149.3074.1616.2447.1558.3234.3190.2403.3292.1825.1307.1031.1985.3250.2917.1440.2405.2156.2278.2681.1227.2056.2891.2909.122.3188.2376.1678.2927.2997.20.340.2415.1929.2767.144.2791.2805.1735.2863.2893.2849.3300.3009.3053.2130.2527.2821.70.2995.236.192.371.1753.415.2322.3127.494.2920.2568.2670.2205.3066.2510.1800.2612.2714.803.1699.3215.2964.2658.981.3209.1712.1583.2552.2343.2922.1732.327.3097.3155.2534.2642.1555.979.2656.3173.3315.486.3109.2636.576.313.2331.3117.522.550.1677.3073.2564.2916.3070.3145.2486.2044.2690.2966.3151.2646.2440.2542.2792.2894.3089.3293.2778.2975.1721.2354.864.2124.1029.1166.2931.1516.2316.2867.3306.3128.2881.286.2567.2669.2328.2779.2052.938.3288.1365.1027.3318.2869.2831.1205.272.2068.922.491.367.2897.3019.3130.3290.3063.1099.1638.2713.230.108.2949.1682.2963.3238.1843.3210.2657.3244.3172.2465.1540.1967.1570.3120.3222.2965.2575.3260.2787.124.2453.1845.2569.2729.1416.1143.2039.2947.3112.587.3316.3272.3187.3052.2886.985.3231.3257.3008.3099.2253.737.1455.2498.2377.2850.1942.3189.1046.1782.2908.323.3010.311.2484.931.2295.1870.2983.2427.429.1889.2072.2817.2875.266.196.2090.2186.2559.2336.2220.1107.3296.2501.2074.2801.2941.2999.445.2088.322.3228.2517.1301.2895.2677.3184.2889.3055.2468.2584.2974.1697.2628.2698.2980.135.2660.1252.2918.2610.1964.3225.2572.2784.2798.1003.442.93.1832.2830.1716.1419.2874.3034.1579.1840.424.1449.1667.1403.574.2107.3018.1290.2008.2506.2884.2930.1651.1375.2418.2770.83.3167.2225.2109.3223.2900.3016.1040.2812.55.143.1186.259.2768.1878.2887.1514.385.3076.2416.3236.2652.2282.184.3230.2605.2003.2047.1548.523.1512.1917.820.2621.3194.1047.2577.1969.2222.2531.46.310.3324.1827.2633.3106.2985.1584&gpp=DBABM~CQl5JrAQl5JrAAfFdGITCjFsAP_gAEPgAAYgLdtR9G9fbSFj8DZ3YbokYIwPxVho6sAhBgCAkmgFCLuELIwEhWEQIAyCIiACGBIAODQAIAEgGAgQQUAgIIABLADMYEAQYCBKICBAABIRIkAQCAgKAAAgUAAAgmBGAgQAiASNAZIASMwAgQAGEXAgKAAAAACQAQAIACEAQAEAAAAAQCgAgAAAgAAAAAAAABAIAAAAAAAAACAAAAAAAAAAAAAABAAAAICAACAAAAAAAAAAQiAAAAAAAACC3YAJBoVEEBZEAgQCAgBAAAEEQQAECAIAAAgIIAAAgYACQMABVhEgAAAgAAAAAAAAAAAAAACAAIAABAAACAACAQKAAAACAACAAgQAAwAUIAEAAICgAAIEAAAAAARAAAAIAAAAAQAEhAAAAAIAAQIAiAAAAAkAAAAAAAAAABAAAgAAAAAIAAAIAAAAAAAAAACBAAAAEAAAAgAAAAAAAAAAAAAAQAAAAAAAAAAAAABAAAAEAgAAAAAAAAgAAA&gpp_sid=2:0
[  126068ms] [ERROR] Failed to load resource: net::ERR_NAME_NOT_RESOLVED @ https://tags.bluekai.com/site/2981?id=&gdpr=1&gdpr_consent=CQl5JrAQl5JrAAfFdGITCjFsAP_gAEPgAAYgLdtR9G9fbSFj8DZ3YbokYIwPxVho6sAhBgCAkmgFCLuELIwEhWEQIAyCIiACGBIAODQAIAEgGAgQQUAgIIABLADMYEAQYCBKICBAABIRIkAQCAgKAAAgUAAAgmBGAgQAiASNAZIASMwAgQAGEXAgKAAAAACQAQAIACEAQAEAAAAAQCgAgAAAgAAAAAAAABAIAAAAAAAAACAAAAAAAAAAAAAABAAAAICAACAAAAAAAAAAQiAAAAAAAACC3YAJBoVEEBZEAgQCAgBAAAEEQQAECAIAAAgIIAAAgYACQMABVhEgAAAgAAAAAAAAAAAAAACAAIAABAAACAACAQKAAAACAACAAgQAAwAUIAEAAICgAAIEAAAAAARAAAAIAAAAAQAEhAAAAAIAAQIAiAAAAAkAAAAAAAAAABAAAgAAAAAIAAAIAAAAAAAAAACBAAAAEAAAAgAAAAAAAAAAAAAAQAAAAAAAAAAAAABAAAAEAgAAAAAAAAgAAA.ILdtR9G9fbSFn8DZ3YbokYIwfxVho6sAhBgCAkmgFCLuELIwElWESIAyCIiACGBIAODQAIAEoGAgQQUAgIIABLBDsYEAQYCBKICBAADIRYkAQCAgKAAAgUAAAgmBGAgQAiASNAZIASMwAgQAmEXAgKIAAAACQAQAIACEAQAEAACAAQCgAgAAAgAAAAAAAABAIEAAAAQAAACAAAAAAAAAAAAAABAAAAICAACAAAAAEAAAAQiAAAAAAAAC&addtl_consent=1~2979.591.2358.1135.3043.3330.2140.802.1859.2645.3094.2609.3226.1963.1911.2234.2571.3240.2839.1745.1053.3182.2961.3314.2425.2629.3136.2661.2981.3270.3328.2643.2035.1095.1051.149.2115.2940.2325.1750.899.239.2147.1525.1838.3028.1978.2888.61.3185.2133.1268.1495.43.147.1786.2103.2219.2860.2834.370.1356.2309.89.1312.2994.161.211.2816.1226.1284.568.1962.1944.1162.1048.1092.2279.3012.2844.2846.2852.1603.3093.1968.3119.3227.3235.3253.1270.3075.117.3307.560.430.2472.2650.2862.2414.3002.2970.3217.2400.2335.159.2604.2956.3135.3237.358.1810.3077.2488.3251.2526.3149.2596.2878.2950.2986.2968.3000.3126.2883.495.3038.2064.2370.2166.3196.1097.2224.2901.3017.2583.2865.3214.2973.407.904.2493.3005.2461.2813.1067.2929.2987.3059.2687.2535.2651.3003.1598.2477.2695.1025.1345.1882.436.797.2359.2772.3095.291.2684.2838.1276.2614.2882.1880.1415.839.1188.1152.2387.2898.2271.1126.2373.2854.2880.1725.314.2027.3058.1149.3074.1616.2447.1558.3234.3190.2403.3292.1825.1307.1031.1985.3250.2917.1440.2405.2156.2278.2681.1227.2056.2891.2909.122.3188.2376.1678.2927.2997.20.340.2415.1929.2767.144.2791.2805.1735.2863.2893.2849.3300.3009.3053.2130.2527.2821.70.2995.236.192.371.1753.415.2322.3127.494.2920.2568.2670.2205.3066.2510.1800.2612.2714.803.1699.3215.2964.2658.981.3209.1712.1583.2552.2343.2922.1732.327.3097.3155.2534.2642.1555.979.2656.3173.3315.486.3109.2636.576.313.2331.3117.522.550.1677.3073.2564.2916.3070.3145.2486.2044.2690.2966.3151.2646.2440.2542.2792.2894.3089.3293.2778.2975.1721.2354.864.2124.1029.1166.2931.1516.2316.2867.3306.3128.2881.286.2567.2669.2328.2779.2052.938.3288.1365.1027.3318.2869.2831.1205.272.2068.922.491.367.2897.3019.3130.3290.3063.1099.1638.2713.230.108.2949.1682.2963.3238.1843.3210.2657.3244.3172.2465.1540.1967.1570.3120.3222.2965.2575.3260.2787.124.2453.1845.2569.2729.1416.1143.2039.2947.3112.587.3316.3272.3187.3052.2886.985.3231.3257.3008.3099.2253.737.1455.2498.2377.2850.1942.3189.1046.1782.2908.323.3010.311.2484.931.2295.1870.2983.2427.429.1889.2072.2817.2875.266.196.2090.2186.2559.2336.2220.1107.3296.2501.2074.2801.2941.2999.445.2088.322.3228.2517.1301.2895.2677.3184.2889.3055.2468.2584.2974.1697.2628.2698.2980.135.2660.1252.2918.2610.1964.3225.2572.2784.2798.1003.442.93.1832.2830.1716.1419.2874.3034.1579.1840.424.1449.1667.1403.574.2107.3018.1290.2008.2506.2884.2930.1651.1375.2418.2770.83.3167.2225.2109.3223.2900.3016.1040.2812.55.143.1186.259.2768.1878.2887.1514.385.3076.2416.3236.2652.2282.184.3230.2605.2003.2047.1548.523.1512.1917.820.2621.3194.1047.2577.1969.2222.2531.46.310.3324.1827.2633.3106.2985.1584&gpp=DBABM~CQl5JrAQl5JrAAfFdGITCjFsAP_gAEPgAAYgLdtR9G9fbSFj8DZ3YbokYIwPxVho6sAhBgCAkmgFCLuELIwEhWEQIAyCIiACGBIAODQAIAEgGAgQQUAgIIABLADMYEAQYCBKICBAABIRIkAQCAgKAAAgUAAAgmBGAgQAiASNAZIASMwAgQAGEXAgKAAAAACQAQAIACEAQAEAAAAAQCgAgAAAgAAAAAAAABAIAAAAAAAAACAAAAAAAAAAAAAABAAAAICAACAAAAAAAAAAQiAAAAAAAACC3YAJBoVEEBZEAgQCAgBAAAEEQQAECAIAAAgIIAAAgYACQMABVhEgAAAgAAAAAAAAAAAAAACAAIAABAAACAACAQKAAAACAACAAgQAAwAUIAEAAICgAAIEAAAAAARAAAAIAAAAAQAEhAAAAAIAAQIAiAAAAAkAAAAAAAAAABAAAgAAAAAIAAAIAAAAAAAAAACBAAAAEAAAAgAAAAAAAAAAAAAAQAAAAAAAAAAAAABAAAAEAgAAAAAAAAgAAA&gpp_sid=2&google_gid=CAESEN-xPXHxCrtITAl4Wz4bhFQ&google_cver=1:0
[  155231ms] [ERROR] Failed to load resource: net::ERR_NAME_NOT_RESOLVED @ https://x.dlx.addthis.com/e/googlegdn_sync?na_exid=CAESEF8y2Qx663NJ18Sjry0g6j0&gdpr=1&gdpr_consent=CQl5JrAQl5JrAAfFdGITCjFsAP_gAEPgAAYgLdtR9G9fbSFj8DZ3YbokYIwPxVho6sAhBgCAkmgFCLuELIwEhWEQIAyCIiACGBIAODQAIAEgGAgQQUAgIIABLADMYEAQYCBKICBAABIRIkAQCAgKAAAgUAAAgmBGAgQAiASNAZIASMwAgQAGEXAgKAAAAACQAQAIACEAQAEAAAAAQCgAgAAAgAAAAAAAABAIAAAAAAAAACAAAAAAAAAAAAAABAAAAICAACAAAAAAAAAAQiAAAAAAAACC3YAJBoVEEBZEAgQCAgBAAAEEQQAECAIAAAgIIAAAgYACQMABVhEgAAAgAAAAAAAAAAAAAACAAIAABAAACAACAQKAAAACAACAAgQAAwAUIAEAAICgAAIEAAAAAARAAAAIAAAAAQAEhAAAAAIAAQIAiAAAAAkAAAAAAAAAABAAAgAAAAAIAAAIAAAAAAAAAACBAAAAEAAAAgAAAAAAAAAAAAAAQAAAAAAAAAAAAABAAAAEAgAAAAAAAAgAAA.ILdtR9G9fbSFn8DZ3YbokYIwfxVho6sAhBgCAkmgFCLuELIwElWESIAyCIiACGBIAODQAIAEoGAgQQUAgIIABLBDsYEAQYCBKICBAADIRYkAQCAgKAAAgUAAAgmBGAgQAiASNAZIASMwAgQAmEXAgKIAAAACQAQAIACEAQAEAACAAQCgAgAAAgAAAAAAAABAIEAAAAQAAACAAAAAAAAAAAAAABAAAAICAACAAAAAEAAAAQiAAAAAAAAC&addtl_consent=1~494.2271.2373.1697.70.1514.1725.143.149.314.184.1800.2133.2224.2325.2510.864.286.1029.1558.2253.2677.1097.2778.2779.938.2493.2047.89.442.1047.1027.1942.2792.820.1419.1732.1205.323.211.1312.1598.1025.46.310.491.1099.1284.1449.370.161.1092.1716.1985.1048.1584.1870.2068.436.797.20.2278.486.122.1882.2072.2295.2427.429.574.230.196.313.1682.2506.2531.1963.340.108.1540.2559.1911.2415.1276.144.1735.2614.2109.2791.2787.1415.2425.2453.2629.2088.2729.236.1143.1126.1301.1878.587.322.358.1152.2526.371.192.415.1753.259&gpp=DBABM~CQl5JrAQl5JrAAfFdGITCjFsAP_gAEPgAAYgLdtR9G9fbSFj8DZ3YbokYIwPxVho6sAhBgCAkmgFCLuELIwEhWEQIAyCIiACGBIAODQAIAEgGAgQQUAgIIABLADMYEAQYCBKICBAABIRIkAQCAgKAAAgUAAAgmBGAgQAiASNAZIASMwAgQAGEXAgKAAAAACQAQAIACEAQAEAAAAAQCgAgAAAgAAAAAAAABAIAAAAAAAAACAAAAAAAAAAAAAABAAAAICAACAAAAAAAAAAQiAAAAAAAACC3YAJBoVEEBZEAgQCAgBAAAEEQQAECAIAAAgIIAAAgYACQMABVhEgAAAgAAAAAAAAAAAAAACAAIAABAAACAACAQKAAAACAACAAgQAAwAUIAEAAICgAAIEAAAAAARAAAAIAAAAAQAEhAAAAAIAAQIAiAAAAAkAAAAAAAAAABAAAgAAAAAIAAAIAAAAAAAAAACBAAAAEAAAAgAAAAAAAAAAAAAAQAAAAAAAAAAAAABAAAAEAgAAAAAAAAgAAA&gpp_sid=2&google_cver=1:0
[  214736ms] [ERROR] Failed to load resource: net::ERR_TOO_MANY_REDIRECTS @ https://loadm.exelator.com/load/?p=204&g=001&bi=&j=0&gdpr%3D1%26gdpr_consent%3DCQl5JrAQl5JrAAfFdGITCjFsAP_gAEPgAAYgLdtR9G9fbSFj8DZ3YbokYIwPxVho6sAhBgCAkmgFCLuELIwEhWEQIAyCIiACGBIAODQAIAEgGAgQQUAgIIABLADMYEAQYCBKICBAABIRIkAQCAgKAAAgUAAAgmBGAgQAiASNAZIASMwAgQAGEXAgKAAAAACQAQAIACEAQAEAAAAAQCgAgAAAgAAAAAAAABAIAAAAAAAAACAAAAAAAAAAAAAABAAAAICAACAAAAAAAAAAQiAAAAAAAACC3YAJBoVEEBZEAgQCAgBAAAEEQQAECAIAAAgIIAAAgYACQMABVhEgAAAgAAAAAAAAAAAAAACAAIAABAAACAACAQKAAAACAACAAgQAAwAUIAEAAICgAAIEAAAAAARAAAAIAAAAAQAEhAAAAAIAAQIAiAAAAAkAAAAAAAAAABAAAgAAAAAIAAAIAAAAAAAAAACBAAAAEAAAAgAAAAAAAAAAAAAAQAAAAAAAAAAAAABAAAAEAgAAAAAAAAgAAA.ILdtR9G9fbSFn8DZ3YbokYIwfxVho6sAhBgCAkmgFCLuELIwElWESIAyCIiACGBIAODQAIAEoGAgQQUAgIIABLBDsYEAQYCBKICBAADIRYkAQCAgKAAAgUAAAgmBGAgQAiASNAZIASMwAgQAmEXAgKIAAAACQAQAIACEAQAEAACAAQCgAgAAAgAAAAAAAABAIEAAAAQAAACAAAAAAAAAAAAAABAAAAICAACAAAAAEAAAAQiAAAAAAAAC=&google_error=3:0
[   14039ms] [ERROR] Attestation check for Shared Storage on https://www.googleadservices.com failed. @ https://www.googleadservices.com/pagead/managed/js/activeview/current/reach_worklet.html:0
[   14079ms] [ERROR] Attestation check for Shared Storage on https://www.googleadservices.com failed. @ https://www.googleadservices.com/pagead/managed/js/activeview/current/reach_worklet.html:0
[   38932ms] [ERROR] Attestation check for Shared Storage on https://www.googleadservices.com failed. @ https://www.googleadservices.com/pagead/managed/js/activeview/current/reach_worklet.html:0
[   47335ms] [ERROR] Attestation check for Shared Storage on https://www.googleadservices.com failed. @ https://www.googleadservices.com/pagead/managed/js/activeview/current/reach_worklet.html:0
[   68477ms] [ERROR] Attestation check for Shared Storage on https://www.googleadservices.com failed. @ https://www.googleadservices.com/pagead/managed/js/activeview/current/reach_worklet.html:0
[   76493ms] [ERROR] Attestation check for Shared Storage on https://www.googleadservices.com failed. @ https://www.googleadservices.com/pagead/managed/js/activeview/current/reach_worklet.html:0
[   97767ms] [ERROR] Attestation check for Shared Storage on https://www.googleadservices.com failed. @ https://www.googleadservices.com/pagead/managed/js/activeview/current/reach_worklet.html:0
[  126849ms] [ERROR] Attestation check for Shared Storage on https://www.googleadservices.com failed. @ https://www.googleadservices.com/pagead/managed/js/activeview/current/reach_worklet.html:0
[  155521ms] [ERROR] Attestation check for Shared Storage on https://www.googleadservices.com failed. @ https://www.googleadservices.com/pagead/managed/js/activeview/current/reach_worklet.html:0
[  184353ms] [ERROR] Attestation check for Shared Storage on https://www.googleadservices.com failed. @ https://www.googleadservices.com/pagead/managed/js/activeview/current/reach_worklet.html:0
[  213921ms] [ERROR] Attestation check for Shared Storage on https://www.googleadservices.com failed. @ https://www.googleadservices.com/pagead/managed/js/activeview/current/reach_worklet.html:0
[  243123ms] [ERROR] Attestation check for Shared Storage on https://www.googleadservices.com failed. @ https://www.googleadservices.com/pagead/managed/js/activeview/current/reach_worklet.html:0
[  243163ms] Uncaught TypeError: Cannot read properties of undefined (reading 'version')
    at b (https://scripts.journeymv.com/tags/3.51.6/wrapper.min.js?bust=1504196159:1:289175)
    at <anonymous> (https://scripts.journeymv.com/tags/3.51.6/wrapper.min.js?bust=1504196159:1:101126)
    at <anonymous> (https://scripts.journeymv.com/tags/3.51.6/wrapper.min.js?bust=1504196159:1:100766)
[  247279ms] [WARNING] The resource https://securepubads.g.doubleclick.net/tag/js/gpt.js was preloaded using link preload but not used within a few seconds from the window's load event. Please make sure it has an appropriate `as` value and it is preloaded intentionally. @ https://expiter.com/blog/articles/:0
[  256235ms] [WARNING] The resource https://securepubads.g.doubleclick.net/tag/js/gpt.js was preloaded using link preload but not used within a few seconds from the window's load event. Please make sure it has an appropriate `as` value and it is preloaded intentionally. @ https://expiter.com/blog/articles/:0
[  266252ms] [WARNING] The resource https://securepubads.g.doubleclick.net/tag/js/gpt.js was preloaded using link preload but not used within a few seconds from the window's load event. Please make sure it has an appropriate `as` value and it is preloaded intentionally. @ https://expiter.com/blog/articles/:0
[  270522ms] [WARNING] The resource https://securepubads.g.doubleclick.net/tag/js/gpt.js was preloaded using link preload but not used within a few seconds from the window's load event. Please make sure it has an appropriate `as` value and it is preloaded intentionally. @ https://expiter.com/blog/articles/:0
[   11506ms] [ERROR] Failed to load resource: the server responded with a status of 404 () @ https://ad.sxp.smartclip.net/sync?type=host&dsp=10&dspuuid=CAESEKBPdiGONJvUgVvfvcG7Egc&gdpr=1&gdpr_consent=CQl5JrAQl5JrAAfFdGITCjFsAP_gAEPgAAYgLdtR9G9fbSFj8DZ3YbokYIwPxVho6sAhBgCAkmgFCLuELIwEhWEQIAyCIiACGBIAODQAIAEgGAgQQUAgIIABLADMYEAQYCBKICBAABIRIkAQCAgKAAAgUAAAgmBGAgQAiASNAZIASMwAgQAGEXAgKAAAAACQAQAIACEAQAEAAAAAQCgAgAAAgAAAAAAAABAIAAAAAAAAACAAAAAAAAAAAAAABAAAAICAACAAAAAAAAAAQiAAAAAAAACC3YAJBoVEEBZEAgQCAgBAAAEEQQAECAIAAAgIIAAAgYACQMABVhEgAAAgAAAAAAAAAAAAAACAAIAABAAACAACAQKAAAACAACAAgQAAwAUIAEAAICgAAIEAAAAAARAAAAIAAAAAQAEhAAAAAIAAQIAiAAAAAkAAAAAAAAAABAAAgAAAAAIAAAIAAAAAAAAAACBAAAAEAAAAgAAAAAAAAAAAAAAQAAAAAAAAAAAAABAAAAEAgAAAAAAAAgAAA.ILdtR9G9fbSFn8DZ3YbokYIwfxVho6sAhBgCAkmgFCLuELIwElWESIAyCIiACGBIAODQAIAEoGAgQQUAgIIABLBDsYEAQYCBKICBAADIRYkAQCAgKAAAgUAAAgmBGAgQAiASNAZIASMwAgQAmEXAgKIAAAACQAQAIACEAQAEAACAAQCgAgAAAgAAAAAAAABAIEAAAAQAAACAAAAAAAAAAAAAABAAAAICAACAAAAAEAAAAQiAAAAAAAAC&addtl_consent=1~2997.367.2415.2767.2927.144.1929.1227.2805.2863.2891.122.3188.2376.1678.2909.2056.20.2130.2821.70.2527.340.371.2995.236.415.192.2322.1753.3009.1735.2791.3053.3300.2849.2893.803.1699.3215.3209.2658.981.1712.1583.3127.494.2568.2670.2920.2205.3066.2510.1800.2612.2714.2964.3097.2534.979.2642.3155.1555.3173.3315.2656.2552.2343.2922.1732.327.291.2684.2838.1276.2614.2882.1882.436.2359.2772.3095.797.1152.2387.2271.2373.2854.2880.2898.1126.1415.1880.3058.839.1188.3074.1616.2447.1558.3234.3190.2403.3292.1725.2027.314.1149.3250.1440.2917.2405.2156.2278.2681.1825.1307.1031.3307.1985.430.2472.2414.3217.2650.2844.2862.2970.3002.1603.3093.1968.3119.3235.3253.1270.3075.117.2488.2986.560.2526.2596.2878.3000.3149.2968.3038.2400.2335.159.2604.2956.3135.3237.358.1810.3077.3251.3214.2583.2865.3005.2950.407.904.2493.2973.2461.2813.1067.2929.495.2883.2987.3126.2064.2166.2370.3196.1097.2224.2535.2651.2901.3003.3017.1025.1598.2477.1345.2695.3059.2687.2609.2839.3226.1963.1911.2234.2571.3240.3182.1745.1053.2961.2358.591.2979.3330.802.2645.3094.1859.1051.1095.3314.2425.2629.3136.2661.2981.3270.2643.3328.2035.1838.1978.2888.3028.3185.61.1268.2219.1495.149.1786.43.2325.2940.1750.899.2103.239.2115.1525.2133.161.1226.1284.2147.2852.1048.568.1962.1092.1162.3227.1944.3012.2279.147.2834.2846.2860.1356.2309.2816.89.2994.1312.370.2930.211.1651.1375.2418.3167.83.1403.574.2107.2770.3018.1290.2506.2884.2008.2812.1040.143.259.2416.1878.2652.2768.3016.1186.2225.3223.2109.2900.2003.55.1548.2047.1514.2887.385.3076.3236.2282.184.3230.2605.2531.310.3324.2633.1135.1584.1827.2985.2140.523.3043.3106.1512.820.1917.2621.1047.3194.1969.2222.2577.46.2559.2336.2220.1107.3296.2501.2072.2427.429.1889.2817.2875.2983.266.196.2090.2186.1301.322.3228.2517.2677.3184.2889.2895.2074.3055.2801.2941.2999.2918.2088.2610.445.1964.3225.2572.2468.2584.2784.2974.1697.1252.2628.2698.135.2660.2980.1449.1840.1667.2798.1003.442.93.2830.3034.1419.1579.2874.1716.3210.2657.1832.3172.424.2465.1540.1638.230.108.2713.2949.2963.1682.1843.3238.3244.2039.3112.1416.3316.587.3272.1570.1143.3120.2965.1967.2575.3222.2787.3260.124.2453.1845.2569.2729.2947.3099.2253.737.3187.3052.2886.985.3231.3257.3008.2484.311.1870.2295.1455.1046.2377.2498.2850.1942.3189.1782.2908.323.3010.2331.3117.522.931.1677.2564.2916.3070.3073.3109.486.2636.576.313.550.2440.2542.2792.2894.3089.3293.2778.3145.2486.1166.2044.2690.2966.3151.2646.3306.3128.286.2567.2669.2779.2328.2881.3288.938.2975.2354.2052.1721.864.2316.2867.1029.2124.2931.1516.2068.922.3019.3130.2897.1099.491.3063.1365.1027.3290.3318.2831.2869.272.1205&gpp=DBABM~CQl5JrAQl5JrAAfFdGITCjFsAP_gAEPgAAYgLdtR9G9fbSFj8DZ3YbokYIwPxVho6sAhBgCAkmgFCLuELIwEhWEQIAyCIiACGBIAODQAIAEgGAgQQUAgIIABLADMYEAQYCBKICBAABIRIkAQCAgKAAAgUAAAgmBGAgQAiASNAZIASMwAgQAGEXAgKAAAAACQAQAIACEAQAEAAAAAQCgAgAAAgAAAAAAAABAIAAAAAAAAACAAAAAAAAAAAAAABAAAAICAACAAAAAAAAAAQiAAAAAAAACC3YAJBoVEEBZEAgQCAgBAAAEEQQAECAIAAAgIIAAAgYACQMABVhEgAAAgAAAAAAAAAAAAAACAAIAABAAACAACAQKAAAACAACAAgQAAwAUIAEAAICgAAIEAAAAAARAAAAIAAAAAQAEhAAAAAIAAQIAiAAAAAkAAAAAAAAAABAAAgAAAAAIAAAIAAAAAAAAAACBAAAAEAAAAgAAAAAAAAAAAAAAQAAAAAAAAAAAAABAAAAEAgAAAAAAAAgAAA&gpp_sid=2&google_cver=1:0
[   67824ms] [ERROR] Failed to load resource: net::ERR_NAME_NOT_RESOLVED @ https://sync.search.spotxchange.com/partner?adv_id=7025&gdpr=1&gdpr_consent=CQl5JrAQl5JrAAfFdGITCjFsAP_gAEPgAAYgLdtR9G9fbSFj8DZ3YbokYIwPxVho6sAhBgCAkmgFCLuELIwEhWEQIAyCIiACGBIAODQAIAEgGAgQQUAgIIABLADMYEAQYCBKICBAABIRIkAQCAgKAAAgUAAAgmBGAgQAiASNAZIASMwAgQAGEXAgKAAAAACQAQAIACEAQAEAAAAAQCgAgAAAgAAAAAAAABAIAAAAAAAAACAAAAAAAAAAAAAABAAAAICAACAAAAAAAAAAQiAAAAAAAACC3YAJBoVEEBZEAgQCAgBAAAEEQQAECAIAAAgIIAAAgYACQMABVhEgAAAgAAAAAAAAAAAAAACAAIAABAAACAACAQKAAAACAACAAgQAAwAUIAEAAICgAAIEAAAAAARAAAAIAAAAAQAEhAAAAAIAAQIAiAAAAAkAAAAAAAAAABAAAgAAAAAIAAAIAAAAAAAAAACBAAAAEAAAAgAAAAAAAAAAAAAAQAAAAAAAAAAAAABAAAAEAgAAAAAAAAgAAA.ILdtR9G9fbSFn8DZ3YbokYIwfxVho6sAhBgCAkmgFCLuELIwElWESIAyCIiACGBIAODQAIAEoGAgQQUAgIIABLBDsYEAQYCBKICBAADIRYkAQCAgKAAAgUAAAgmBGAgQAiASNAZIASMwAgQAmEXAgKIAAAACQAQAIACEAQAEAACAAQCgAgAAAgAAAAAAAABAIEAAAAQAAACAAAAAAAAAAAAAABAAAAICAACAAAAAEAAAAQiAAAAAAAAC&addtl_consent=1~2652.899.143.1186.2325.1750.259.1040.1878.2416.2768.2812.2900.2109.3016.2225.1651.55.3223.2418.3167.83.1375.2770.2884.1290.2008.2506.2930.574.1403.2633.3043.2985.3106.1584.3018.2107.2140.2531.1827.310.3324.3194.2222.2577.1135.1512.1917.1969.523.820.2621.2047.46.1548.1047.2003.2282.2605.184.3230.3236.2887.1514.385.3076.2677.3184.2517.2889.1301.322.3228.2895.3055.2801.2941.2999.2088.2074.445.1107.2336.2559.2501.3296.2220.196.266.1889.2072.2090.2186.2427.2817.429.1667.2875.2983.1449.1840.2874.1579.1716.2798.424.442.93.2830.3034.2610.1003.3225.2572.1419.2784.2918.1832.1964.2628.2698.2980.2660.2468.135.1252.1697.2584.2974.3272.1416.587.3112.3316.1143.2729.2947.1845.2453.2039.3120.1967.1570.2569.2575.3222.3260.2787.1540.2465.3210.2657.124.2965.3172.1682.2949.230.3238.3244.1843.108.2713.2963.1638.1870.2295.2484.311.2908.1782.931.3010.323.2498.2377.2850.1455.3189.1942.737.3099.1046.2253.3231.3257.3008.985.3187.2886.3052.2778.2440.2542.2792.2894.3089.2966.3293.1166.3151.2646.3145.2044.2486.2690.3073.1677.2564.2916.2331.522.3117.3070.576.2636.550.313.3109.2897.486.3063.3290.922.2068.3019.3130.272.491.1099.3318.367.2831.1205.2328.1365.938.1027.2052.3288.3306.2869.3128.286.1516.2669.2779.2124.2881.2931.1721.2567.2354.2975.2867.2316.864.1029.415.192.2995.2130.2322.1753.236.371.2527.3053.3300.70.2821.2849.2791.2893.3009.1735.1929.2415.144.2767.2997.2805.2863.2376.3188.2927.1678.2891.2909.340.1227.2656.20.1555.3173.2056.3097.3315.122.979.2534.3155.2642.327.1732.2343.2552.3209.2658.1712.2922.803.3215.1583.1699.981.1800.2510.3066.2612.2714.2964.3127.2568.2271.2205.2373.2670.2920.494.2854.2880.3058.2898.1152.2387.1126.839.1880.1188.1415.1276.2614.2882.2684.291.2838.3095.2772.797.1882.2359.436.2681.2405.2156.2278.1440.3250.2917.1985.1825.1307.3190.2403.3292.1031.1616.3074.2447.3234.1558.1149.314.2027.3149.3000.2968.1725.3038.2488.2526.2596.2878.2986.3135.3237.3251.1810.3077.358.2400.2956.2335.2604.2472.2650.3217.2862.2950.159.2414.3307.430.2970.3002.3235.560.3075.1270.3253.117.3093.2844.1603.3119.1345.1968.2695.2535.2477.1025.2651.1598.3003.2687.3059.2493.2461.407.2583.3214.2813.904.1067.2865.2929.2973.2987.3005.2224.2901.1097.3196.3017.3126.2883.495.2370.2064.2166.1051.1095.3270.3328.2035.2643.3314.2425.2629.2981.2661.2234.3136.3240.1745.1911.3182.1053.2609.2839.1963.2961.2571.3226.3330.1859.3094.802.2645.2979.591.2358.2846.1962.3227.568.1092.1162.1226.3012.1284.161.2279.2852.1944.370.1048.1312.2816.2309.147.2860.2994.211.89.1356.2834.2103.1495.2219.1786.3028.1838.2888.3185.1268.43.239.61.1978.1525.2133.2940.149.2115.2147&gpp=DBABM~CQl5JrAQl5JrAAfFdGITCjFsAP_gAEPgAAYgLdtR9G9fbSFj8DZ3YbokYIwPxVho6sAhBgCAkmgFCLuELIwEhWEQIAyCIiACGBIAODQAIAEgGAgQQUAgIIABLADMYEAQYCBKICBAABIRIkAQCAgKAAAgUAAAgmBGAgQAiASNAZIASMwAgQAGEXAgKAAAAACQAQAIACEAQAEAAAAAQCgAgAAAgAAAAAAAABAIAAAAAAAAACAAAAAAAAAAAAAABAAAAICAACAAAAAAAAAAQiAAAAAAAACC3YAJBoVEEBZEAgQCAgBAAAEEQQAECAIAAAgIIAAAgYACQMABVhEgAAAgAAAAAAAAAAAAAACAAIAABAAACAACAQKAAAACAACAAgQAAwAUIAEAAICgAAIEAAAAAARAAAAIAAAAAQAEhAAAAAIAAQIAiAAAAAkAAAAAAAAAABAAAgAAAAAIAAAIAAAAAAAAAACBAAAAEAAAAgAAAAAAAAAAAAAAQAAAAAAAAAAAAABAAAAEAgAAAAAAAAgAAA&gpp_sid=2&redir=https%3A%2F%2Fcm.g.doubleclick.net%2Fpixel%3Fgoogle_nid%3Dspotxchange_dbm%26google_hm%3D%24SPOTX_BASE64_USER_ID:0
[   67825ms] [ERROR] Failed to load resource: net::ERR_NAME_NOT_RESOLVED @ https://sync.search.spotxchange.com/partner?adv_id=7025&gdpr=1&gdpr_consent=CQl5JrAQl5JrAAfFdGITCjFsAP_gAEPgAAYgLdtR9G9fbSFj8DZ3YbokYIwPxVho6sAhBgCAkmgFCLuELIwEhWEQIAyCIiACGBIAODQAIAEgGAgQQUAgIIABLADMYEAQYCBKICBAABIRIkAQCAgKAAAgUAAAgmBGAgQAiASNAZIASMwAgQAGEXAgKAAAAACQAQAIACEAQAEAAAAAQCgAgAAAgAAAAAAAABAIAAAAAAAAACAAAAAAAAAAAAAABAAAAICAACAAAAAAAAAAQiAAAAAAAACC3YAJBoVEEBZEAgQCAgBAAAEEQQAECAIAAAgIIAAAgYACQMABVhEgAAAgAAAAAAAAAAAAAACAAIAABAAACAACAQKAAAACAACAAgQAAwAUIAEAAICgAAIEAAAAAARAAAAIAAAAAQAEhAAAAAIAAQIAiAAAAAkAAAAAAAAAABAAAgAAAAAIAAAIAAAAAAAAAACBAAAAEAAAAgAAAAAAAAAAAAAAQAAAAAAAAAAAAABAAAAEAgAAAAAAAAgAAA.ILdtR9G9fbSFn8DZ3YbokYIwfxVho6sAhBgCAkmgFCLuELIwElWESIAyCIiACGBIAODQAIAEoGAgQQUAgIIABLBDsYEAQYCBKICBAADIRYkAQCAgKAAAgUAAAgmBGAgQAiASNAZIASMwAgQAmEXAgKIAAAACQAQAIACEAQAEAACAAQCgAgAAAgAAAAAAAABAIEAAAAQAAACAAAAAAAAAAAAAABAAAAICAACAAAAAEAAAAQiAAAAAAAAC&addtl_consent=1~2652.899.143.1186.2325.1750.259.1040.1878.2416.2768.2812.2900.2109.3016.2225.1651.55.3223.2418.3167.83.1375.2770.2884.1290.2008.2506.2930.574.1403.2633.3043.2985.3106.1584.3018.2107.2140.2531.1827.310.3324.3194.2222.2577.1135.1512.1917.1969.523.820.2621.2047.46.1548.1047.2003.2282.2605.184.3230.3236.2887.1514.385.3076.2677.3184.2517.2889.1301.322.3228.2895.3055.2801.2941.2999.2088.2074.445.1107.2336.2559.2501.3296.2220.196.266.1889.2072.2090.2186.2427.2817.429.1667.2875.2983.1449.1840.2874.1579.1716.2798.424.442.93.2830.3034.2610.1003.3225.2572.1419.2784.2918.1832.1964.2628.2698.2980.2660.2468.135.1252.1697.2584.2974.3272.1416.587.3112.3316.1143.2729.2947.1845.2453.2039.3120.1967.1570.2569.2575.3222.3260.2787.1540.2465.3210.2657.124.2965.3172.1682.2949.230.3238.3244.1843.108.2713.2963.1638.1870.2295.2484.311.2908.1782.931.3010.323.2498.2377.2850.1455.3189.1942.737.3099.1046.2253.3231.3257.3008.985.3187.2886.3052.2778.2440.2542.2792.2894.3089.2966.3293.1166.3151.2646.3145.2044.2486.2690.3073.1677.2564.2916.2331.522.3117.3070.576.2636.550.313.3109.2897.486.3063.3290.922.2068.3019.3130.272.491.1099.3318.367.2831.1205.2328.1365.938.1027.2052.3288.3306.2869.3128.286.1516.2669.2779.2124.2881.2931.1721.2567.2354.2975.2867.2316.864.1029.415.192.2995.2130.2322.1753.236.371.2527.3053.3300.70.2821.2849.2791.2893.3009.1735.1929.2415.144.2767.2997.2805.2863.2376.3188.2927.1678.2891.2909.340.1227.2656.20.1555.3173.2056.3097.3315.122.979.2534.3155.2642.327.1732.2343.2552.3209.2658.1712.2922.803.3215.1583.1699.981.1800.2510.3066.2612.2714.2964.3127.2568.2271.2205.2373.2670.2920.494.2854.2880.3058.2898.1152.2387.1126.839.1880.1188.1415.1276.2614.2882.2684.291.2838.3095.2772.797.1882.2359.436.2681.2405.2156.2278.1440.3250.2917.1985.1825.1307.3190.2403.3292.1031.1616.3074.2447.3234.1558.1149.314.2027.3149.3000.2968.1725.3038.2488.2526.2596.2878.2986.3135.3237.3251.1810.3077.358.2400.2956.2335.2604.2472.2650.3217.2862.2950.159.2414.3307.430.2970.3002.3235.560.3075.1270.3253.117.3093.2844.1603.3119.1345.1968.2695.2535.2477.1025.2651.1598.3003.2687.3059.2493.2461.407.2583.3214.2813.904.1067.2865.2929.2973.2987.3005.2224.2901.1097.3196.3017.3126.2883.495.2370.2064.2166.1051.1095.3270.3328.2035.2643.3314.2425.2629.2981.2661.2234.3136.3240.1745.1911.3182.1053.2609.2839.1963.2961.2571.3226.3330.1859.3094.802.2645.2979.591.2358.2846.1962.3227.568.1092.1162.1226.3012.1284.161.2279.2852.1944.370.1048.1312.2816.2309.147.2860.2994.211.89.1356.2834.2103.1495.2219.1786.3028.1838.2888.3185.1268.43.239.61.1978.1525.2133.2940.149.2115.2147&gpp=DBABM~CQl5JrAQl5JrAAfFdGITCjFsAP_gAEPgAAYgLdtR9G9fbSFj8DZ3YbokYIwPxVho6sAhBgCAkmgFCLuELIwEhWEQIAyCIiACGBIAODQAIAEgGAgQQUAgIIABLADMYEAQYCBKICBAABIRIkAQCAgKAAAgUAAAgmBGAgQAiASNAZIASMwAgQAGEXAgKAAAAACQAQAIACEAQAEAAAAAQCgAgAAAgAAAAAAAABAIAAAAAAAAACAAAAAAAAAAAAAABAAAAICAACAAAAAAAAAAQiAAAAAAAACC3YAJBoVEEBZEAgQCAgBAAAEEQQAECAIAAAgIIAAAgYACQMABVhEgAAAgAAAAAAAAAAAAAACAAIAABAAACAACAQKAAAACAACAAgQAAwAUIAEAAICgAAIEAAAAAARAAAAIAAAAAQAEhAAAAAIAAQIAiAAAAAkAAAAAAAAAABAAAgAAAAAIAAAIAAAAAAAAAACBAAAAEAAAAgAAAAAAAAAAAAAAQAAAAAAAAAAAAABAAAAEAgAAAAAAAAgAAA&gpp_sid=2&uid=CAESEC15bMnw4M8nzD2tlc8o1cc&google_cver=1:0
[   97096ms] [ERROR] Failed to load resource: the server responded with a status of 404 () @ https://bcp.crwdcntrl.net/gmap/?gdpr=1&gdpr_consent=CQl5JrAQl5JrAAfFdGITCjFsAP_gAEPgAAYgLdtR9G9fbSFj8DZ3YbokYIwPxVho6sAhBgCAkmgFCLuELIwEhWEQIAyCIiACGBIAODQAIAEgGAgQQUAgIIABLADMYEAQYCBKICBAABIRIkAQCAgKAAAgUAAAgmBGAgQAiASNAZIASMwAgQAGEXAgKAAAAACQAQAIACEAQAEAAAAAQCgAgAAAgAAAAAAAABAIAAAAAAAAACAAAAAAAAAAAAAABAAAAICAACAAAAAAAAAAQiAAAAAAAACC3YAJBoVEEBZEAgQCAgBAAAEEQQAECAIAAAgIIAAAgYACQMABVhEgAAAgAAAAAAAAAAAAAACAAIAABAAACAACAQKAAAACAACAAgQAAwAUIAEAAICgAAIEAAAAAARAAAAIAAAAAQAEhAAAAAIAAQIAiAAAAAkAAAAAAAAAABAAAgAAAAAIAAAIAAAAAAAAAACBAAAAEAAAAgAAAAAAAAAAAAAAQAAAAAAAAAAAAABAAAAEAgAAAAAAAAgAAA.ILdtR9G9fbSFn8DZ3YbokYIwfxVho6sAhBgCAkmgFCLuELIwElWESIAyCIiACGBIAODQAIAEoGAgQQUAgIIABLBDsYEAQYCBKICBAADIRYkAQCAgKAAAgUAAAgmBGAgQAiASNAZIASMwAgQAmEXAgKIAAAACQAQAIACEAQAEAACAAQCgAgAAAgAAAAAAAABAIEAAAAQAAACAAAAAAAAAAAAAABAAAAICAACAAAAAEAAAAQiAAAAAAAAC&addtl_consent=1~2997.2927.367.272.2869.1205.2831.3318.3063.1027.3290.2897.1365.3130.3019.1099.2068.922.491.2931.2124.1516.864.2867.2354.2975.2316.2052.1721.3288.938.1029.286.2881.3128.2328.3306.2567.3151.2646.2669.2779.2486.2044.2690.3145.2778.1166.2966.3089.3293.2440.2542.2792.2894.550.2636.313.3109.576.2564.2916.3073.486.1677.3070.522.2331.3117.323.931.1782.2908.3010.1046.1455.2377.2498.1942.2850.2295.3189.1870.2484.311.3231.3008.3257.3187.2886.3052.985.737.2253.3099.2453.2569.1845.2729.2947.2965.124.1570.1967.3120.2575.3222.2787.3260.3272.2039.3112.587.3316.1416.1843.3238.1143.2949.230.3244.108.2713.1682.2963.2465.1638.1540.3172.2657.3210.2874.1716.1579.1832.1003.93.424.3034.2798.442.1667.2830.1419.1840.1449.2660.2628.2698.2974.2980.1252.135.1697.1964.2468.2572.3225.2584.2610.2784.2918.445.2801.2941.2999.2074.3184.2088.3055.2677.3228.1301.2889.2895.322.2517.2090.1889.2186.196.266.2875.2983.2427.2072.2501.2817.2336.429.3296.1107.2559.2220.2577.46.3194.1969.2222.2621.1917.1512.523.820.1584.1047.2633.3043.310.3106.3324.2985.1827.2531.2140.3230.184.1135.2605.2282.3076.1514.3236.2887.385.1548.2047.2003.3223.2109.2225.3016.2900.2416.55.2768.1186.143.2652.2812.259.1040.2506.1878.2008.1290.2884.3018.1403.2107.574.1375.3167.83.1651.2418.2770.211.2309.1312.2930.2994.370.2816.2834.147.89.1162.2860.3012.568.2279.1356.1092.1048.2846.1962.1944.161.3227.1284.1525.2133.239.2852.899.1226.2115.2147.2940.149.43.1495.2103.2219.2325.1268.1750.1786.3185.1838.2888.3028.2643.1978.61.3270.3328.2035.3136.2661.2425.2629.3314.1051.2981.1095.802.3094.2645.3330.1859.2358.2979.591.3182.1053.1745.1911.2234.2571.3226.3240.1963.2609.2687.2839.2961.3059.2695.1345.1025.2477.1598.2535.2651.3003.1097.2224.2901.3196.3017.2064.2166.2370.2883.3126.495.2461.2813.2929.2987.1067.2493.2973.904.2583.2865.3005.3077.3214.358.1810.3135.2950.407.2335.3237.3251.2400.2604.2956.2968.159.3000.3038.3149.2526.2596.2488.2878.1270.2986.560.3075.3235.3253.117.1968.3119.2844.3093.1603.2414.2970.3217.2472.2650.2862.3002.3307.1985.430.1825.2156.1307.2278.2405.1031.2681.2917.3250.1440.1149.314.2027.2403.3190.3292.1725.1558.3234.2447.3074.1616.1188.839.1415.1880.2880.2271.2373.2387.2854.1152.1126.2898.3058.3095.2359.2772.1882.797.1276.436.2614.2838.291.2684.2882.1732.327.2343.2552.2922.3173.3315.1555.2656.3155.2534.979.3097.2642.3066.2510.1800.2612.2568.494.2670.2714.3127.2205.2920.2964.1583.2658.3209.1712.981.3215.1699.803.3300.2849.3053.1735.3009.2791.2893.415.1753.2322.192.236.371.2995.2130.2527.2821.70.2376.2056.1678.122.3188.2891.340.2909.20.144.2415.1929.2767.1227.2805.2863&gpp=DBABM~CQl5JrAQl5JrAAfFdGITCjFsAP_gAEPgAAYgLdtR9G9fbSFj8DZ3YbokYIwPxVho6sAhBgCAkmgFCLuELIwEhWEQIAyCIiACGBIAODQAIAEgGAgQQUAgIIABLADMYEAQYCBKICBAABIRIkAQCAgKAAAgUAAAgmBGAgQAiASNAZIASMwAgQAGEXAgKAAAAACQAQAIACEAQAEAAAAAQCgAgAAAgAAAAAAAABAIAAAAAAAAACAAAAAAAAAAAAAABAAAAICAACAAAAAAAAAAQiAAAAAAAACC3YAJBoVEEBZEAgQCAgBAAAEEQQAECAIAAAgIIAAAgYACQMABVhEgAAAgAAAAAAAAAAAAAACAAIAABAAACAACAQKAAAACAACAAgQAAwAUIAEAAICgAAIEAAAAAARAAAAIAAAAAQAEhAAAAAIAAQIAiAAAAAkAAAAAAAAAABAAAgAAAAAIAAAIAAAAAAAAAACBAAAAEAAAAgAAAAAAAAAAAAAAQAAAAAAAAAAAAABAAAAEAgAAAAAAAAgAAA&gpp_sid=2&google_gid=CAESEA7QmUODK2z0xyPCNmet7yg&google_cver=1:0
[  126067ms] [ERROR] Failed to load resource: net::ERR_NAME_NOT_RESOLVED @ https://tags.bluekai.com/site/2981?redir=https%3A%2F%2Fcm.g.doubleclick.net%2Fpixel%3Fgoogle_nid%3Dbluekai%26google_hm%3D%24_BK_UUID_B64&gdpr=1&gdpr_consent=CQl5JrAQl5JrAAfFdGITCjFsAP_gAEPgAAYgLdtR9G9fbSFj8DZ3YbokYIwPxVho6sAhBgCAkmgFCLuELIwEhWEQIAyCIiACGBIAODQAIAEgGAgQQUAgIIABLADMYEAQYCBKICBAABIRIkAQCAgKAAAgUAAAgmBGAgQAiASNAZIASMwAgQAGEXAgKAAAAACQAQAIACEAQAEAAAAAQCgAgAAAgAAAAAAAABAIAAAAAAAAACAAAAAAAAAAAAAABAAAAICAACAAAAAAAAAAQiAAAAAAAACC3YAJBoVEEBZEAgQCAgBAAAEEQQAECAIAAAgIIAAAgYACQMABVhEgAAAgAAAAAAAAAAAAAACAAIAABAAACAACAQKAAAACAACAAgQAAwAUIAEAAICgAAIEAAAAAARAAAAIAAAAAQAEhAAAAAIAAQIAiAAAAAkAAAAAAAAAABAAAgAAAAAIAAAIAAAAAAAAAACBAAAAEAAAAgAAAAAAAAAAAAAAQAAAAAAAAAAAAABAAAAEAgAAAAAAAAgAAA.ILdtR9G9fbSFn8DZ3YbokYIwfxVho6sAhBgCAkmgFCLuELIwElWESIAyCIiACGBIAODQAIAEoGAgQQUAgIIABLBDsYEAQYCBKICBAADIRYkAQCAgKAAAgUAAAgmBGAgQAiASNAZIASMwAgQAmEXAgKIAAAACQAQAIACEAQAEAACAAQCgAgAAAgAAAAAAAABAIEAAAAQAAACAAAAAAAAAAAAAABAAAAICAACAAAAAEAAAAQiAAAAAAAAC&addtl_consent=1~2979.591.2358.1135.3043.3330.2140.802.1859.2645.3094.2609.3226.1963.1911.2234.2571.3240.2839.1745.1053.3182.2961.3314.2425.2629.3136.2661.2981.3270.3328.2643.2035.1095.1051.149.2115.2940.2325.1750.899.239.2147.1525.1838.3028.1978.2888.61.3185.2133.1268.1495.43.147.1786.2103.2219.2860.2834.370.1356.2309.89.1312.2994.161.211.2816.1226.1284.568.1962.1944.1162.1048.1092.2279.3012.2844.2846.2852.1603.3093.1968.3119.3227.3235.3253.1270.3075.117.3307.560.430.2472.2650.2862.2414.3002.2970.3217.2400.2335.159.2604.2956.3135.3237.358.1810.3077.2488.3251.2526.3149.2596.2878.2950.2986.2968.3000.3126.2883.495.3038.2064.2370.2166.3196.1097.2224.2901.3017.2583.2865.3214.2973.407.904.2493.3005.2461.2813.1067.2929.2987.3059.2687.2535.2651.3003.1598.2477.2695.1025.1345.1882.436.797.2359.2772.3095.291.2684.2838.1276.2614.2882.1880.1415.839.1188.1152.2387.2898.2271.1126.2373.2854.2880.1725.314.2027.3058.1149.3074.1616.2447.1558.3234.3190.2403.3292.1825.1307.1031.1985.3250.2917.1440.2405.2156.2278.2681.1227.2056.2891.2909.122.3188.2376.1678.2927.2997.20.340.2415.1929.2767.144.2791.2805.1735.2863.2893.2849.3300.3009.3053.2130.2527.2821.70.2995.236.192.371.1753.415.2322.3127.494.2920.2568.2670.2205.3066.2510.1800.2612.2714.803.1699.3215.2964.2658.981.3209.1712.1583.2552.2343.2922.1732.327.3097.3155.2534.2642.1555.979.2656.3173.3315.486.3109.2636.576.313.2331.3117.522.550.1677.3073.2564.2916.3070.3145.2486.2044.2690.2966.3151.2646.2440.2542.2792.2894.3089.3293.2778.2975.1721.2354.864.2124.1029.1166.2931.1516.2316.2867.3306.3128.2881.286.2567.2669.2328.2779.2052.938.3288.1365.1027.3318.2869.2831.1205.272.2068.922.491.367.2897.3019.3130.3290.3063.1099.1638.2713.230.108.2949.1682.2963.3238.1843.3210.2657.3244.3172.2465.1540.1967.1570.3120.3222.2965.2575.3260.2787.124.2453.1845.2569.2729.1416.1143.2039.2947.3112.587.3316.3272.3187.3052.2886.985.3231.3257.3008.3099.2253.737.1455.2498.2377.2850.1942.3189.1046.1782.2908.323.3010.311.2484.931.2295.1870.2983.2427.429.1889.2072.2817.2875.266.196.2090.2186.2559.2336.2220.1107.3296.2501.2074.2801.2941.2999.445.2088.322.3228.2517.1301.2895.2677.3184.2889.3055.2468.2584.2974.1697.2628.2698.2980.135.2660.1252.2918.2610.1964.3225.2572.2784.2798.1003.442.93.1832.2830.1716.1419.2874.3034.1579.1840.424.1449.1667.1403.574.2107.3018.1290.2008.2506.2884.2930.1651.1375.2418.2770.83.3167.2225.2109.3223.2900.3016.1040.2812.55.143.1186.259.2768.1878.2887.1514.385.3076.2416.3236.2652.2282.184.3230.2605.2003.2047.1548.523.1512.1917.820.2621.3194.1047.2577.1969.2222.2531.46.310.3324.1827.2633.3106.2985.1584&gpp=DBABM~CQl5JrAQl5JrAAfFdGITCjFsAP_gAEPgAAYgLdtR9G9fbSFj8DZ3YbokYIwPxVho6sAhBgCAkmgFCLuELIwEhWEQIAyCIiACGBIAODQAIAEgGAgQQUAgIIABLADMYEAQYCBKICBAABIRIkAQCAgKAAAgUAAAgmBGAgQAiASNAZIASMwAgQAGEXAgKAAAAACQAQAIACEAQAEAAAAAQCgAgAAAgAAAAAAAABAIAAAAAAAAACAAAAAAAAAAAAAABAAAAICAACAAAAAAAAAAQiAAAAAAAACC3YAJBoVEEBZEAgQCAgBAAAEEQQAECAIAAAgIIAAAgYACQMABVhEgAAAgAAAAAAAAAAAAAACAAIAABAAACAACAQKAAAACAACAAgQAAwAUIAEAAICgAAIEAAAAAARAAAAIAAAAAQAEhAAAAAIAAQIAiAAAAAkAAAAAAAAAABAAAgAAAAAIAAAIAAAAAAAAAACBAAAAEAAAAgAAAAAAAAAAAAAAQAAAAAAAAAAAAABAAAAEAgAAAAAAAAgAAA&gpp_sid=2:0
[  126068ms] [ERROR] Failed to load resource: net::ERR_NAME_NOT_RESOLVED @ https://tags.bluekai.com/site/2981?id=&gdpr=1&gdpr_consent=CQl5JrAQl5JrAAfFdGITCjFsAP_gAEPgAAYgLdtR9G9fbSFj8DZ3YbokYIwPxVho6sAhBgCAkmgFCLuELIwEhWEQIAyCIiACGBIAODQAIAEgGAgQQUAgIIABLADMYEAQYCBKICBAABIRIkAQCAgKAAAgUAAAgmBGAgQAiASNAZIASMwAgQAGEXAgKAAAAACQAQAIACEAQAEAAAAAQCgAgAAAgAAAAAAAABAIAAAAAAAAACAAAAAAAAAAAAAABAAAAICAACAAAAAAAAAAQiAAAAAAAACC3YAJBoVEEBZEAgQCAgBAAAEEQQAECAIAAAgIIAAAgYACQMABVhEgAAAgAAAAAAAAAAAAAACAAIAABAAACAACAQKAAAACAACAAgQAAwAUIAEAAICgAAIEAAAAAARAAAAIAAAAAQAEhAAAAAIAAQIAiAAAAAkAAAAAAAAAABAAAgAAAAAIAAAIAAAAAAAAAACBAAAAEAAAAgAAAAAAAAAAAAAAQAAAAAAAAAAAAABAAAAEAgAAAAAAAAgAAA.ILdtR9G9fbSFn8DZ3YbokYIwfxVho6sAhBgCAkmgFCLuELIwElWESIAyCIiACGBIAODQAIAEoGAgQQUAgIIABLBDsYEAQYCBKICBAADIRYkAQCAgKAAAgUAAAgmBGAgQAiASNAZIASMwAgQAmEXAgKIAAAACQAQAIACEAQAEAACAAQCgAgAAAgAAAAAAAABAIEAAAAQAAACAAAAAAAAAAAAAABAAAAICAACAAAAAEAAAAQiAAAAAAAAC&addtl_consent=1~2979.591.2358.1135.3043.3330.2140.802.1859.2645.3094.2609.3226.1963.1911.2234.2571.3240.2839.1745.1053.3182.2961.3314.2425.2629.3136.2661.2981.3270.3328.2643.2035.1095.1051.149.2115.2940.2325.1750.899.239.2147.1525.1838.3028.1978.2888.61.3185.2133.1268.1495.43.147.1786.2103.2219.2860.2834.370.1356.2309.89.1312.2994.161.211.2816.1226.1284.568.1962.1944.1162.1048.1092.2279.3012.2844.2846.2852.1603.3093.1968.3119.3227.3235.3253.1270.3075.117.3307.560.430.2472.2650.2862.2414.3002.2970.3217.2400.2335.159.2604.2956.3135.3237.358.1810.3077.2488.3251.2526.3149.2596.2878.2950.2986.2968.3000.3126.2883.495.3038.2064.2370.2166.3196.1097.2224.2901.3017.2583.2865.3214.2973.407.904.2493.3005.2461.2813.1067.2929.2987.3059.2687.2535.2651.3003.1598.2477.2695.1025.1345.1882.436.797.2359.2772.3095.291.2684.2838.1276.2614.2882.1880.1415.839.1188.1152.2387.2898.2271.1126.2373.2854.2880.1725.314.2027.3058.1149.3074.1616.2447.1558.3234.3190.2403.3292.1825.1307.1031.1985.3250.2917.1440.2405.2156.2278.2681.1227.2056.2891.2909.122.3188.2376.1678.2927.2997.20.340.2415.1929.2767.144.2791.2805.1735.2863.2893.2849.3300.3009.3053.2130.2527.2821.70.2995.236.192.371.1753.415.2322.3127.494.2920.2568.2670.2205.3066.2510.1800.2612.2714.803.1699.3215.2964.2658.981.3209.1712.1583.2552.2343.2922.1732.327.3097.3155.2534.2642.1555.979.2656.3173.3315.486.3109.2636.576.313.2331.3117.522.550.1677.3073.2564.2916.3070.3145.2486.2044.2690.2966.3151.2646.2440.2542.2792.2894.3089.3293.2778.2975.1721.2354.864.2124.1029.1166.2931.1516.2316.2867.3306.3128.2881.286.2567.2669.2328.2779.2052.938.3288.1365.1027.3318.2869.2831.1205.272.2068.922.491.367.2897.3019.3130.3290.3063.1099.1638.2713.230.108.2949.1682.2963.3238.1843.3210.2657.3244.3172.2465.1540.1967.1570.3120.3222.2965.2575.3260.2787.124.2453.1845.2569.2729.1416.1143.2039.2947.3112.587.3316.3272.3187.3052.2886.985.3231.3257.3008.3099.2253.737.1455.2498.2377.2850.1942.3189.1046.1782.2908.323.3010.311.2484.931.2295.1870.2983.2427.429.1889.2072.2817.2875.266.196.2090.2186.2559.2336.2220.1107.3296.2501.2074.2801.2941.2999.445.2088.322.3228.2517.1301.2895.2677.3184.2889.3055.2468.2584.2974.1697.2628.2698.2980.135.2660.1252.2918.2610.1964.3225.2572.2784.2798.1003.442.93.1832.2830.1716.1419.2874.3034.1579.1840.424.1449.1667.1403.574.2107.3018.1290.2008.2506.2884.2930.1651.1375.2418.2770.83.3167.2225.2109.3223.2900.3016.1040.2812.55.143.1186.259.2768.1878.2887.1514.385.3076.2416.3236.2652.2282.184.3230.2605.2003.2047.1548.523.1512.1917.820.2621.3194.1047.2577.1969.2222.2531.46.310.3324.1827.2633.3106.2985.1584&gpp=DBABM~CQl5JrAQl5JrAAfFdGITCjFsAP_gAEPgAAYgLdtR9G9fbSFj8DZ3YbokYIwPxVho6sAhBgCAkmgFCLuELIwEhWEQIAyCIiACGBIAODQAIAEgGAgQQUAgIIABLADMYEAQYCBKICBAABIRIkAQCAgKAAAgUAAAgmBGAgQAiASNAZIASMwAgQAGEXAgKAAAAACQAQAIACEAQAEAAAAAQCgAgAAAgAAAAAAAABAIAAAAAAAAACAAAAAAAAAAAAAABAAAAICAACAAAAAAAAAAQiAAAAAAAACC3YAJBoVEEBZEAgQCAgBAAAEEQQAECAIAAAgIIAAAgYACQMABVhEgAAAgAAAAAAAAAAAAAACAAIAABAAACAACAQKAAAACAACAAgQAAwAUIAEAAICgAAIEAAAAAARAAAAIAAAAAQAEhAAAAAIAAQIAiAAAAAkAAAAAAAAAABAAAgAAAAAIAAAIAAAAAAAAAACBAAAAEAAAAgAAAAAAAAAAAAAAQAAAAAAAAAAAAABAAAAEAgAAAAAAAAgAAA&gpp_sid=2&google_gid=CAESEN-xPXHxCrtITAl4Wz4bhFQ&google_cver=1:0
[  155231ms] [ERROR] Failed to load resource: net::ERR_NAME_NOT_RESOLVED @ https://x.dlx.addthis.com/e/googlegdn_sync?na_exid=CAESEF8y2Qx663NJ18Sjry0g6j0&gdpr=1&gdpr_consent=CQl5JrAQl5JrAAfFdGITCjFsAP_gAEPgAAYgLdtR9G9fbSFj8DZ3YbokYIwPxVho6sAhBgCAkmgFCLuELIwEhWEQIAyCIiACGBIAODQAIAEgGAgQQUAgIIABLADMYEAQYCBKICBAABIRIkAQCAgKAAAgUAAAgmBGAgQAiASNAZIASMwAgQAGEXAgKAAAAACQAQAIACEAQAEAAAAAQCgAgAAAgAAAAAAAABAIAAAAAAAAACAAAAAAAAAAAAAABAAAAICAACAAAAAAAAAAQiAAAAAAAACC3YAJBoVEEBZEAgQCAgBAAAEEQQAECAIAAAgIIAAAgYACQMABVhEgAAAgAAAAAAAAAAAAAACAAIAABAAACAACAQKAAAACAACAAgQAAwAUIAEAAICgAAIEAAAAAARAAAAIAAAAAQAEhAAAAAIAAQIAiAAAAAkAAAAAAAAAABAAAgAAAAAIAAAIAAAAAAAAAACBAAAAEAAAAgAAAAAAAAAAAAAAQAAAAAAAAAAAAABAAAAEAgAAAAAAAAgAAA.ILdtR9G9fbSFn8DZ3YbokYIwfxVho6sAhBgCAkmgFCLuELIwElWESIAyCIiACGBIAODQAIAEoGAgQQUAgIIABLBDsYEAQYCBKICBAADIRYkAQCAgKAAAgUAAAgmBGAgQAiASNAZIASMwAgQAmEXAgKIAAAACQAQAIACEAQAEAACAAQCgAgAAAgAAAAAAAABAIEAAAAQAAACAAAAAAAAAAAAAABAAAAICAACAAAAAEAAAAQiAAAAAAAAC&addtl_consent=1~494.2271.2373.1697.70.1514.1725.143.149.314.184.1800.2133.2224.2325.2510.864.286.1029.1558.2253.2677.1097.2778.2779.938.2493.2047.89.442.1047.1027.1942.2792.820.1419.1732.1205.323.211.1312.1598.1025.46.310.491.1099.1284.1449.370.161.1092.1716.1985.1048.1584.1870.2068.436.797.20.2278.486.122.1882.2072.2295.2427.429.574.230.196.313.1682.2506.2531.1963.340.108.1540.2559.1911.2415.1276.144.1735.2614.2109.2791.2787.1415.2425.2453.2629.2088.2729.236.1143.1126.1301.1878.587.322.358.1152.2526.371.192.415.1753.259&gpp=DBABM~CQl5JrAQl5JrAAfFdGITCjFsAP_gAEPgAAYgLdtR9G9fbSFj8DZ3YbokYIwPxVho6sAhBgCAkmgFCLuELIwEhWEQIAyCIiACGBIAODQAIAEgGAgQQUAgIIABLADMYEAQYCBKICBAABIRIkAQCAgKAAAgUAAAgmBGAgQAiASNAZIASMwAgQAGEXAgKAAAAACQAQAIACEAQAEAAAAAQCgAgAAAgAAAAAAAABAIAAAAAAAAACAAAAAAAAAAAAAABAAAAICAACAAAAAAAAAAQiAAAAAAAACC3YAJBoVEEBZEAgQCAgBAAAEEQQAECAIAAAgIIAAAgYACQMABVhEgAAAgAAAAAAAAAAAAAACAAIAABAAACAACAQKAAAACAACAAgQAAwAUIAEAAICgAAIEAAAAAARAAAAIAAAAAQAEhAAAAAIAAQIAiAAAAAkAAAAAAAAAABAAAgAAAAAIAAAIAAAAAAAAAACBAAAAEAAAAgAAAAAAAAAAAAAAQAAAAAAAAAAAAABAAAAEAgAAAAAAAAgAAA&gpp_sid=2&google_cver=1:0
[  214736ms] [ERROR] Failed to load resource: net::ERR_TOO_MANY_REDIRECTS @ https://loadm.exelator.com/load/?p=204&g=001&bi=&j=0&gdpr%3D1%26gdpr_consent%3DCQl5JrAQl5JrAAfFdGITCjFsAP_gAEPgAAYgLdtR9G9fbSFj8DZ3YbokYIwPxVho6sAhBgCAkmgFCLuELIwEhWEQIAyCIiACGBIAODQAIAEgGAgQQUAgIIABLADMYEAQYCBKICBAABIRIkAQCAgKAAAgUAAAgmBGAgQAiASNAZIASMwAgQAGEXAgKAAAAACQAQAIACEAQAEAAAAAQCgAgAAAgAAAAAAAABAIAAAAAAAAACAAAAAAAAAAAAAABAAAAICAACAAAAAAAAAAQiAAAAAAAACC3YAJBoVEEBZEAgQCAgBAAAEEQQAECAIAAAgIIAAAgYACQMABVhEgAAAgAAAAAAAAAAAAAACAAIAABAAACAACAQKAAAACAACAAgQAAwAUIAEAAICgAAIEAAAAAARAAAAIAAAAAQAEhAAAAAIAAQIAiAAAAAkAAAAAAAAAABAAAgAAAAAIAAAIAAAAAAAAAACBAAAAEAAAAgAAAAAAAAAAAAAAQAAAAAAAAAAAAABAAAAEAgAAAAAAAAgAAA.ILdtR9G9fbSFn8DZ3YbokYIwfxVho6sAhBgCAkmgFCLuELIwElWESIAyCIiACGBIAODQAIAEoGAgQQUAgIIABLBDsYEAQYCBKICBAADIRYkAQCAgKAAAgUAAAgmBGAgQAiASNAZIASMwAgQAmEXAgKIAAAACQAQAIACEAQAEAACAAQCgAgAAAgAAAAAAAABAIEAAAAQAAACAAAAAAAAAAAAAABAAAAICAACAAAAAEAAAAQiAAAAAAAAC=&google_error=3:0
[   14039ms] [ERROR] Attestation check for Shared Storage on https://www.googleadservices.com failed. @ https://www.googleadservices.com/pagead/managed/js/activeview/current/reach_worklet.html:0
[   14079ms] [ERROR] Attestation check for Shared Storage on https://www.googleadservices.com failed. @ https://www.googleadservices.com/pagead/managed/js/activeview/current/reach_worklet.html:0
[   38932ms] [ERROR] Attestation check for Shared Storage on https://www.googleadservices.com failed. @ https://www.googleadservices.com/pagead/managed/js/activeview/current/reach_worklet.html:0
[   47335ms] [ERROR] Attestation check for Shared Storage on https://www.googleadservices.com failed. @ https://www.googleadservices.com/pagead/managed/js/activeview/current/reach_worklet.html:0
[   68477ms] [ERROR] Attestation check for Shared Storage on https://www.googleadservices.com failed. @ https://www.googleadservices.com/pagead/managed/js/activeview/current/reach_worklet.html:0
[   76493ms] [ERROR] Attestation check for Shared Storage on https://www.googleadservices.com failed. @ https://www.googleadservices.com/pagead/managed/js/activeview/current/reach_worklet.html:0
[   97767ms] [ERROR] Attestation check for Shared Storage on https://www.googleadservices.com failed. @ https://www.googleadservices.com/pagead/managed/js/activeview/current/reach_worklet.html:0
[  126849ms] [ERROR] Attestation check for Shared Storage on https://www.googleadservices.com failed. @ https://www.googleadservices.com/pagead/managed/js/activeview/current/reach_worklet.html:0
[  155521ms] [ERROR] Attestation check for Shared Storage on https://www.googleadservices.com failed. @ https://www.googleadservices.com/pagead/managed/js/activeview/current/reach_worklet.html:0
[  184353ms] [ERROR] Attestation check for Shared Storage on https://www.googleadservices.com failed. @ https://www.googleadservices.com/pagead/managed/js/activeview/current/reach_worklet.html:0
[  213921ms] [ERROR] Attestation check for Shared Storage on https://www.googleadservices.com failed. @ https://www.googleadservices.com/pagead/managed/js/activeview/current/reach_worklet.html:0
[  243123ms] [ERROR] Attestation check for Shared Storage on https://www.googleadservices.com failed. @ https://www.googleadservices.com/pagead/managed/js/activeview/current/reach_worklet.html:0
[  271663ms] [ERROR] Attestation check for Shared Storage on https://www.googleadservices.com failed. @ https://www.googleadservices.com/pagead/managed/js/activeview/current/reach_worklet.html:0
[  272052ms] Uncaught TypeError: Cannot read properties of undefined (reading 'version')
    at b (https://scripts.journeymv.com/tags/3.51.6/wrapper.min.js?bust=1504196159:1:289175)
    at <anonymous> (https://scripts.journeymv.com/tags/3.51.6/wrapper.min.js?bust=1504196159:1:101126)
    at <anonymous> (https://scripts.journeymv.com/tags/3.51.6/wrapper.min.js?bust=1504196159:1:100766)
[  276117ms] [WARNING] The resource https://securepubads.g.doubleclick.net/tag/js/gpt.js was preloaded using link preload but not used within a few seconds from the window's load event. Please make sure it has an appropriate `as` value and it is preloaded intentionally. @ https://expiter.com/blog/articles/:0
[  284764ms] [WARNING] The resource https://securepubads.g.doubleclick.net/tag/js/gpt.js was preloaded using link preload but not used within a few seconds from the window's load event. Please make sure it has an appropriate `as` value and it is preloaded intentionally. @ https://expiter.com/blog/articles/:0
[  294752ms] [WARNING] The resource https://securepubads.g.doubleclick.net/tag/js/gpt.js was preloaded using link preload but not used within a few seconds from the window's load event. Please make sure it has an appropriate `as` value and it is preloaded intentionally. @ https://expiter.com/blog/articles/:0
[  299666ms] [WARNING] The resource https://securepubads.g.doubleclick.net/tag/js/gpt.js was preloaded using link preload but not used within a few seconds from the window's load event. Please make sure it has an appropriate `as` value and it is preloaded intentionally. @ https://expiter.com/blog/articles/:0
[   11506ms] [ERROR] Failed to load resource: the server responded with a status of 404 () @ https://ad.sxp.smartclip.net/sync?type=host&dsp=10&dspuuid=CAESEKBPdiGONJvUgVvfvcG7Egc&gdpr=1&gdpr_consent=CQl5JrAQl5JrAAfFdGITCjFsAP_gAEPgAAYgLdtR9G9fbSFj8DZ3YbokYIwPxVho6sAhBgCAkmgFCLuELIwEhWEQIAyCIiACGBIAODQAIAEgGAgQQUAgIIABLADMYEAQYCBKICBAABIRIkAQCAgKAAAgUAAAgmBGAgQAiASNAZIASMwAgQAGEXAgKAAAAACQAQAIACEAQAEAAAAAQCgAgAAAgAAAAAAAABAIAAAAAAAAACAAAAAAAAAAAAAABAAAAICAACAAAAAAAAAAQiAAAAAAAACC3YAJBoVEEBZEAgQCAgBAAAEEQQAECAIAAAgIIAAAgYACQMABVhEgAAAgAAAAAAAAAAAAAACAAIAABAAACAACAQKAAAACAACAAgQAAwAUIAEAAICgAAIEAAAAAARAAAAIAAAAAQAEhAAAAAIAAQIAiAAAAAkAAAAAAAAAABAAAgAAAAAIAAAIAAAAAAAAAACBAAAAEAAAAgAAAAAAAAAAAAAAQAAAAAAAAAAAAABAAAAEAgAAAAAAAAgAAA.ILdtR9G9fbSFn8DZ3YbokYIwfxVho6sAhBgCAkmgFCLuELIwElWESIAyCIiACGBIAODQAIAEoGAgQQUAgIIABLBDsYEAQYCBKICBAADIRYkAQCAgKAAAgUAAAgmBGAgQAiASNAZIASMwAgQAmEXAgKIAAAACQAQAIACEAQAEAACAAQCgAgAAAgAAAAAAAABAIEAAAAQAAACAAAAAAAAAAAAAABAAAAICAACAAAAAEAAAAQiAAAAAAAAC&addtl_consent=1~2997.367.2415.2767.2927.144.1929.1227.2805.2863.2891.122.3188.2376.1678.2909.2056.20.2130.2821.70.2527.340.371.2995.236.415.192.2322.1753.3009.1735.2791.3053.3300.2849.2893.803.1699.3215.3209.2658.981.1712.1583.3127.494.2568.2670.2920.2205.3066.2510.1800.2612.2714.2964.3097.2534.979.2642.3155.1555.3173.3315.2656.2552.2343.2922.1732.327.291.2684.2838.1276.2614.2882.1882.436.2359.2772.3095.797.1152.2387.2271.2373.2854.2880.2898.1126.1415.1880.3058.839.1188.3074.1616.2447.1558.3234.3190.2403.3292.1725.2027.314.1149.3250.1440.2917.2405.2156.2278.2681.1825.1307.1031.3307.1985.430.2472.2414.3217.2650.2844.2862.2970.3002.1603.3093.1968.3119.3235.3253.1270.3075.117.2488.2986.560.2526.2596.2878.3000.3149.2968.3038.2400.2335.159.2604.2956.3135.3237.358.1810.3077.3251.3214.2583.2865.3005.2950.407.904.2493.2973.2461.2813.1067.2929.495.2883.2987.3126.2064.2166.2370.3196.1097.2224.2535.2651.2901.3003.3017.1025.1598.2477.1345.2695.3059.2687.2609.2839.3226.1963.1911.2234.2571.3240.3182.1745.1053.2961.2358.591.2979.3330.802.2645.3094.1859.1051.1095.3314.2425.2629.3136.2661.2981.3270.2643.3328.2035.1838.1978.2888.3028.3185.61.1268.2219.1495.149.1786.43.2325.2940.1750.899.2103.239.2115.1525.2133.161.1226.1284.2147.2852.1048.568.1962.1092.1162.3227.1944.3012.2279.147.2834.2846.2860.1356.2309.2816.89.2994.1312.370.2930.211.1651.1375.2418.3167.83.1403.574.2107.2770.3018.1290.2506.2884.2008.2812.1040.143.259.2416.1878.2652.2768.3016.1186.2225.3223.2109.2900.2003.55.1548.2047.1514.2887.385.3076.3236.2282.184.3230.2605.2531.310.3324.2633.1135.1584.1827.2985.2140.523.3043.3106.1512.820.1917.2621.1047.3194.1969.2222.2577.46.2559.2336.2220.1107.3296.2501.2072.2427.429.1889.2817.2875.2983.266.196.2090.2186.1301.322.3228.2517.2677.3184.2889.2895.2074.3055.2801.2941.2999.2918.2088.2610.445.1964.3225.2572.2468.2584.2784.2974.1697.1252.2628.2698.135.2660.2980.1449.1840.1667.2798.1003.442.93.2830.3034.1419.1579.2874.1716.3210.2657.1832.3172.424.2465.1540.1638.230.108.2713.2949.2963.1682.1843.3238.3244.2039.3112.1416.3316.587.3272.1570.1143.3120.2965.1967.2575.3222.2787.3260.124.2453.1845.2569.2729.2947.3099.2253.737.3187.3052.2886.985.3231.3257.3008.2484.311.1870.2295.1455.1046.2377.2498.2850.1942.3189.1782.2908.323.3010.2331.3117.522.931.1677.2564.2916.3070.3073.3109.486.2636.576.313.550.2440.2542.2792.2894.3089.3293.2778.3145.2486.1166.2044.2690.2966.3151.2646.3306.3128.286.2567.2669.2779.2328.2881.3288.938.2975.2354.2052.1721.864.2316.2867.1029.2124.2931.1516.2068.922.3019.3130.2897.1099.491.3063.1365.1027.3290.3318.2831.2869.272.1205&gpp=DBABM~CQl5JrAQl5JrAAfFdGITCjFsAP_gAEPgAAYgLdtR9G9fbSFj8DZ3YbokYIwPxVho6sAhBgCAkmgFCLuELIwEhWEQIAyCIiACGBIAODQAIAEgGAgQQUAgIIABLADMYEAQYCBKICBAABIRIkAQCAgKAAAgUAAAgmBGAgQAiASNAZIASMwAgQAGEXAgKAAAAACQAQAIACEAQAEAAAAAQCgAgAAAgAAAAAAAABAIAAAAAAAAACAAAAAAAAAAAAAABAAAAICAACAAAAAAAAAAQiAAAAAAAACC3YAJBoVEEBZEAgQCAgBAAAEEQQAECAIAAAgIIAAAgYACQMABVhEgAAAgAAAAAAAAAAAAAACAAIAABAAACAACAQKAAAACAACAAgQAAwAUIAEAAICgAAIEAAAAAARAAAAIAAAAAQAEhAAAAAIAAQIAiAAAAAkAAAAAAAAAABAAAgAAAAAIAAAIAAAAAAAAAACBAAAAEAAAAgAAAAAAAAAAAAAAQAAAAAAAAAAAAABAAAAEAgAAAAAAAAgAAA&gpp_sid=2&google_cver=1:0
[   67824ms] [ERROR] Failed to load resource: net::ERR_NAME_NOT_RESOLVED @ https://sync.search.spotxchange.com/partner?adv_id=7025&gdpr=1&gdpr_consent=CQl5JrAQl5JrAAfFdGITCjFsAP_gAEPgAAYgLdtR9G9fbSFj8DZ3YbokYIwPxVho6sAhBgCAkmgFCLuELIwEhWEQIAyCIiACGBIAODQAIAEgGAgQQUAgIIABLADMYEAQYCBKICBAABIRIkAQCAgKAAAgUAAAgmBGAgQAiASNAZIASMwAgQAGEXAgKAAAAACQAQAIACEAQAEAAAAAQCgAgAAAgAAAAAAAABAIAAAAAAAAACAAAAAAAAAAAAAABAAAAICAACAAAAAAAAAAQiAAAAAAAACC3YAJBoVEEBZEAgQCAgBAAAEEQQAECAIAAAgIIAAAgYACQMABVhEgAAAgAAAAAAAAAAAAAACAAIAABAAACAACAQKAAAACAACAAgQAAwAUIAEAAICgAAIEAAAAAARAAAAIAAAAAQAEhAAAAAIAAQIAiAAAAAkAAAAAAAAAABAAAgAAAAAIAAAIAAAAAAAAAACBAAAAEAAAAgAAAAAAAAAAAAAAQAAAAAAAAAAAAABAAAAEAgAAAAAAAAgAAA.ILdtR9G9fbSFn8DZ3YbokYIwfxVho6sAhBgCAkmgFCLuELIwElWESIAyCIiACGBIAODQAIAEoGAgQQUAgIIABLBDsYEAQYCBKICBAADIRYkAQCAgKAAAgUAAAgmBGAgQAiASNAZIASMwAgQAmEXAgKIAAAACQAQAIACEAQAEAACAAQCgAgAAAgAAAAAAAABAIEAAAAQAAACAAAAAAAAAAAAAABAAAAICAACAAAAAEAAAAQiAAAAAAAAC&addtl_consent=1~2652.899.143.1186.2325.1750.259.1040.1878.2416.2768.2812.2900.2109.3016.2225.1651.55.3223.2418.3167.83.1375.2770.2884.1290.2008.2506.2930.574.1403.2633.3043.2985.3106.1584.3018.2107.2140.2531.1827.310.3324.3194.2222.2577.1135.1512.1917.1969.523.820.2621.2047.46.1548.1047.2003.2282.2605.184.3230.3236.2887.1514.385.3076.2677.3184.2517.2889.1301.322.3228.2895.3055.2801.2941.2999.2088.2074.445.1107.2336.2559.2501.3296.2220.196.266.1889.2072.2090.2186.2427.2817.429.1667.2875.2983.1449.1840.2874.1579.1716.2798.424.442.93.2830.3034.2610.1003.3225.2572.1419.2784.2918.1832.1964.2628.2698.2980.2660.2468.135.1252.1697.2584.2974.3272.1416.587.3112.3316.1143.2729.2947.1845.2453.2039.3120.1967.1570.2569.2575.3222.3260.2787.1540.2465.3210.2657.124.2965.3172.1682.2949.230.3238.3244.1843.108.2713.2963.1638.1870.2295.2484.311.2908.1782.931.3010.323.2498.2377.2850.1455.3189.1942.737.3099.1046.2253.3231.3257.3008.985.3187.2886.3052.2778.2440.2542.2792.2894.3089.2966.3293.1166.3151.2646.3145.2044.2486.2690.3073.1677.2564.2916.2331.522.3117.3070.576.2636.550.313.3109.2897.486.3063.3290.922.2068.3019.3130.272.491.1099.3318.367.2831.1205.2328.1365.938.1027.2052.3288.3306.2869.3128.286.1516.2669.2779.2124.2881.2931.1721.2567.2354.2975.2867.2316.864.1029.415.192.2995.2130.2322.1753.236.371.2527.3053.3300.70.2821.2849.2791.2893.3009.1735.1929.2415.144.2767.2997.2805.2863.2376.3188.2927.1678.2891.2909.340.1227.2656.20.1555.3173.2056.3097.3315.122.979.2534.3155.2642.327.1732.2343.2552.3209.2658.1712.2922.803.3215.1583.1699.981.1800.2510.3066.2612.2714.2964.3127.2568.2271.2205.2373.2670.2920.494.2854.2880.3058.2898.1152.2387.1126.839.1880.1188.1415.1276.2614.2882.2684.291.2838.3095.2772.797.1882.2359.436.2681.2405.2156.2278.1440.3250.2917.1985.1825.1307.3190.2403.3292.1031.1616.3074.2447.3234.1558.1149.314.2027.3149.3000.2968.1725.3038.2488.2526.2596.2878.2986.3135.3237.3251.1810.3077.358.2400.2956.2335.2604.2472.2650.3217.2862.2950.159.2414.3307.430.2970.3002.3235.560.3075.1270.3253.117.3093.2844.1603.3119.1345.1968.2695.2535.2477.1025.2651.1598.3003.2687.3059.2493.2461.407.2583.3214.2813.904.1067.2865.2929.2973.2987.3005.2224.2901.1097.3196.3017.3126.2883.495.2370.2064.2166.1051.1095.3270.3328.2035.2643.3314.2425.2629.2981.2661.2234.3136.3240.1745.1911.3182.1053.2609.2839.1963.2961.2571.3226.3330.1859.3094.802.2645.2979.591.2358.2846.1962.3227.568.1092.1162.1226.3012.1284.161.2279.2852.1944.370.1048.1312.2816.2309.147.2860.2994.211.89.1356.2834.2103.1495.2219.1786.3028.1838.2888.3185.1268.43.239.61.1978.1525.2133.2940.149.2115.2147&gpp=DBABM~CQl5JrAQl5JrAAfFdGITCjFsAP_gAEPgAAYgLdtR9G9fbSFj8DZ3YbokYIwPxVho6sAhBgCAkmgFCLuELIwEhWEQIAyCIiACGBIAODQAIAEgGAgQQUAgIIABLADMYEAQYCBKICBAABIRIkAQCAgKAAAgUAAAgmBGAgQAiASNAZIASMwAgQAGEXAgKAAAAACQAQAIACEAQAEAAAAAQCgAgAAAgAAAAAAAABAIAAAAAAAAACAAAAAAAAAAAAAABAAAAICAACAAAAAAAAAAQiAAAAAAAACC3YAJBoVEEBZEAgQCAgBAAAEEQQAECAIAAAgIIAAAgYACQMABVhEgAAAgAAAAAAAAAAAAAACAAIAABAAACAACAQKAAAACAACAAgQAAwAUIAEAAICgAAIEAAAAAARAAAAIAAAAAQAEhAAAAAIAAQIAiAAAAAkAAAAAAAAAABAAAgAAAAAIAAAIAAAAAAAAAACBAAAAEAAAAgAAAAAAAAAAAAAAQAAAAAAAAAAAAABAAAAEAgAAAAAAAAgAAA&gpp_sid=2&redir=https%3A%2F%2Fcm.g.doubleclick.net%2Fpixel%3Fgoogle_nid%3Dspotxchange_dbm%26google_hm%3D%24SPOTX_BASE64_USER_ID:0
[   67825ms] [ERROR] Failed to load resource: net::ERR_NAME_NOT_RESOLVED @ https://sync.search.spotxchange.com/partner?adv_id=7025&gdpr=1&gdpr_consent=CQl5JrAQl5JrAAfFdGITCjFsAP_gAEPgAAYgLdtR9G9fbSFj8DZ3YbokYIwPxVho6sAhBgCAkmgFCLuELIwEhWEQIAyCIiACGBIAODQAIAEgGAgQQUAgIIABLADMYEAQYCBKICBAABIRIkAQCAgKAAAgUAAAgmBGAgQAiASNAZIASMwAgQAGEXAgKAAAAACQAQAIACEAQAEAAAAAQCgAgAAAgAAAAAAAABAIAAAAAAAAACAAAAAAAAAAAAAABAAAAICAACAAAAAAAAAAQiAAAAAAAACC3YAJBoVEEBZEAgQCAgBAAAEEQQAECAIAAAgIIAAAgYACQMABVhEgAAAgAAAAAAAAAAAAAACAAIAABAAACAACAQKAAAACAACAAgQAAwAUIAEAAICgAAIEAAAAAARAAAAIAAAAAQAEhAAAAAIAAQIAiAAAAAkAAAAAAAAAABAAAgAAAAAIAAAIAAAAAAAAAACBAAAAEAAAAgAAAAAAAAAAAAAAQAAAAAAAAAAAAABAAAAEAgAAAAAAAAgAAA.ILdtR9G9fbSFn8DZ3YbokYIwfxVho6sAhBgCAkmgFCLuELIwElWESIAyCIiACGBIAODQAIAEoGAgQQUAgIIABLBDsYEAQYCBKICBAADIRYkAQCAgKAAAgUAAAgmBGAgQAiASNAZIASMwAgQAmEXAgKIAAAACQAQAIACEAQAEAACAAQCgAgAAAgAAAAAAAABAIEAAAAQAAACAAAAAAAAAAAAAABAAAAICAACAAAAAEAAAAQiAAAAAAAAC&addtl_consent=1~2652.899.143.1186.2325.1750.259.1040.1878.2416.2768.2812.2900.2109.3016.2225.1651.55.3223.2418.3167.83.1375.2770.2884.1290.2008.2506.2930.574.1403.2633.3043.2985.3106.1584.3018.2107.2140.2531.1827.310.3324.3194.2222.2577.1135.1512.1917.1969.523.820.2621.2047.46.1548.1047.2003.2282.2605.184.3230.3236.2887.1514.385.3076.2677.3184.2517.2889.1301.322.3228.2895.3055.2801.2941.2999.2088.2074.445.1107.2336.2559.2501.3296.2220.196.266.1889.2072.2090.2186.2427.2817.429.1667.2875.2983.1449.1840.2874.1579.1716.2798.424.442.93.2830.3034.2610.1003.3225.2572.1419.2784.2918.1832.1964.2628.2698.2980.2660.2468.135.1252.1697.2584.2974.3272.1416.587.3112.3316.1143.2729.2947.1845.2453.2039.3120.1967.1570.2569.2575.3222.3260.2787.1540.2465.3210.2657.124.2965.3172.1682.2949.230.3238.3244.1843.108.2713.2963.1638.1870.2295.2484.311.2908.1782.931.3010.323.2498.2377.2850.1455.3189.1942.737.3099.1046.2253.3231.3257.3008.985.3187.2886.3052.2778.2440.2542.2792.2894.3089.2966.3293.1166.3151.2646.3145.2044.2486.2690.3073.1677.2564.2916.2331.522.3117.3070.576.2636.550.313.3109.2897.486.3063.3290.922.2068.3019.3130.272.491.1099.3318.367.2831.1205.2328.1365.938.1027.2052.3288.3306.2869.3128.286.1516.2669.2779.2124.2881.2931.1721.2567.2354.2975.2867.2316.864.1029.415.192.2995.2130.2322.1753.236.371.2527.3053.3300.70.2821.2849.2791.2893.3009.1735.1929.2415.144.2767.2997.2805.2863.2376.3188.2927.1678.2891.2909.340.1227.2656.20.1555.3173.2056.3097.3315.122.979.2534.3155.2642.327.1732.2343.2552.3209.2658.1712.2922.803.3215.1583.1699.981.1800.2510.3066.2612.2714.2964.3127.2568.2271.2205.2373.2670.2920.494.2854.2880.3058.2898.1152.2387.1126.839.1880.1188.1415.1276.2614.2882.2684.291.2838.3095.2772.797.1882.2359.436.2681.2405.2156.2278.1440.3250.2917.1985.1825.1307.3190.2403.3292.1031.1616.3074.2447.3234.1558.1149.314.2027.3149.3000.2968.1725.3038.2488.2526.2596.2878.2986.3135.3237.3251.1810.3077.358.2400.2956.2335.2604.2472.2650.3217.2862.2950.159.2414.3307.430.2970.3002.3235.560.3075.1270.3253.117.3093.2844.1603.3119.1345.1968.2695.2535.2477.1025.2651.1598.3003.2687.3059.2493.2461.407.2583.3214.2813.904.1067.2865.2929.2973.2987.3005.2224.2901.1097.3196.3017.3126.2883.495.2370.2064.2166.1051.1095.3270.3328.2035.2643.3314.2425.2629.2981.2661.2234.3136.3240.1745.1911.3182.1053.2609.2839.1963.2961.2571.3226.3330.1859.3094.802.2645.2979.591.2358.2846.1962.3227.568.1092.1162.1226.3012.1284.161.2279.2852.1944.370.1048.1312.2816.2309.147.2860.2994.211.89.1356.2834.2103.1495.2219.1786.3028.1838.2888.3185.1268.43.239.61.1978.1525.2133.2940.149.2115.2147&gpp=DBABM~CQl5JrAQl5JrAAfFdGITCjFsAP_gAEPgAAYgLdtR9G9fbSFj8DZ3YbokYIwPxVho6sAhBgCAkmgFCLuELIwEhWEQIAyCIiACGBIAODQAIAEgGAgQQUAgIIABLADMYEAQYCBKICBAABIRIkAQCAgKAAAgUAAAgmBGAgQAiASNAZIASMwAgQAGEXAgKAAAAACQAQAIACEAQAEAAAAAQCgAgAAAgAAAAAAAABAIAAAAAAAAACAAAAAAAAAAAAAABAAAAICAACAAAAAAAAAAQiAAAAAAAACC3YAJBoVEEBZEAgQCAgBAAAEEQQAECAIAAAgIIAAAgYACQMABVhEgAAAgAAAAAAAAAAAAAACAAIAABAAACAACAQKAAAACAACAAgQAAwAUIAEAAICgAAIEAAAAAARAAAAIAAAAAQAEhAAAAAIAAQIAiAAAAAkAAAAAAAAAABAAAgAAAAAIAAAIAAAAAAAAAACBAAAAEAAAAgAAAAAAAAAAAAAAQAAAAAAAAAAAAABAAAAEAgAAAAAAAAgAAA&gpp_sid=2&uid=CAESEC15bMnw4M8nzD2tlc8o1cc&google_cver=1:0
[   97096ms] [ERROR] Failed to load resource: the server responded with a status of 404 () @ https://bcp.crwdcntrl.net/gmap/?gdpr=1&gdpr_consent=CQl5JrAQl5JrAAfFdGITCjFsAP_gAEPgAAYgLdtR9G9fbSFj8DZ3YbokYIwPxVho6sAhBgCAkmgFCLuELIwEhWEQIAyCIiACGBIAODQAIAEgGAgQQUAgIIABLADMYEAQYCBKICBAABIRIkAQCAgKAAAgUAAAgmBGAgQAiASNAZIASMwAgQAGEXAgKAAAAACQAQAIACEAQAEAAAAAQCgAgAAAgAAAAAAAABAIAAAAAAAAACAAAAAAAAAAAAAABAAAAICAACAAAAAAAAAAQiAAAAAAAACC3YAJBoVEEBZEAgQCAgBAAAEEQQAECAIAAAgIIAAAgYACQMABVhEgAAAgAAAAAAAAAAAAAACAAIAABAAACAACAQKAAAACAACAAgQAAwAUIAEAAICgAAIEAAAAAARAAAAIAAAAAQAEhAAAAAIAAQIAiAAAAAkAAAAAAAAAABAAAgAAAAAIAAAIAAAAAAAAAACBAAAAEAAAAgAAAAAAAAAAAAAAQAAAAAAAAAAAAABAAAAEAgAAAAAAAAgAAA.ILdtR9G9fbSFn8DZ3YbokYIwfxVho6sAhBgCAkmgFCLuELIwElWESIAyCIiACGBIAODQAIAEoGAgQQUAgIIABLBDsYEAQYCBKICBAADIRYkAQCAgKAAAgUAAAgmBGAgQAiASNAZIASMwAgQAmEXAgKIAAAACQAQAIACEAQAEAACAAQCgAgAAAgAAAAAAAABAIEAAAAQAAACAAAAAAAAAAAAAABAAAAICAACAAAAAEAAAAQiAAAAAAAAC&addtl_consent=1~2997.2927.367.272.2869.1205.2831.3318.3063.1027.3290.2897.1365.3130.3019.1099.2068.922.491.2931.2124.1516.864.2867.2354.2975.2316.2052.1721.3288.938.1029.286.2881.3128.2328.3306.2567.3151.2646.2669.2779.2486.2044.2690.3145.2778.1166.2966.3089.3293.2440.2542.2792.2894.550.2636.313.3109.576.2564.2916.3073.486.1677.3070.522.2331.3117.323.931.1782.2908.3010.1046.1455.2377.2498.1942.2850.2295.3189.1870.2484.311.3231.3008.3257.3187.2886.3052.985.737.2253.3099.2453.2569.1845.2729.2947.2965.124.1570.1967.3120.2575.3222.2787.3260.3272.2039.3112.587.3316.1416.1843.3238.1143.2949.230.3244.108.2713.1682.2963.2465.1638.1540.3172.2657.3210.2874.1716.1579.1832.1003.93.424.3034.2798.442.1667.2830.1419.1840.1449.2660.2628.2698.2974.2980.1252.135.1697.1964.2468.2572.3225.2584.2610.2784.2918.445.2801.2941.2999.2074.3184.2088.3055.2677.3228.1301.2889.2895.322.2517.2090.1889.2186.196.266.2875.2983.2427.2072.2501.2817.2336.429.3296.1107.2559.2220.2577.46.3194.1969.2222.2621.1917.1512.523.820.1584.1047.2633.3043.310.3106.3324.2985.1827.2531.2140.3230.184.1135.2605.2282.3076.1514.3236.2887.385.1548.2047.2003.3223.2109.2225.3016.2900.2416.55.2768.1186.143.2652.2812.259.1040.2506.1878.2008.1290.2884.3018.1403.2107.574.1375.3167.83.1651.2418.2770.211.2309.1312.2930.2994.370.2816.2834.147.89.1162.2860.3012.568.2279.1356.1092.1048.2846.1962.1944.161.3227.1284.1525.2133.239.2852.899.1226.2115.2147.2940.149.43.1495.2103.2219.2325.1268.1750.1786.3185.1838.2888.3028.2643.1978.61.3270.3328.2035.3136.2661.2425.2629.3314.1051.2981.1095.802.3094.2645.3330.1859.2358.2979.591.3182.1053.1745.1911.2234.2571.3226.3240.1963.2609.2687.2839.2961.3059.2695.1345.1025.2477.1598.2535.2651.3003.1097.2224.2901.3196.3017.2064.2166.2370.2883.3126.495.2461.2813.2929.2987.1067.2493.2973.904.2583.2865.3005.3077.3214.358.1810.3135.2950.407.2335.3237.3251.2400.2604.2956.2968.159.3000.3038.3149.2526.2596.2488.2878.1270.2986.560.3075.3235.3253.117.1968.3119.2844.3093.1603.2414.2970.3217.2472.2650.2862.3002.3307.1985.430.1825.2156.1307.2278.2405.1031.2681.2917.3250.1440.1149.314.2027.2403.3190.3292.1725.1558.3234.2447.3074.1616.1188.839.1415.1880.2880.2271.2373.2387.2854.1152.1126.2898.3058.3095.2359.2772.1882.797.1276.436.2614.2838.291.2684.2882.1732.327.2343.2552.2922.3173.3315.1555.2656.3155.2534.979.3097.2642.3066.2510.1800.2612.2568.494.2670.2714.3127.2205.2920.2964.1583.2658.3209.1712.981.3215.1699.803.3300.2849.3053.1735.3009.2791.2893.415.1753.2322.192.236.371.2995.2130.2527.2821.70.2376.2056.1678.122.3188.2891.340.2909.20.144.2415.1929.2767.1227.2805.2863&gpp=DBABM~CQl5JrAQl5JrAAfFdGITCjFsAP_gAEPgAAYgLdtR9G9fbSFj8DZ3YbokYIwPxVho6sAhBgCAkmgFCLuELIwEhWEQIAyCIiACGBIAODQAIAEgGAgQQUAgIIABLADMYEAQYCBKICBAABIRIkAQCAgKAAAgUAAAgmBGAgQAiASNAZIASMwAgQAGEXAgKAAAAACQAQAIACEAQAEAAAAAQCgAgAAAgAAAAAAAABAIAAAAAAAAACAAAAAAAAAAAAAABAAAAICAACAAAAAAAAAAQiAAAAAAAACC3YAJBoVEEBZEAgQCAgBAAAEEQQAECAIAAAgIIAAAgYACQMABVhEgAAAgAAAAAAAAAAAAAACAAIAABAAACAACAQKAAAACAACAAgQAAwAUIAEAAICgAAIEAAAAAARAAAAIAAAAAQAEhAAAAAIAAQIAiAAAAAkAAAAAAAAAABAAAgAAAAAIAAAIAAAAAAAAAACBAAAAEAAAAgAAAAAAAAAAAAAAQAAAAAAAAAAAAABAAAAEAgAAAAAAAAgAAA&gpp_sid=2&google_gid=CAESEA7QmUODK2z0xyPCNmet7yg&google_cver=1:0
[  126067ms] [ERROR] Failed to load resource: net::ERR_NAME_NOT_RESOLVED @ https://tags.bluekai.com/site/2981?redir=https%3A%2F%2Fcm.g.doubleclick.net%2Fpixel%3Fgoogle_nid%3Dbluekai%26google_hm%3D%24_BK_UUID_B64&gdpr=1&gdpr_consent=CQl5JrAQl5JrAAfFdGITCjFsAP_gAEPgAAYgLdtR9G9fbSFj8DZ3YbokYIwPxVho6sAhBgCAkmgFCLuELIwEhWEQIAyCIiACGBIAODQAIAEgGAgQQUAgIIABLADMYEAQYCBKICBAABIRIkAQCAgKAAAgUAAAgmBGAgQAiASNAZIASMwAgQAGEXAgKAAAAACQAQAIACEAQAEAAAAAQCgAgAAAgAAAAAAAABAIAAAAAAAAACAAAAAAAAAAAAAABAAAAICAACAAAAAAAAAAQiAAAAAAAACC3YAJBoVEEBZEAgQCAgBAAAEEQQAECAIAAAgIIAAAgYACQMABVhEgAAAgAAAAAAAAAAAAAACAAIAABAAACAACAQKAAAACAACAAgQAAwAUIAEAAICgAAIEAAAAAARAAAAIAAAAAQAEhAAAAAIAAQIAiAAAAAkAAAAAAAAAABAAAgAAAAAIAAAIAAAAAAAAAACBAAAAEAAAAgAAAAAAAAAAAAAAQAAAAAAAAAAAAABAAAAEAgAAAAAAAAgAAA.ILdtR9G9fbSFn8DZ3YbokYIwfxVho6sAhBgCAkmgFCLuELIwElWESIAyCIiACGBIAODQAIAEoGAgQQUAgIIABLBDsYEAQYCBKICBAADIRYkAQCAgKAAAgUAAAgmBGAgQAiASNAZIASMwAgQAmEXAgKIAAAACQAQAIACEAQAEAACAAQCgAgAAAgAAAAAAAABAIEAAAAQAAACAAAAAAAAAAAAAABAAAAICAACAAAAAEAAAAQiAAAAAAAAC&addtl_consent=1~2979.591.2358.1135.3043.3330.2140.802.1859.2645.3094.2609.3226.1963.1911.2234.2571.3240.2839.1745.1053.3182.2961.3314.2425.2629.3136.2661.2981.3270.3328.2643.2035.1095.1051.149.2115.2940.2325.1750.899.239.2147.1525.1838.3028.1978.2888.61.3185.2133.1268.1495.43.147.1786.2103.2219.2860.2834.370.1356.2309.89.1312.2994.161.211.2816.1226.1284.568.1962.1944.1162.1048.1092.2279.3012.2844.2846.2852.1603.3093.1968.3119.3227.3235.3253.1270.3075.117.3307.560.430.2472.2650.2862.2414.3002.2970.3217.2400.2335.159.2604.2956.3135.3237.358.1810.3077.2488.3251.2526.3149.2596.2878.2950.2986.2968.3000.3126.2883.495.3038.2064.2370.2166.3196.1097.2224.2901.3017.2583.2865.3214.2973.407.904.2493.3005.2461.2813.1067.2929.2987.3059.2687.2535.2651.3003.1598.2477.2695.1025.1345.1882.436.797.2359.2772.3095.291.2684.2838.1276.2614.2882.1880.1415.839.1188.1152.2387.2898.2271.1126.2373.2854.2880.1725.314.2027.3058.1149.3074.1616.2447.1558.3234.3190.2403.3292.1825.1307.1031.1985.3250.2917.1440.2405.2156.2278.2681.1227.2056.2891.2909.122.3188.2376.1678.2927.2997.20.340.2415.1929.2767.144.2791.2805.1735.2863.2893.2849.3300.3009.3053.2130.2527.2821.70.2995.236.192.371.1753.415.2322.3127.494.2920.2568.2670.2205.3066.2510.1800.2612.2714.803.1699.3215.2964.2658.981.3209.1712.1583.2552.2343.2922.1732.327.3097.3155.2534.2642.1555.979.2656.3173.3315.486.3109.2636.576.313.2331.3117.522.550.1677.3073.2564.2916.3070.3145.2486.2044.2690.2966.3151.2646.2440.2542.2792.2894.3089.3293.2778.2975.1721.2354.864.2124.1029.1166.2931.1516.2316.2867.3306.3128.2881.286.2567.2669.2328.2779.2052.938.3288.1365.1027.3318.2869.2831.1205.272.2068.922.491.367.2897.3019.3130.3290.3063.1099.1638.2713.230.108.2949.1682.2963.3238.1843.3210.2657.3244.3172.2465.1540.1967.1570.3120.3222.2965.2575.3260.2787.124.2453.1845.2569.2729.1416.1143.2039.2947.3112.587.3316.3272.3187.3052.2886.985.3231.3257.3008.3099.2253.737.1455.2498.2377.2850.1942.3189.1046.1782.2908.323.3010.311.2484.931.2295.1870.2983.2427.429.1889.2072.2817.2875.266.196.2090.2186.2559.2336.2220.1107.3296.2501.2074.2801.2941.2999.445.2088.322.3228.2517.1301.2895.2677.3184.2889.3055.2468.2584.2974.1697.2628.2698.2980.135.2660.1252.2918.2610.1964.3225.2572.2784.2798.1003.442.93.1832.2830.1716.1419.2874.3034.1579.1840.424.1449.1667.1403.574.2107.3018.1290.2008.2506.2884.2930.1651.1375.2418.2770.83.3167.2225.2109.3223.2900.3016.1040.2812.55.143.1186.259.2768.1878.2887.1514.385.3076.2416.3236.2652.2282.184.3230.2605.2003.2047.1548.523.1512.1917.820.2621.3194.1047.2577.1969.2222.2531.46.310.3324.1827.2633.3106.2985.1584&gpp=DBABM~CQl5JrAQl5JrAAfFdGITCjFsAP_gAEPgAAYgLdtR9G9fbSFj8DZ3YbokYIwPxVho6sAhBgCAkmgFCLuELIwEhWEQIAyCIiACGBIAODQAIAEgGAgQQUAgIIABLADMYEAQYCBKICBAABIRIkAQCAgKAAAgUAAAgmBGAgQAiASNAZIASMwAgQAGEXAgKAAAAACQAQAIACEAQAEAAAAAQCgAgAAAgAAAAAAAABAIAAAAAAAAACAAAAAAAAAAAAAABAAAAICAACAAAAAAAAAAQiAAAAAAAACC3YAJBoVEEBZEAgQCAgBAAAEEQQAECAIAAAgIIAAAgYACQMABVhEgAAAgAAAAAAAAAAAAAACAAIAABAAACAACAQKAAAACAACAAgQAAwAUIAEAAICgAAIEAAAAAARAAAAIAAAAAQAEhAAAAAIAAQIAiAAAAAkAAAAAAAAAABAAAgAAAAAIAAAIAAAAAAAAAACBAAAAEAAAAgAAAAAAAAAAAAAAQAAAAAAAAAAAAABAAAAEAgAAAAAAAAgAAA&gpp_sid=2:0
[  126068ms] [ERROR] Failed to load resource: net::ERR_NAME_NOT_RESOLVED @ https://tags.bluekai.com/site/2981?id=&gdpr=1&gdpr_consent=CQl5JrAQl5JrAAfFdGITCjFsAP_gAEPgAAYgLdtR9G9fbSFj8DZ3YbokYIwPxVho6sAhBgCAkmgFCLuELIwEhWEQIAyCIiACGBIAODQAIAEgGAgQQUAgIIABLADMYEAQYCBKICBAABIRIkAQCAgKAAAgUAAAgmBGAgQAiASNAZIASMwAgQAGEXAgKAAAAACQAQAIACEAQAEAAAAAQCgAgAAAgAAAAAAAABAIAAAAAAAAACAAAAAAAAAAAAAABAAAAICAACAAAAAAAAAAQiAAAAAAAACC3YAJBoVEEBZEAgQCAgBAAAEEQQAECAIAAAgIIAAAgYACQMABVhEgAAAgAAAAAAAAAAAAAACAAIAABAAACAACAQKAAAACAACAAgQAAwAUIAEAAICgAAIEAAAAAARAAAAIAAAAAQAEhAAAAAIAAQIAiAAAAAkAAAAAAAAAABAAAgAAAAAIAAAIAAAAAAAAAACBAAAAEAAAAgAAAAAAAAAAAAAAQAAAAAAAAAAAAABAAAAEAgAAAAAAAAgAAA.ILdtR9G9fbSFn8DZ3YbokYIwfxVho6sAhBgCAkmgFCLuELIwElWESIAyCIiACGBIAODQAIAEoGAgQQUAgIIABLBDsYEAQYCBKICBAADIRYkAQCAgKAAAgUAAAgmBGAgQAiASNAZIASMwAgQAmEXAgKIAAAACQAQAIACEAQAEAACAAQCgAgAAAgAAAAAAAABAIEAAAAQAAACAAAAAAAAAAAAAABAAAAICAACAAAAAEAAAAQiAAAAAAAAC&addtl_consent=1~2979.591.2358.1135.3043.3330.2140.802.1859.2645.3094.2609.3226.1963.1911.2234.2571.3240.2839.1745.1053.3182.2961.3314.2425.2629.3136.2661.2981.3270.3328.2643.2035.1095.1051.149.2115.2940.2325.1750.899.239.2147.1525.1838.3028.1978.2888.61.3185.2133.1268.1495.43.147.1786.2103.2219.2860.2834.370.1356.2309.89.1312.2994.161.211.2816.1226.1284.568.1962.1944.1162.1048.1092.2279.3012.2844.2846.2852.1603.3093.1968.3119.3227.3235.3253.1270.3075.117.3307.560.430.2472.2650.2862.2414.3002.2970.3217.2400.2335.159.2604.2956.3135.3237.358.1810.3077.2488.3251.2526.3149.2596.2878.2950.2986.2968.3000.3126.2883.495.3038.2064.2370.2166.3196.1097.2224.2901.3017.2583.2865.3214.2973.407.904.2493.3005.2461.2813.1067.2929.2987.3059.2687.2535.2651.3003.1598.2477.2695.1025.1345.1882.436.797.2359.2772.3095.291.2684.2838.1276.2614.2882.1880.1415.839.1188.1152.2387.2898.2271.1126.2373.2854.2880.1725.314.2027.3058.1149.3074.1616.2447.1558.3234.3190.2403.3292.1825.1307.1031.1985.3250.2917.1440.2405.2156.2278.2681.1227.2056.2891.2909.122.3188.2376.1678.2927.2997.20.340.2415.1929.2767.144.2791.2805.1735.2863.2893.2849.3300.3009.3053.2130.2527.2821.70.2995.236.192.371.1753.415.2322.3127.494.2920.2568.2670.2205.3066.2510.1800.2612.2714.803.1699.3215.2964.2658.981.3209.1712.1583.2552.2343.2922.1732.327.3097.3155.2534.2642.1555.979.2656.3173.3315.486.3109.2636.576.313.2331.3117.522.550.1677.3073.2564.2916.3070.3145.2486.2044.2690.2966.3151.2646.2440.2542.2792.2894.3089.3293.2778.2975.1721.2354.864.2124.1029.1166.2931.1516.2316.2867.3306.3128.2881.286.2567.2669.2328.2779.2052.938.3288.1365.1027.3318.2869.2831.1205.272.2068.922.491.367.2897.3019.3130.3290.3063.1099.1638.2713.230.108.2949.1682.2963.3238.1843.3210.2657.3244.3172.2465.1540.1967.1570.3120.3222.2965.2575.3260.2787.124.2453.1845.2569.2729.1416.1143.2039.2947.3112.587.3316.3272.3187.3052.2886.985.3231.3257.3008.3099.2253.737.1455.2498.2377.2850.1942.3189.1046.1782.2908.323.3010.311.2484.931.2295.1870.2983.2427.429.1889.2072.2817.2875.266.196.2090.2186.2559.2336.2220.1107.3296.2501.2074.2801.2941.2999.445.2088.322.3228.2517.1301.2895.2677.3184.2889.3055.2468.2584.2974.1697.2628.2698.2980.135.2660.1252.2918.2610.1964.3225.2572.2784.2798.1003.442.93.1832.2830.1716.1419.2874.3034.1579.1840.424.1449.1667.1403.574.2107.3018.1290.2008.2506.2884.2930.1651.1375.2418.2770.83.3167.2225.2109.3223.2900.3016.1040.2812.55.143.1186.259.2768.1878.2887.1514.385.3076.2416.3236.2652.2282.184.3230.2605.2003.2047.1548.523.1512.1917.820.2621.3194.1047.2577.1969.2222.2531.46.310.3324.1827.2633.3106.2985.1584&gpp=DBABM~CQl5JrAQl5JrAAfFdGITCjFsAP_gAEPgAAYgLdtR9G9fbSFj8DZ3YbokYIwPxVho6sAhBgCAkmgFCLuELIwEhWEQIAyCIiACGBIAODQAIAEgGAgQQUAgIIABLADMYEAQYCBKICBAABIRIkAQCAgKAAAgUAAAgmBGAgQAiASNAZIASMwAgQAGEXAgKAAAAACQAQAIACEAQAEAAAAAQCgAgAAAgAAAAAAAABAIAAAAAAAAACAAAAAAAAAAAAAABAAAAICAACAAAAAAAAAAQiAAAAAAAACC3YAJBoVEEBZEAgQCAgBAAAEEQQAECAIAAAgIIAAAgYACQMABVhEgAAAgAAAAAAAAAAAAAACAAIAABAAACAACAQKAAAACAACAAgQAAwAUIAEAAICgAAIEAAAAAARAAAAIAAAAAQAEhAAAAAIAAQIAiAAAAAkAAAAAAAAAABAAAgAAAAAIAAAIAAAAAAAAAACBAAAAEAAAAgAAAAAAAAAAAAAAQAAAAAAAAAAAAABAAAAEAgAAAAAAAAgAAA&gpp_sid=2&google_gid=CAESEN-xPXHxCrtITAl4Wz4bhFQ&google_cver=1:0
[  155231ms] [ERROR] Failed to load resource: net::ERR_NAME_NOT_RESOLVED @ https://x.dlx.addthis.com/e/googlegdn_sync?na_exid=CAESEF8y2Qx663NJ18Sjry0g6j0&gdpr=1&gdpr_consent=CQl5JrAQl5JrAAfFdGITCjFsAP_gAEPgAAYgLdtR9G9fbSFj8DZ3YbokYIwPxVho6sAhBgCAkmgFCLuELIwEhWEQIAyCIiACGBIAODQAIAEgGAgQQUAgIIABLADMYEAQYCBKICBAABIRIkAQCAgKAAAgUAAAgmBGAgQAiASNAZIASMwAgQAGEXAgKAAAAACQAQAIACEAQAEAAAAAQCgAgAAAgAAAAAAAABAIAAAAAAAAACAAAAAAAAAAAAAABAAAAICAACAAAAAAAAAAQiAAAAAAAACC3YAJBoVEEBZEAgQCAgBAAAEEQQAECAIAAAgIIAAAgYACQMABVhEgAAAgAAAAAAAAAAAAAACAAIAABAAACAACAQKAAAACAACAAgQAAwAUIAEAAICgAAIEAAAAAARAAAAIAAAAAQAEhAAAAAIAAQIAiAAAAAkAAAAAAAAAABAAAgAAAAAIAAAIAAAAAAAAAACBAAAAEAAAAgAAAAAAAAAAAAAAQAAAAAAAAAAAAABAAAAEAgAAAAAAAAgAAA.ILdtR9G9fbSFn8DZ3YbokYIwfxVho6sAhBgCAkmgFCLuELIwElWESIAyCIiACGBIAODQAIAEoGAgQQUAgIIABLBDsYEAQYCBKICBAADIRYkAQCAgKAAAgUAAAgmBGAgQAiASNAZIASMwAgQAmEXAgKIAAAACQAQAIACEAQAEAACAAQCgAgAAAgAAAAAAAABAIEAAAAQAAACAAAAAAAAAAAAAABAAAAICAACAAAAAEAAAAQiAAAAAAAAC&addtl_consent=1~494.2271.2373.1697.70.1514.1725.143.149.314.184.1800.2133.2224.2325.2510.864.286.1029.1558.2253.2677.1097.2778.2779.938.2493.2047.89.442.1047.1027.1942.2792.820.1419.1732.1205.323.211.1312.1598.1025.46.310.491.1099.1284.1449.370.161.1092.1716.1985.1048.1584.1870.2068.436.797.20.2278.486.122.1882.2072.2295.2427.429.574.230.196.313.1682.2506.2531.1963.340.108.1540.2559.1911.2415.1276.144.1735.2614.2109.2791.2787.1415.2425.2453.2629.2088.2729.236.1143.1126.1301.1878.587.322.358.1152.2526.371.192.415.1753.259&gpp=DBABM~CQl5JrAQl5JrAAfFdGITCjFsAP_gAEPgAAYgLdtR9G9fbSFj8DZ3YbokYIwPxVho6sAhBgCAkmgFCLuELIwEhWEQIAyCIiACGBIAODQAIAEgGAgQQUAgIIABLADMYEAQYCBKICBAABIRIkAQCAgKAAAgUAAAgmBGAgQAiASNAZIASMwAgQAGEXAgKAAAAACQAQAIACEAQAEAAAAAQCgAgAAAgAAAAAAAABAIAAAAAAAAACAAAAAAAAAAAAAABAAAAICAACAAAAAAAAAAQiAAAAAAAACC3YAJBoVEEBZEAgQCAgBAAAEEQQAECAIAAAgIIAAAgYACQMABVhEgAAAgAAAAAAAAAAAAAACAAIAABAAACAACAQKAAAACAACAAgQAAwAUIAEAAICgAAIEAAAAAARAAAAIAAAAAQAEhAAAAAIAAQIAiAAAAAkAAAAAAAAAABAAAgAAAAAIAAAIAAAAAAAAAACBAAAAEAAAAgAAAAAAAAAAAAAAQAAAAAAAAAAAAABAAAAEAgAAAAAAAAgAAA&gpp_sid=2&google_cver=1:0
[  214736ms] [ERROR] Failed to load resource: net::ERR_TOO_MANY_REDIRECTS @ https://loadm.exelator.com/load/?p=204&g=001&bi=&j=0&gdpr%3D1%26gdpr_consent%3DCQl5JrAQl5JrAAfFdGITCjFsAP_gAEPgAAYgLdtR9G9fbSFj8DZ3YbokYIwPxVho6sAhBgCAkmgFCLuELIwEhWEQIAyCIiACGBIAODQAIAEgGAgQQUAgIIABLADMYEAQYCBKICBAABIRIkAQCAgKAAAgUAAAgmBGAgQAiASNAZIASMwAgQAGEXAgKAAAAACQAQAIACEAQAEAAAAAQCgAgAAAgAAAAAAAABAIAAAAAAAAACAAAAAAAAAAAAAABAAAAICAACAAAAAAAAAAQiAAAAAAAACC3YAJBoVEEBZEAgQCAgBAAAEEQQAECAIAAAgIIAAAgYACQMABVhEgAAAgAAAAAAAAAAAAAACAAIAABAAACAACAQKAAAACAACAAgQAAwAUIAEAAICgAAIEAAAAAARAAAAIAAAAAQAEhAAAAAIAAQIAiAAAAAkAAAAAAAAAABAAAgAAAAAIAAAIAAAAAAAAAACBAAAAEAAAAgAAAAAAAAAAAAAAQAAAAAAAAAAAAABAAAAEAgAAAAAAAAgAAA.ILdtR9G9fbSFn8DZ3YbokYIwfxVho6sAhBgCAkmgFCLuELIwElWESIAyCIiACGBIAODQAIAEoGAgQQUAgIIABLBDsYEAQYCBKICBAADIRYkAQCAgKAAAgUAAAgmBGAgQAiASNAZIASMwAgQAmEXAgKIAAAACQAQAIACEAQAEAACAAQCgAgAAAgAAAAAAAABAIEAAAAQAAACAAAAAAAAAAAAAABAAAAICAACAAAAAEAAAAQiAAAAAAAAC=&google_error=3:0
[   14039ms] [ERROR] Attestation check for Shared Storage on https://www.googleadservices.com failed. @ https://www.googleadservices.com/pagead/managed/js/activeview/current/reach_worklet.html:0
[   14079ms] [ERROR] Attestation check for Shared Storage on https://www.googleadservices.com failed. @ https://www.googleadservices.com/pagead/managed/js/activeview/current/reach_worklet.html:0
[   38932ms] [ERROR] Attestation check for Shared Storage on https://www.googleadservices.com failed. @ https://www.googleadservices.com/pagead/managed/js/activeview/current/reach_worklet.html:0
[   47335ms] [ERROR] Attestation check for Shared Storage on https://www.googleadservices.com failed. @ https://www.googleadservices.com/pagead/managed/js/activeview/current/reach_worklet.html:0
[   68477ms] [ERROR] Attestation check for Shared Storage on https://www.googleadservices.com failed. @ https://www.googleadservices.com/pagead/managed/js/activeview/current/reach_worklet.html:0
[   76493ms] [ERROR] Attestation check for Shared Storage on https://www.googleadservices.com failed. @ https://www.googleadservices.com/pagead/managed/js/activeview/current/reach_worklet.html:0
[   97767ms] [ERROR] Attestation check for Shared Storage on https://www.googleadservices.com failed. @ https://www.googleadservices.com/pagead/managed/js/activeview/current/reach_worklet.html:0
[  126849ms] [ERROR] Attestation check for Shared Storage on https://www.googleadservices.com failed. @ https://www.googleadservices.com/pagead/managed/js/activeview/current/reach_worklet.html:0
[  155521ms] [ERROR] Attestation check for Shared Storage on https://www.googleadservices.com failed. @ https://www.googleadservices.com/pagead/managed/js/activeview/current/reach_worklet.html:0
[  184353ms] [ERROR] Attestation check for Shared Storage on https://www.googleadservices.com failed. @ https://www.googleadservices.com/pagead/managed/js/activeview/current/reach_worklet.html:0
[  213921ms] [ERROR] Attestation check for Shared Storage on https://www.googleadservices.com failed. @ https://www.googleadservices.com/pagead/managed/js/activeview/current/reach_worklet.html:0
[  243123ms] [ERROR] Attestation check for Shared Storage on https://www.googleadservices.com failed. @ https://www.googleadservices.com/pagead/managed/js/activeview/current/reach_worklet.html:0
[  271663ms] [ERROR] Attestation check for Shared Storage on https://www.googleadservices.com failed. @ https://www.googleadservices.com/pagead/managed/js/activeview/current/reach_worklet.html:0
[  300709ms] [ERROR] Attestation check for Shared Storage on https://www.googleadservices.com failed. @ https://www.googleadservices.com/pagead/managed/js/activeview/current/reach_worklet.html:0
[   14039ms] [ERROR] Attestation check for Shared Storage on https://www.googleadservices.com failed. @ https://www.googleadservices.com/pagead/managed/js/activeview/current/reach_worklet.html:0
[   14079ms] [ERROR] Attestation check for Shared Storage on https://www.googleadservices.com failed. @ https://www.googleadservices.com/pagead/managed/js/activeview/current/reach_worklet.html:0
[   38932ms] [ERROR] Attestation check for Shared Storage on https://www.googleadservices.com failed. @ https://www.googleadservices.com/pagead/managed/js/activeview/current/reach_worklet.html:0
[   47335ms] [ERROR] Attestation check for Shared Storage on https://www.googleadservices.com failed. @ https://www.googleadservices.com/pagead/managed/js/activeview/current/reach_worklet.html:0
[   68477ms] [ERROR] Attestation check for Shared Storage on https://www.googleadservices.com failed. @ https://www.googleadservices.com/pagead/managed/js/activeview/current/reach_worklet.html:0
[   76493ms] [ERROR] Attestation check for Shared Storage on https://www.googleadservices.com failed. @ https://www.googleadservices.com/pagead/managed/js/activeview/current/reach_worklet.html:0
[   97767ms] [ERROR] Attestation check for Shared Storage on https://www.googleadservices.com failed. @ https://www.googleadservices.com/pagead/managed/js/activeview/current/reach_worklet.html:0
[  126849ms] [ERROR] Attestation check for Shared Storage on https://www.googleadservices.com failed. @ https://www.googleadservices.com/pagead/managed/js/activeview/current/reach_worklet.html:0
[  155521ms] [ERROR] Attestation check for Shared Storage on https://www.googleadservices.com failed. @ https://www.googleadservices.com/pagead/managed/js/activeview/current/reach_worklet.html:0
[  184353ms] [ERROR] Attestation check for Shared Storage on https://www.googleadservices.com failed. @ https://www.googleadservices.com/pagead/managed/js/activeview/current/reach_worklet.html:0
[  213921ms] [ERROR] Attestation check for Shared Storage on https://www.googleadservices.com failed. @ https://www.googleadservices.com/pagead/managed/js/activeview/current/reach_worklet.html:0
[  243123ms] [ERROR] Attestation check for Shared Storage on https://www.googleadservices.com failed. @ https://www.googleadservices.com/pagead/managed/js/activeview/current/reach_worklet.html:0
[  271663ms] [ERROR] Attestation check for Shared Storage on https://www.googleadservices.com failed. @ https://www.googleadservices.com/pagead/managed/js/activeview/current/reach_worklet.html:0
[  300709ms] [ERROR] Attestation check for Shared Storage on https://www.googleadservices.com failed. @ https://www.googleadservices.com/pagead/managed/js/activeview/current/reach_worklet.html:0
[  301168ms] [ERROR] Attestation check for Shared Storage on https://www.googleadservices.com failed. @ https://www.googleadservices.com/pagead/managed/js/activeview/current/reach_worklet.html:0
[  301709ms] Uncaught TypeError: Cannot read properties of undefined (reading 'version')
    at b (https://scripts.journeymv.com/tags/3.51.6/wrapper.min.js?bust=1504196159:1:289175)
    at <anonymous> (https://scripts.journeymv.com/tags/3.51.6/wrapper.min.js?bust=1504196159:1:101126)
    at <anonymous> (https://scripts.journeymv.com/tags/3.51.6/wrapper.min.js?bust=1504196159:1:100766)
[  305941ms] [WARNING] The resource https://securepubads.g.doubleclick.net/tag/js/gpt.js was preloaded using link preload but not used within a few seconds from the window's load event. Please make sure it has an appropriate `as` value and it is preloaded intentionally. @ https://expiter.com/blog/articles/:0
[  314824ms] [WARNING] The resource https://securepubads.g.doubleclick.net/tag/js/gpt.js was preloaded using link preload but not used within a few seconds from the window's load event. Please make sure it has an appropriate `as` value and it is preloaded intentionally. @ https://expiter.com/blog/articles/:0
[  319618ms] [WARNING] The resource https://securepubads.g.doubleclick.net/tag/js/gpt.js was preloaded using link preload but not used within a few seconds from the window's load event. Please make sure it has an appropriate `as` value and it is preloaded intentionally. @ https://expiter.com/blog/articles/:0
[  324792ms] [WARNING] The resource https://securepubads.g.doubleclick.net/tag/js/gpt.js was preloaded using link preload but not used within a few seconds from the window's load event. Please make sure it has an appropriate `as` value and it is preloaded intentionally. @ https://expiter.com/blog/articles/:0
[  328631ms] [WARNING] The resource https://securepubads.g.doubleclick.net/tag/js/gpt.js was preloaded using link preload but not used within a few seconds from the window's load event. Please make sure it has an appropriate `as` value and it is preloaded intentionally. @ https://expiter.com/blog/articles/:0
[   11506ms] [ERROR] Failed to load resource: the server responded with a status of 404 () @ https://ad.sxp.smartclip.net/sync?type=host&dsp=10&dspuuid=CAESEKBPdiGONJvUgVvfvcG7Egc&gdpr=1&gdpr_consent=CQl5JrAQl5JrAAfFdGITCjFsAP_gAEPgAAYgLdtR9G9fbSFj8DZ3YbokYIwPxVho6sAhBgCAkmgFCLuELIwEhWEQIAyCIiACGBIAODQAIAEgGAgQQUAgIIABLADMYEAQYCBKICBAABIRIkAQCAgKAAAgUAAAgmBGAgQAiASNAZIASMwAgQAGEXAgKAAAAACQAQAIACEAQAEAAAAAQCgAgAAAgAAAAAAAABAIAAAAAAAAACAAAAAAAAAAAAAABAAAAICAACAAAAAAAAAAQiAAAAAAAACC3YAJBoVEEBZEAgQCAgBAAAEEQQAECAIAAAgIIAAAgYACQMABVhEgAAAgAAAAAAAAAAAAAACAAIAABAAACAACAQKAAAACAACAAgQAAwAUIAEAAICgAAIEAAAAAARAAAAIAAAAAQAEhAAAAAIAAQIAiAAAAAkAAAAAAAAAABAAAgAAAAAIAAAIAAAAAAAAAACBAAAAEAAAAgAAAAAAAAAAAAAAQAAAAAAAAAAAAABAAAAEAgAAAAAAAAgAAA.ILdtR9G9fbSFn8DZ3YbokYIwfxVho6sAhBgCAkmgFCLuELIwElWESIAyCIiACGBIAODQAIAEoGAgQQUAgIIABLBDsYEAQYCBKICBAADIRYkAQCAgKAAAgUAAAgmBGAgQAiASNAZIASMwAgQAmEXAgKIAAAACQAQAIACEAQAEAACAAQCgAgAAAgAAAAAAAABAIEAAAAQAAACAAAAAAAAAAAAAABAAAAICAACAAAAAEAAAAQiAAAAAAAAC&addtl_consent=1~2997.367.2415.2767.2927.144.1929.1227.2805.2863.2891.122.3188.2376.1678.2909.2056.20.2130.2821.70.2527.340.371.2995.236.415.192.2322.1753.3009.1735.2791.3053.3300.2849.2893.803.1699.3215.3209.2658.981.1712.1583.3127.494.2568.2670.2920.2205.3066.2510.1800.2612.2714.2964.3097.2534.979.2642.3155.1555.3173.3315.2656.2552.2343.2922.1732.327.291.2684.2838.1276.2614.2882.1882.436.2359.2772.3095.797.1152.2387.2271.2373.2854.2880.2898.1126.1415.1880.3058.839.1188.3074.1616.2447.1558.3234.3190.2403.3292.1725.2027.314.1149.3250.1440.2917.2405.2156.2278.2681.1825.1307.1031.3307.1985.430.2472.2414.3217.2650.2844.2862.2970.3002.1603.3093.1968.3119.3235.3253.1270.3075.117.2488.2986.560.2526.2596.2878.3000.3149.2968.3038.2400.2335.159.2604.2956.3135.3237.358.1810.3077.3251.3214.2583.2865.3005.2950.407.904.2493.2973.2461.2813.1067.2929.495.2883.2987.3126.2064.2166.2370.3196.1097.2224.2535.2651.2901.3003.3017.1025.1598.2477.1345.2695.3059.2687.2609.2839.3226.1963.1911.2234.2571.3240.3182.1745.1053.2961.2358.591.2979.3330.802.2645.3094.1859.1051.1095.3314.2425.2629.3136.2661.2981.3270.2643.3328.2035.1838.1978.2888.3028.3185.61.1268.2219.1495.149.1786.43.2325.2940.1750.899.2103.239.2115.1525.2133.161.1226.1284.2147.2852.1048.568.1962.1092.1162.3227.1944.3012.2279.147.2834.2846.2860.1356.2309.2816.89.2994.1312.370.2930.211.1651.1375.2418.3167.83.1403.574.2107.2770.3018.1290.2506.2884.2008.2812.1040.143.259.2416.1878.2652.2768.3016.1186.2225.3223.2109.2900.2003.55.1548.2047.1514.2887.385.3076.3236.2282.184.3230.2605.2531.310.3324.2633.1135.1584.1827.2985.2140.523.3043.3106.1512.820.1917.2621.1047.3194.1969.2222.2577.46.2559.2336.2220.1107.3296.2501.2072.2427.429.1889.2817.2875.2983.266.196.2090.2186.1301.322.3228.2517.2677.3184.2889.2895.2074.3055.2801.2941.2999.2918.2088.2610.445.1964.3225.2572.2468.2584.2784.2974.1697.1252.2628.2698.135.2660.2980.1449.1840.1667.2798.1003.442.93.2830.3034.1419.1579.2874.1716.3210.2657.1832.3172.424.2465.1540.1638.230.108.2713.2949.2963.1682.1843.3238.3244.2039.3112.1416.3316.587.3272.1570.1143.3120.2965.1967.2575.3222.2787.3260.124.2453.1845.2569.2729.2947.3099.2253.737.3187.3052.2886.985.3231.3257.3008.2484.311.1870.2295.1455.1046.2377.2498.2850.1942.3189.1782.2908.323.3010.2331.3117.522.931.1677.2564.2916.3070.3073.3109.486.2636.576.313.550.2440.2542.2792.2894.3089.3293.2778.3145.2486.1166.2044.2690.2966.3151.2646.3306.3128.286.2567.2669.2779.2328.2881.3288.938.2975.2354.2052.1721.864.2316.2867.1029.2124.2931.1516.2068.922.3019.3130.2897.1099.491.3063.1365.1027.3290.3318.2831.2869.272.1205&gpp=DBABM~CQl5JrAQl5JrAAfFdGITCjFsAP_gAEPgAAYgLdtR9G9fbSFj8DZ3YbokYIwPxVho6sAhBgCAkmgFCLuELIwEhWEQIAyCIiACGBIAODQAIAEgGAgQQUAgIIABLADMYEAQYCBKICBAABIRIkAQCAgKAAAgUAAAgmBGAgQAiASNAZIASMwAgQAGEXAgKAAAAACQAQAIACEAQAEAAAAAQCgAgAAAgAAAAAAAABAIAAAAAAAAACAAAAAAAAAAAAAABAAAAICAACAAAAAAAAAAQiAAAAAAAACC3YAJBoVEEBZEAgQCAgBAAAEEQQAECAIAAAgIIAAAgYACQMABVhEgAAAgAAAAAAAAAAAAAACAAIAABAAACAACAQKAAAACAACAAgQAAwAUIAEAAICgAAIEAAAAAARAAAAIAAAAAQAEhAAAAAIAAQIAiAAAAAkAAAAAAAAAABAAAgAAAAAIAAAIAAAAAAAAAACBAAAAEAAAAgAAAAAAAAAAAAAAQAAAAAAAAAAAAABAAAAEAgAAAAAAAAgAAA&gpp_sid=2&google_cver=1:0
[   67824ms] [ERROR] Failed to load resource: net::ERR_NAME_NOT_RESOLVED @ https://sync.search.spotxchange.com/partner?adv_id=7025&gdpr=1&gdpr_consent=CQl5JrAQl5JrAAfFdGITCjFsAP_gAEPgAAYgLdtR9G9fbSFj8DZ3YbokYIwPxVho6sAhBgCAkmgFCLuELIwEhWEQIAyCIiACGBIAODQAIAEgGAgQQUAgIIABLADMYEAQYCBKICBAABIRIkAQCAgKAAAgUAAAgmBGAgQAiASNAZIASMwAgQAGEXAgKAAAAACQAQAIACEAQAEAAAAAQCgAgAAAgAAAAAAAABAIAAAAAAAAACAAAAAAAAAAAAAABAAAAICAACAAAAAAAAAAQiAAAAAAAACC3YAJBoVEEBZEAgQCAgBAAAEEQQAECAIAAAgIIAAAgYACQMABVhEgAAAgAAAAAAAAAAAAAACAAIAABAAACAACAQKAAAACAACAAgQAAwAUIAEAAICgAAIEAAAAAARAAAAIAAAAAQAEhAAAAAIAAQIAiAAAAAkAAAAAAAAAABAAAgAAAAAIAAAIAAAAAAAAAACBAAAAEAAAAgAAAAAAAAAAAAAAQAAAAAAAAAAAAABAAAAEAgAAAAAAAAgAAA.ILdtR9G9fbSFn8DZ3YbokYIwfxVho6sAhBgCAkmgFCLuELIwElWESIAyCIiACGBIAODQAIAEoGAgQQUAgIIABLBDsYEAQYCBKICBAADIRYkAQCAgKAAAgUAAAgmBGAgQAiASNAZIASMwAgQAmEXAgKIAAAACQAQAIACEAQAEAACAAQCgAgAAAgAAAAAAAABAIEAAAAQAAACAAAAAAAAAAAAAABAAAAICAACAAAAAEAAAAQiAAAAAAAAC&addtl_consent=1~2652.899.143.1186.2325.1750.259.1040.1878.2416.2768.2812.2900.2109.3016.2225.1651.55.3223.2418.3167.83.1375.2770.2884.1290.2008.2506.2930.574.1403.2633.3043.2985.3106.1584.3018.2107.2140.2531.1827.310.3324.3194.2222.2577.1135.1512.1917.1969.523.820.2621.2047.46.1548.1047.2003.2282.2605.184.3230.3236.2887.1514.385.3076.2677.3184.2517.2889.1301.322.3228.2895.3055.2801.2941.2999.2088.2074.445.1107.2336.2559.2501.3296.2220.196.266.1889.2072.2090.2186.2427.2817.429.1667.2875.2983.1449.1840.2874.1579.1716.2798.424.442.93.2830.3034.2610.1003.3225.2572.1419.2784.2918.1832.1964.2628.2698.2980.2660.2468.135.1252.1697.2584.2974.3272.1416.587.3112.3316.1143.2729.2947.1845.2453.2039.3120.1967.1570.2569.2575.3222.3260.2787.1540.2465.3210.2657.124.2965.3172.1682.2949.230.3238.3244.1843.108.2713.2963.1638.1870.2295.2484.311.2908.1782.931.3010.323.2498.2377.2850.1455.3189.1942.737.3099.1046.2253.3231.3257.3008.985.3187.2886.3052.2778.2440.2542.2792.2894.3089.2966.3293.1166.3151.2646.3145.2044.2486.2690.3073.1677.2564.2916.2331.522.3117.3070.576.2636.550.313.3109.2897.486.3063.3290.922.2068.3019.3130.272.491.1099.3318.367.2831.1205.2328.1365.938.1027.2052.3288.3306.2869.3128.286.1516.2669.2779.2124.2881.2931.1721.2567.2354.2975.2867.2316.864.1029.415.192.2995.2130.2322.1753.236.371.2527.3053.3300.70.2821.2849.2791.2893.3009.1735.1929.2415.144.2767.2997.2805.2863.2376.3188.2927.1678.2891.2909.340.1227.2656.20.1555.3173.2056.3097.3315.122.979.2534.3155.2642.327.1732.2343.2552.3209.2658.1712.2922.803.3215.1583.1699.981.1800.2510.3066.2612.2714.2964.3127.2568.2271.2205.2373.2670.2920.494.2854.2880.3058.2898.1152.2387.1126.839.1880.1188.1415.1276.2614.2882.2684.291.2838.3095.2772.797.1882.2359.436.2681.2405.2156.2278.1440.3250.2917.1985.1825.1307.3190.2403.3292.1031.1616.3074.2447.3234.1558.1149.314.2027.3149.3000.2968.1725.3038.2488.2526.2596.2878.2986.3135.3237.3251.1810.3077.358.2400.2956.2335.2604.2472.2650.3217.2862.2950.159.2414.3307.430.2970.3002.3235.560.3075.1270.3253.117.3093.2844.1603.3119.1345.1968.2695.2535.2477.1025.2651.1598.3003.2687.3059.2493.2461.407.2583.3214.2813.904.1067.2865.2929.2973.2987.3005.2224.2901.1097.3196.3017.3126.2883.495.2370.2064.2166.1051.1095.3270.3328.2035.2643.3314.2425.2629.2981.2661.2234.3136.3240.1745.1911.3182.1053.2609.2839.1963.2961.2571.3226.3330.1859.3094.802.2645.2979.591.2358.2846.1962.3227.568.1092.1162.1226.3012.1284.161.2279.2852.1944.370.1048.1312.2816.2309.147.2860.2994.211.89.1356.2834.2103.1495.2219.1786.3028.1838.2888.3185.1268.43.239.61.1978.1525.2133.2940.149.2115.2147&gpp=DBABM~CQl5JrAQl5JrAAfFdGITCjFsAP_gAEPgAAYgLdtR9G9fbSFj8DZ3YbokYIwPxVho6sAhBgCAkmgFCLuELIwEhWEQIAyCIiACGBIAODQAIAEgGAgQQUAgIIABLADMYEAQYCBKICBAABIRIkAQCAgKAAAgUAAAgmBGAgQAiASNAZIASMwAgQAGEXAgKAAAAACQAQAIACEAQAEAAAAAQCgAgAAAgAAAAAAAABAIAAAAAAAAACAAAAAAAAAAAAAABAAAAICAACAAAAAAAAAAQiAAAAAAAACC3YAJBoVEEBZEAgQCAgBAAAEEQQAECAIAAAgIIAAAgYACQMABVhEgAAAgAAAAAAAAAAAAAACAAIAABAAACAACAQKAAAACAACAAgQAAwAUIAEAAICgAAIEAAAAAARAAAAIAAAAAQAEhAAAAAIAAQIAiAAAAAkAAAAAAAAAABAAAgAAAAAIAAAIAAAAAAAAAACBAAAAEAAAAgAAAAAAAAAAAAAAQAAAAAAAAAAAAABAAAAEAgAAAAAAAAgAAA&gpp_sid=2&redir=https%3A%2F%2Fcm.g.doubleclick.net%2Fpixel%3Fgoogle_nid%3Dspotxchange_dbm%26google_hm%3D%24SPOTX_BASE64_USER_ID:0
[   67825ms] [ERROR] Failed to load resource: net::ERR_NAME_NOT_RESOLVED @ https://sync.search.spotxchange.com/partner?adv_id=7025&gdpr=1&gdpr_consent=CQl5JrAQl5JrAAfFdGITCjFsAP_gAEPgAAYgLdtR9G9fbSFj8DZ3YbokYIwPxVho6sAhBgCAkmgFCLuELIwEhWEQIAyCIiACGBIAODQAIAEgGAgQQUAgIIABLADMYEAQYCBKICBAABIRIkAQCAgKAAAgUAAAgmBGAgQAiASNAZIASMwAgQAGEXAgKAAAAACQAQAIACEAQAEAAAAAQCgAgAAAgAAAAAAAABAIAAAAAAAAACAAAAAAAAAAAAAABAAAAICAACAAAAAAAAAAQiAAAAAAAACC3YAJBoVEEBZEAgQCAgBAAAEEQQAECAIAAAgIIAAAgYACQMABVhEgAAAgAAAAAAAAAAAAAACAAIAABAAACAACAQKAAAACAACAAgQAAwAUIAEAAICgAAIEAAAAAARAAAAIAAAAAQAEhAAAAAIAAQIAiAAAAAkAAAAAAAAAABAAAgAAAAAIAAAIAAAAAAAAAACBAAAAEAAAAgAAAAAAAAAAAAAAQAAAAAAAAAAAAABAAAAEAgAAAAAAAAgAAA.ILdtR9G9fbSFn8DZ3YbokYIwfxVho6sAhBgCAkmgFCLuELIwElWESIAyCIiACGBIAODQAIAEoGAgQQUAgIIABLBDsYEAQYCBKICBAADIRYkAQCAgKAAAgUAAAgmBGAgQAiASNAZIASMwAgQAmEXAgKIAAAACQAQAIACEAQAEAACAAQCgAgAAAgAAAAAAAABAIEAAAAQAAACAAAAAAAAAAAAAABAAAAICAACAAAAAEAAAAQiAAAAAAAAC&addtl_consent=1~2652.899.143.1186.2325.1750.259.1040.1878.2416.2768.2812.2900.2109.3016.2225.1651.55.3223.2418.3167.83.1375.2770.2884.1290.2008.2506.2930.574.1403.2633.3043.2985.3106.1584.3018.2107.2140.2531.1827.310.3324.3194.2222.2577.1135.1512.1917.1969.523.820.2621.2047.46.1548.1047.2003.2282.2605.184.3230.3236.2887.1514.385.3076.2677.3184.2517.2889.1301.322.3228.2895.3055.2801.2941.2999.2088.2074.445.1107.2336.2559.2501.3296.2220.196.266.1889.2072.2090.2186.2427.2817.429.1667.2875.2983.1449.1840.2874.1579.1716.2798.424.442.93.2830.3034.2610.1003.3225.2572.1419.2784.2918.1832.1964.2628.2698.2980.2660.2468.135.1252.1697.2584.2974.3272.1416.587.3112.3316.1143.2729.2947.1845.2453.2039.3120.1967.1570.2569.2575.3222.3260.2787.1540.2465.3210.2657.124.2965.3172.1682.2949.230.3238.3244.1843.108.2713.2963.1638.1870.2295.2484.311.2908.1782.931.3010.323.2498.2377.2850.1455.3189.1942.737.3099.1046.2253.3231.3257.3008.985.3187.2886.3052.2778.2440.2542.2792.2894.3089.2966.3293.1166.3151.2646.3145.2044.2486.2690.3073.1677.2564.2916.2331.522.3117.3070.576.2636.550.313.3109.2897.486.3063.3290.922.2068.3019.3130.272.491.1099.3318.367.2831.1205.2328.1365.938.1027.2052.3288.3306.2869.3128.286.1516.2669.2779.2124.2881.2931.1721.2567.2354.2975.2867.2316.864.1029.415.192.2995.2130.2322.1753.236.371.2527.3053.3300.70.2821.2849.2791.2893.3009.1735.1929.2415.144.2767.2997.2805.2863.2376.3188.2927.1678.2891.2909.340.1227.2656.20.1555.3173.2056.3097.3315.122.979.2534.3155.2642.327.1732.2343.2552.3209.2658.1712.2922.803.3215.1583.1699.981.1800.2510.3066.2612.2714.2964.3127.2568.2271.2205.2373.2670.2920.494.2854.2880.3058.2898.1152.2387.1126.839.1880.1188.1415.1276.2614.2882.2684.291.2838.3095.2772.797.1882.2359.436.2681.2405.2156.2278.1440.3250.2917.1985.1825.1307.3190.2403.3292.1031.1616.3074.2447.3234.1558.1149.314.2027.3149.3000.2968.1725.3038.2488.2526.2596.2878.2986.3135.3237.3251.1810.3077.358.2400.2956.2335.2604.2472.2650.3217.2862.2950.159.2414.3307.430.2970.3002.3235.560.3075.1270.3253.117.3093.2844.1603.3119.1345.1968.2695.2535.2477.1025.2651.1598.3003.2687.3059.2493.2461.407.2583.3214.2813.904.1067.2865.2929.2973.2987.3005.2224.2901.1097.3196.3017.3126.2883.495.2370.2064.2166.1051.1095.3270.3328.2035.2643.3314.2425.2629.2981.2661.2234.3136.3240.1745.1911.3182.1053.2609.2839.1963.2961.2571.3226.3330.1859.3094.802.2645.2979.591.2358.2846.1962.3227.568.1092.1162.1226.3012.1284.161.2279.2852.1944.370.1048.1312.2816.2309.147.2860.2994.211.89.1356.2834.2103.1495.2219.1786.3028.1838.2888.3185.1268.43.239.61.1978.1525.2133.2940.149.2115.2147&gpp=DBABM~CQl5JrAQl5JrAAfFdGITCjFsAP_gAEPgAAYgLdtR9G9fbSFj8DZ3YbokYIwPxVho6sAhBgCAkmgFCLuELIwEhWEQIAyCIiACGBIAODQAIAEgGAgQQUAgIIABLADMYEAQYCBKICBAABIRIkAQCAgKAAAgUAAAgmBGAgQAiASNAZIASMwAgQAGEXAgKAAAAACQAQAIACEAQAEAAAAAQCgAgAAAgAAAAAAAABAIAAAAAAAAACAAAAAAAAAAAAAABAAAAICAACAAAAAAAAAAQiAAAAAAAACC3YAJBoVEEBZEAgQCAgBAAAEEQQAECAIAAAgIIAAAgYACQMABVhEgAAAgAAAAAAAAAAAAAACAAIAABAAACAACAQKAAAACAACAAgQAAwAUIAEAAICgAAIEAAAAAARAAAAIAAAAAQAEhAAAAAIAAQIAiAAAAAkAAAAAAAAAABAAAgAAAAAIAAAIAAAAAAAAAACBAAAAEAAAAgAAAAAAAAAAAAAAQAAAAAAAAAAAAABAAAAEAgAAAAAAAAgAAA&gpp_sid=2&uid=CAESEC15bMnw4M8nzD2tlc8o1cc&google_cver=1:0
[   97096ms] [ERROR] Failed to load resource: the server responded with a status of 404 () @ https://bcp.crwdcntrl.net/gmap/?gdpr=1&gdpr_consent=CQl5JrAQl5JrAAfFdGITCjFsAP_gAEPgAAYgLdtR9G9fbSFj8DZ3YbokYIwPxVho6sAhBgCAkmgFCLuELIwEhWEQIAyCIiACGBIAODQAIAEgGAgQQUAgIIABLADMYEAQYCBKICBAABIRIkAQCAgKAAAgUAAAgmBGAgQAiASNAZIASMwAgQAGEXAgKAAAAACQAQAIACEAQAEAAAAAQCgAgAAAgAAAAAAAABAIAAAAAAAAACAAAAAAAAAAAAAABAAAAICAACAAAAAAAAAAQiAAAAAAAACC3YAJBoVEEBZEAgQCAgBAAAEEQQAECAIAAAgIIAAAgYACQMABVhEgAAAgAAAAAAAAAAAAAACAAIAABAAACAACAQKAAAACAACAAgQAAwAUIAEAAICgAAIEAAAAAARAAAAIAAAAAQAEhAAAAAIAAQIAiAAAAAkAAAAAAAAAABAAAgAAAAAIAAAIAAAAAAAAAACBAAAAEAAAAgAAAAAAAAAAAAAAQAAAAAAAAAAAAABAAAAEAgAAAAAAAAgAAA.ILdtR9G9fbSFn8DZ3YbokYIwfxVho6sAhBgCAkmgFCLuELIwElWESIAyCIiACGBIAODQAIAEoGAgQQUAgIIABLBDsYEAQYCBKICBAADIRYkAQCAgKAAAgUAAAgmBGAgQAiASNAZIASMwAgQAmEXAgKIAAAACQAQAIACEAQAEAACAAQCgAgAAAgAAAAAAAABAIEAAAAQAAACAAAAAAAAAAAAAABAAAAICAACAAAAAEAAAAQiAAAAAAAAC&addtl_consent=1~2997.2927.367.272.2869.1205.2831.3318.3063.1027.3290.2897.1365.3130.3019.1099.2068.922.491.2931.2124.1516.864.2867.2354.2975.2316.2052.1721.3288.938.1029.286.2881.3128.2328.3306.2567.3151.2646.2669.2779.2486.2044.2690.3145.2778.1166.2966.3089.3293.2440.2542.2792.2894.550.2636.313.3109.576.2564.2916.3073.486.1677.3070.522.2331.3117.323.931.1782.2908.3010.1046.1455.2377.2498.1942.2850.2295.3189.1870.2484.311.3231.3008.3257.3187.2886.3052.985.737.2253.3099.2453.2569.1845.2729.2947.2965.124.1570.1967.3120.2575.3222.2787.3260.3272.2039.3112.587.3316.1416.1843.3238.1143.2949.230.3244.108.2713.1682.2963.2465.1638.1540.3172.2657.3210.2874.1716.1579.1832.1003.93.424.3034.2798.442.1667.2830.1419.1840.1449.2660.2628.2698.2974.2980.1252.135.1697.1964.2468.2572.3225.2584.2610.2784.2918.445.2801.2941.2999.2074.3184.2088.3055.2677.3228.1301.2889.2895.322.2517.2090.1889.2186.196.266.2875.2983.2427.2072.2501.2817.2336.429.3296.1107.2559.2220.2577.46.3194.1969.2222.2621.1917.1512.523.820.1584.1047.2633.3043.310.3106.3324.2985.1827.2531.2140.3230.184.1135.2605.2282.3076.1514.3236.2887.385.1548.2047.2003.3223.2109.2225.3016.2900.2416.55.2768.1186.143.2652.2812.259.1040.2506.1878.2008.1290.2884.3018.1403.2107.574.1375.3167.83.1651.2418.2770.211.2309.1312.2930.2994.370.2816.2834.147.89.1162.2860.3012.568.2279.1356.1092.1048.2846.1962.1944.161.3227.1284.1525.2133.239.2852.899.1226.2115.2147.2940.149.43.1495.2103.2219.2325.1268.1750.1786.3185.1838.2888.3028.2643.1978.61.3270.3328.2035.3136.2661.2425.2629.3314.1051.2981.1095.802.3094.2645.3330.1859.2358.2979.591.3182.1053.1745.1911.2234.2571.3226.3240.1963.2609.2687.2839.2961.3059.2695.1345.1025.2477.1598.2535.2651.3003.1097.2224.2901.3196.3017.2064.2166.2370.2883.3126.495.2461.2813.2929.2987.1067.2493.2973.904.2583.2865.3005.3077.3214.358.1810.3135.2950.407.2335.3237.3251.2400.2604.2956.2968.159.3000.3038.3149.2526.2596.2488.2878.1270.2986.560.3075.3235.3253.117.1968.3119.2844.3093.1603.2414.2970.3217.2472.2650.2862.3002.3307.1985.430.1825.2156.1307.2278.2405.1031.2681.2917.3250.1440.1149.314.2027.2403.3190.3292.1725.1558.3234.2447.3074.1616.1188.839.1415.1880.2880.2271.2373.2387.2854.1152.1126.2898.3058.3095.2359.2772.1882.797.1276.436.2614.2838.291.2684.2882.1732.327.2343.2552.2922.3173.3315.1555.2656.3155.2534.979.3097.2642.3066.2510.1800.2612.2568.494.2670.2714.3127.2205.2920.2964.1583.2658.3209.1712.981.3215.1699.803.3300.2849.3053.1735.3009.2791.2893.415.1753.2322.192.236.371.2995.2130.2527.2821.70.2376.2056.1678.122.3188.2891.340.2909.20.144.2415.1929.2767.1227.2805.2863&gpp=DBABM~CQl5JrAQl5JrAAfFdGITCjFsAP_gAEPgAAYgLdtR9G9fbSFj8DZ3YbokYIwPxVho6sAhBgCAkmgFCLuELIwEhWEQIAyCIiACGBIAODQAIAEgGAgQQUAgIIABLADMYEAQYCBKICBAABIRIkAQCAgKAAAgUAAAgmBGAgQAiASNAZIASMwAgQAGEXAgKAAAAACQAQAIACEAQAEAAAAAQCgAgAAAgAAAAAAAABAIAAAAAAAAACAAAAAAAAAAAAAABAAAAICAACAAAAAAAAAAQiAAAAAAAACC3YAJBoVEEBZEAgQCAgBAAAEEQQAECAIAAAgIIAAAgYACQMABVhEgAAAgAAAAAAAAAAAAAACAAIAABAAACAACAQKAAAACAACAAgQAAwAUIAEAAICgAAIEAAAAAARAAAAIAAAAAQAEhAAAAAIAAQIAiAAAAAkAAAAAAAAAABAAAgAAAAAIAAAIAAAAAAAAAACBAAAAEAAAAgAAAAAAAAAAAAAAQAAAAAAAAAAAAABAAAAEAgAAAAAAAAgAAA&gpp_sid=2&google_gid=CAESEA7QmUODK2z0xyPCNmet7yg&google_cver=1:0
[  126067ms] [ERROR] Failed to load resource: net::ERR_NAME_NOT_RESOLVED @ https://tags.bluekai.com/site/2981?redir=https%3A%2F%2Fcm.g.doubleclick.net%2Fpixel%3Fgoogle_nid%3Dbluekai%26google_hm%3D%24_BK_UUID_B64&gdpr=1&gdpr_consent=CQl5JrAQl5JrAAfFdGITCjFsAP_gAEPgAAYgLdtR9G9fbSFj8DZ3YbokYIwPxVho6sAhBgCAkmgFCLuELIwEhWEQIAyCIiACGBIAODQAIAEgGAgQQUAgIIABLADMYEAQYCBKICBAABIRIkAQCAgKAAAgUAAAgmBGAgQAiASNAZIASMwAgQAGEXAgKAAAAACQAQAIACEAQAEAAAAAQCgAgAAAgAAAAAAAABAIAAAAAAAAACAAAAAAAAAAAAAABAAAAICAACAAAAAAAAAAQiAAAAAAAACC3YAJBoVEEBZEAgQCAgBAAAEEQQAECAIAAAgIIAAAgYACQMABVhEgAAAgAAAAAAAAAAAAAACAAIAABAAACAACAQKAAAACAACAAgQAAwAUIAEAAICgAAIEAAAAAARAAAAIAAAAAQAEhAAAAAIAAQIAiAAAAAkAAAAAAAAAABAAAgAAAAAIAAAIAAAAAAAAAACBAAAAEAAAAgAAAAAAAAAAAAAAQAAAAAAAAAAAAABAAAAEAgAAAAAAAAgAAA.ILdtR9G9fbSFn8DZ3YbokYIwfxVho6sAhBgCAkmgFCLuELIwElWESIAyCIiACGBIAODQAIAEoGAgQQUAgIIABLBDsYEAQYCBKICBAADIRYkAQCAgKAAAgUAAAgmBGAgQAiASNAZIASMwAgQAmEXAgKIAAAACQAQAIACEAQAEAACAAQCgAgAAAgAAAAAAAABAIEAAAAQAAACAAAAAAAAAAAAAABAAAAICAACAAAAAEAAAAQiAAAAAAAAC&addtl_consent=1~2979.591.2358.1135.3043.3330.2140.802.1859.2645.3094.2609.3226.1963.1911.2234.2571.3240.2839.1745.1053.3182.2961.3314.2425.2629.3136.2661.2981.3270.3328.2643.2035.1095.1051.149.2115.2940.2325.1750.899.239.2147.1525.1838.3028.1978.2888.61.3185.2133.1268.1495.43.147.1786.2103.2219.2860.2834.370.1356.2309.89.1312.2994.161.211.2816.1226.1284.568.1962.1944.1162.1048.1092.2279.3012.2844.2846.2852.1603.3093.1968.3119.3227.3235.3253.1270.3075.117.3307.560.430.2472.2650.2862.2414.3002.2970.3217.2400.2335.159.2604.2956.3135.3237.358.1810.3077.2488.3251.2526.3149.2596.2878.2950.2986.2968.3000.3126.2883.495.3038.2064.2370.2166.3196.1097.2224.2901.3017.2583.2865.3214.2973.407.904.2493.3005.2461.2813.1067.2929.2987.3059.2687.2535.2651.3003.1598.2477.2695.1025.1345.1882.436.797.2359.2772.3095.291.2684.2838.1276.2614.2882.1880.1415.839.1188.1152.2387.2898.2271.1126.2373.2854.2880.1725.314.2027.3058.1149.3074.1616.2447.1558.3234.3190.2403.3292.1825.1307.1031.1985.3250.2917.1440.2405.2156.2278.2681.1227.2056.2891.2909.122.3188.2376.1678.2927.2997.20.340.2415.1929.2767.144.2791.2805.1735.2863.2893.2849.3300.3009.3053.2130.2527.2821.70.2995.236.192.371.1753.415.2322.3127.494.2920.2568.2670.2205.3066.2510.1800.2612.2714.803.1699.3215.2964.2658.981.3209.1712.1583.2552.2343.2922.1732.327.3097.3155.2534.2642.1555.979.2656.3173.3315.486.3109.2636.576.313.2331.3117.522.550.1677.3073.2564.2916.3070.3145.2486.2044.2690.2966.3151.2646.2440.2542.2792.2894.3089.3293.2778.2975.1721.2354.864.2124.1029.1166.2931.1516.2316.2867.3306.3128.2881.286.2567.2669.2328.2779.2052.938.3288.1365.1027.3318.2869.2831.1205.272.2068.922.491.367.2897.3019.3130.3290.3063.1099.1638.2713.230.108.2949.1682.2963.3238.1843.3210.2657.3244.3172.2465.1540.1967.1570.3120.3222.2965.2575.3260.2787.124.2453.1845.2569.2729.1416.1143.2039.2947.3112.587.3316.3272.3187.3052.2886.985.3231.3257.3008.3099.2253.737.1455.2498.2377.2850.1942.3189.1046.1782.2908.323.3010.311.2484.931.2295.1870.2983.2427.429.1889.2072.2817.2875.266.196.2090.2186.2559.2336.2220.1107.3296.2501.2074.2801.2941.2999.445.2088.322.3228.2517.1301.2895.2677.3184.2889.3055.2468.2584.2974.1697.2628.2698.2980.135.2660.1252.2918.2610.1964.3225.2572.2784.2798.1003.442.93.1832.2830.1716.1419.2874.3034.1579.1840.424.1449.1667.1403.574.2107.3018.1290.2008.2506.2884.2930.1651.1375.2418.2770.83.3167.2225.2109.3223.2900.3016.1040.2812.55.143.1186.259.2768.1878.2887.1514.385.3076.2416.3236.2652.2282.184.3230.2605.2003.2047.1548.523.1512.1917.820.2621.3194.1047.2577.1969.2222.2531.46.310.3324.1827.2633.3106.2985.1584&gpp=DBABM~CQl5JrAQl5JrAAfFdGITCjFsAP_gAEPgAAYgLdtR9G9fbSFj8DZ3YbokYIwPxVho6sAhBgCAkmgFCLuELIwEhWEQIAyCIiACGBIAODQAIAEgGAgQQUAgIIABLADMYEAQYCBKICBAABIRIkAQCAgKAAAgUAAAgmBGAgQAiASNAZIASMwAgQAGEXAgKAAAAACQAQAIACEAQAEAAAAAQCgAgAAAgAAAAAAAABAIAAAAAAAAACAAAAAAAAAAAAAABAAAAICAACAAAAAAAAAAQiAAAAAAAACC3YAJBoVEEBZEAgQCAgBAAAEEQQAECAIAAAgIIAAAgYACQMABVhEgAAAgAAAAAAAAAAAAAACAAIAABAAACAACAQKAAAACAACAAgQAAwAUIAEAAICgAAIEAAAAAARAAAAIAAAAAQAEhAAAAAIAAQIAiAAAAAkAAAAAAAAAABAAAgAAAAAIAAAIAAAAAAAAAACBAAAAEAAAAgAAAAAAAAAAAAAAQAAAAAAAAAAAAABAAAAEAgAAAAAAAAgAAA&gpp_sid=2:0
[  126068ms] [ERROR] Failed to load resource: net::ERR_NAME_NOT_RESOLVED @ https://tags.bluekai.com/site/2981?id=&gdpr=1&gdpr_consent=CQl5JrAQl5JrAAfFdGITCjFsAP_gAEPgAAYgLdtR9G9fbSFj8DZ3YbokYIwPxVho6sAhBgCAkmgFCLuELIwEhWEQIAyCIiACGBIAODQAIAEgGAgQQUAgIIABLADMYEAQYCBKICBAABIRIkAQCAgKAAAgUAAAgmBGAgQAiASNAZIASMwAgQAGEXAgKAAAAACQAQAIACEAQAEAAAAAQCgAgAAAgAAAAAAAABAIAAAAAAAAACAAAAAAAAAAAAAABAAAAICAACAAAAAAAAAAQiAAAAAAAACC3YAJBoVEEBZEAgQCAgBAAAEEQQAECAIAAAgIIAAAgYACQMABVhEgAAAgAAAAAAAAAAAAAACAAIAABAAACAACAQKAAAACAACAAgQAAwAUIAEAAICgAAIEAAAAAARAAAAIAAAAAQAEhAAAAAIAAQIAiAAAAAkAAAAAAAAAABAAAgAAAAAIAAAIAAAAAAAAAACBAAAAEAAAAgAAAAAAAAAAAAAAQAAAAAAAAAAAAABAAAAEAgAAAAAAAAgAAA.ILdtR9G9fbSFn8DZ3YbokYIwfxVho6sAhBgCAkmgFCLuELIwElWESIAyCIiACGBIAODQAIAEoGAgQQUAgIIABLBDsYEAQYCBKICBAADIRYkAQCAgKAAAgUAAAgmBGAgQAiASNAZIASMwAgQAmEXAgKIAAAACQAQAIACEAQAEAACAAQCgAgAAAgAAAAAAAABAIEAAAAQAAACAAAAAAAAAAAAAABAAAAICAACAAAAAEAAAAQiAAAAAAAAC&addtl_consent=1~2979.591.2358.1135.3043.3330.2140.802.1859.2645.3094.2609.3226.1963.1911.2234.2571.3240.2839.1745.1053.3182.2961.3314.2425.2629.3136.2661.2981.3270.3328.2643.2035.1095.1051.149.2115.2940.2325.1750.899.239.2147.1525.1838.3028.1978.2888.61.3185.2133.1268.1495.43.147.1786.2103.2219.2860.2834.370.1356.2309.89.1312.2994.161.211.2816.1226.1284.568.1962.1944.1162.1048.1092.2279.3012.2844.2846.2852.1603.3093.1968.3119.3227.3235.3253.1270.3075.117.3307.560.430.2472.2650.2862.2414.3002.2970.3217.2400.2335.159.2604.2956.3135.3237.358.1810.3077.2488.3251.2526.3149.2596.2878.2950.2986.2968.3000.3126.2883.495.3038.2064.2370.2166.3196.1097.2224.2901.3017.2583.2865.3214.2973.407.904.2493.3005.2461.2813.1067.2929.2987.3059.2687.2535.2651.3003.1598.2477.2695.1025.1345.1882.436.797.2359.2772.3095.291.2684.2838.1276.2614.2882.1880.1415.839.1188.1152.2387.2898.2271.1126.2373.2854.2880.1725.314.2027.3058.1149.3074.1616.2447.1558.3234.3190.2403.3292.1825.1307.1031.1985.3250.2917.1440.2405.2156.2278.2681.1227.2056.2891.2909.122.3188.2376.1678.2927.2997.20.340.2415.1929.2767.144.2791.2805.1735.2863.2893.2849.3300.3009.3053.2130.2527.2821.70.2995.236.192.371.1753.415.2322.3127.494.2920.2568.2670.2205.3066.2510.1800.2612.2714.803.1699.3215.2964.2658.981.3209.1712.1583.2552.2343.2922.1732.327.3097.3155.2534.2642.1555.979.2656.3173.3315.486.3109.2636.576.313.2331.3117.522.550.1677.3073.2564.2916.3070.3145.2486.2044.2690.2966.3151.2646.2440.2542.2792.2894.3089.3293.2778.2975.1721.2354.864.2124.1029.1166.2931.1516.2316.2867.3306.3128.2881.286.2567.2669.2328.2779.2052.938.3288.1365.1027.3318.2869.2831.1205.272.2068.922.491.367.2897.3019.3130.3290.3063.1099.1638.2713.230.108.2949.1682.2963.3238.1843.3210.2657.3244.3172.2465.1540.1967.1570.3120.3222.2965.2575.3260.2787.124.2453.1845.2569.2729.1416.1143.2039.2947.3112.587.3316.3272.3187.3052.2886.985.3231.3257.3008.3099.2253.737.1455.2498.2377.2850.1942.3189.1046.1782.2908.323.3010.311.2484.931.2295.1870.2983.2427.429.1889.2072.2817.2875.266.196.2090.2186.2559.2336.2220.1107.3296.2501.2074.2801.2941.2999.445.2088.322.3228.2517.1301.2895.2677.3184.2889.3055.2468.2584.2974.1697.2628.2698.2980.135.2660.1252.2918.2610.1964.3225.2572.2784.2798.1003.442.93.1832.2830.1716.1419.2874.3034.1579.1840.424.1449.1667.1403.574.2107.3018.1290.2008.2506.2884.2930.1651.1375.2418.2770.83.3167.2225.2109.3223.2900.3016.1040.2812.55.143.1186.259.2768.1878.2887.1514.385.3076.2416.3236.2652.2282.184.3230.2605.2003.2047.1548.523.1512.1917.820.2621.3194.1047.2577.1969.2222.2531.46.310.3324.1827.2633.3106.2985.1584&gpp=DBABM~CQl5JrAQl5JrAAfFdGITCjFsAP_gAEPgAAYgLdtR9G9fbSFj8DZ3YbokYIwPxVho6sAhBgCAkmgFCLuELIwEhWEQIAyCIiACGBIAODQAIAEgGAgQQUAgIIABLADMYEAQYCBKICBAABIRIkAQCAgKAAAgUAAAgmBGAgQAiASNAZIASMwAgQAGEXAgKAAAAACQAQAIACEAQAEAAAAAQCgAgAAAgAAAAAAAABAIAAAAAAAAACAAAAAAAAAAAAAABAAAAICAACAAAAAAAAAAQiAAAAAAAACC3YAJBoVEEBZEAgQCAgBAAAEEQQAECAIAAAgIIAAAgYACQMABVhEgAAAgAAAAAAAAAAAAAACAAIAABAAACAACAQKAAAACAACAAgQAAwAUIAEAAICgAAIEAAAAAARAAAAIAAAAAQAEhAAAAAIAAQIAiAAAAAkAAAAAAAAAABAAAgAAAAAIAAAIAAAAAAAAAACBAAAAEAAAAgAAAAAAAAAAAAAAQAAAAAAAAAAAAABAAAAEAgAAAAAAAAgAAA&gpp_sid=2&google_gid=CAESEN-xPXHxCrtITAl4Wz4bhFQ&google_cver=1:0
[  155231ms] [ERROR] Failed to load resource: net::ERR_NAME_NOT_RESOLVED @ https://x.dlx.addthis.com/e/googlegdn_sync?na_exid=CAESEF8y2Qx663NJ18Sjry0g6j0&gdpr=1&gdpr_consent=CQl5JrAQl5JrAAfFdGITCjFsAP_gAEPgAAYgLdtR9G9fbSFj8DZ3YbokYIwPxVho6sAhBgCAkmgFCLuELIwEhWEQIAyCIiACGBIAODQAIAEgGAgQQUAgIIABLADMYEAQYCBKICBAABIRIkAQCAgKAAAgUAAAgmBGAgQAiASNAZIASMwAgQAGEXAgKAAAAACQAQAIACEAQAEAAAAAQCgAgAAAgAAAAAAAABAIAAAAAAAAACAAAAAAAAAAAAAABAAAAICAACAAAAAAAAAAQiAAAAAAAACC3YAJBoVEEBZEAgQCAgBAAAEEQQAECAIAAAgIIAAAgYACQMABVhEgAAAgAAAAAAAAAAAAAACAAIAABAAACAACAQKAAAACAACAAgQAAwAUIAEAAICgAAIEAAAAAARAAAAIAAAAAQAEhAAAAAIAAQIAiAAAAAkAAAAAAAAAABAAAgAAAAAIAAAIAAAAAAAAAACBAAAAEAAAAgAAAAAAAAAAAAAAQAAAAAAAAAAAAABAAAAEAgAAAAAAAAgAAA.ILdtR9G9fbSFn8DZ3YbokYIwfxVho6sAhBgCAkmgFCLuELIwElWESIAyCIiACGBIAODQAIAEoGAgQQUAgIIABLBDsYEAQYCBKICBAADIRYkAQCAgKAAAgUAAAgmBGAgQAiASNAZIASMwAgQAmEXAgKIAAAACQAQAIACEAQAEAACAAQCgAgAAAgAAAAAAAABAIEAAAAQAAACAAAAAAAAAAAAAABAAAAICAACAAAAAEAAAAQiAAAAAAAAC&addtl_consent=1~494.2271.2373.1697.70.1514.1725.143.149.314.184.1800.2133.2224.2325.2510.864.286.1029.1558.2253.2677.1097.2778.2779.938.2493.2047.89.442.1047.1027.1942.2792.820.1419.1732.1205.323.211.1312.1598.1025.46.310.491.1099.1284.1449.370.161.1092.1716.1985.1048.1584.1870.2068.436.797.20.2278.486.122.1882.2072.2295.2427.429.574.230.196.313.1682.2506.2531.1963.340.108.1540.2559.1911.2415.1276.144.1735.2614.2109.2791.2787.1415.2425.2453.2629.2088.2729.236.1143.1126.1301.1878.587.322.358.1152.2526.371.192.415.1753.259&gpp=DBABM~CQl5JrAQl5JrAAfFdGITCjFsAP_gAEPgAAYgLdtR9G9fbSFj8DZ3YbokYIwPxVho6sAhBgCAkmgFCLuELIwEhWEQIAyCIiACGBIAODQAIAEgGAgQQUAgIIABLADMYEAQYCBKICBAABIRIkAQCAgKAAAgUAAAgmBGAgQAiASNAZIASMwAgQAGEXAgKAAAAACQAQAIACEAQAEAAAAAQCgAgAAAgAAAAAAAABAIAAAAAAAAACAAAAAAAAAAAAAABAAAAICAACAAAAAAAAAAQiAAAAAAAACC3YAJBoVEEBZEAgQCAgBAAAEEQQAECAIAAAgIIAAAgYACQMABVhEgAAAgAAAAAAAAAAAAAACAAIAABAAACAACAQKAAAACAACAAgQAAwAUIAEAAICgAAIEAAAAAARAAAAIAAAAAQAEhAAAAAIAAQIAiAAAAAkAAAAAAAAAABAAAgAAAAAIAAAIAAAAAAAAAACBAAAAEAAAAgAAAAAAAAAAAAAAQAAAAAAAAAAAAABAAAAEAgAAAAAAAAgAAA&gpp_sid=2&google_cver=1:0
[  214736ms] [ERROR] Failed to load resource: net::ERR_TOO_MANY_REDIRECTS @ https://loadm.exelator.com/load/?p=204&g=001&bi=&j=0&gdpr%3D1%26gdpr_consent%3DCQl5JrAQl5JrAAfFdGITCjFsAP_gAEPgAAYgLdtR9G9fbSFj8DZ3YbokYIwPxVho6sAhBgCAkmgFCLuELIwEhWEQIAyCIiACGBIAODQAIAEgGAgQQUAgIIABLADMYEAQYCBKICBAABIRIkAQCAgKAAAgUAAAgmBGAgQAiASNAZIASMwAgQAGEXAgKAAAAACQAQAIACEAQAEAAAAAQCgAgAAAgAAAAAAAABAIAAAAAAAAACAAAAAAAAAAAAAABAAAAICAACAAAAAAAAAAQiAAAAAAAACC3YAJBoVEEBZEAgQCAgBAAAEEQQAECAIAAAgIIAAAgYACQMABVhEgAAAgAAAAAAAAAAAAAACAAIAABAAACAACAQKAAAACAACAAgQAAwAUIAEAAICgAAIEAAAAAARAAAAIAAAAAQAEhAAAAAIAAQIAiAAAAAkAAAAAAAAAABAAAgAAAAAIAAAIAAAAAAAAAACBAAAAEAAAAgAAAAAAAAAAAAAAQAAAAAAAAAAAAABAAAAEAgAAAAAAAAgAAA.ILdtR9G9fbSFn8DZ3YbokYIwfxVho6sAhBgCAkmgFCLuELIwElWESIAyCIiACGBIAODQAIAEoGAgQQUAgIIABLBDsYEAQYCBKICBAADIRYkAQCAgKAAAgUAAAgmBGAgQAiASNAZIASMwAgQAmEXAgKIAAAACQAQAIACEAQAEAACAAQCgAgAAAgAAAAAAAABAIEAAAAQAAACAAAAAAAAAAAAAABAAAAICAACAAAAAEAAAAQiAAAAAAAAC=&google_error=3:0
[   14039ms] [ERROR] Attestation check for Shared Storage on https://www.googleadservices.com failed. @ https://www.googleadservices.com/pagead/managed/js/activeview/current/reach_worklet.html:0
[   14079ms] [ERROR] Attestation check for Shared Storage on https://www.googleadservices.com failed. @ https://www.googleadservices.com/pagead/managed/js/activeview/current/reach_worklet.html:0
[   38932ms] [ERROR] Attestation check for Shared Storage on https://www.googleadservices.com failed. @ https://www.googleadservices.com/pagead/managed/js/activeview/current/reach_worklet.html:0
[   47335ms] [ERROR] Attestation check for Shared Storage on https://www.googleadservices.com failed. @ https://www.googleadservices.com/pagead/managed/js/activeview/current/reach_worklet.html:0
[   68477ms] [ERROR] Attestation check for Shared Storage on https://www.googleadservices.com failed. @ https://www.googleadservices.com/pagead/managed/js/activeview/current/reach_worklet.html:0
[   76493ms] [ERROR] Attestation check for Shared Storage on https://www.googleadservices.com failed. @ https://www.googleadservices.com/pagead/managed/js/activeview/current/reach_worklet.html:0
[   97767ms] [ERROR] Attestation check for Shared Storage on https://www.googleadservices.com failed. @ https://www.googleadservices.com/pagead/managed/js/activeview/current/reach_worklet.html:0
[  126849ms] [ERROR] Attestation check for Shared Storage on https://www.googleadservices.com failed. @ https://www.googleadservices.com/pagead/managed/js/activeview/current/reach_worklet.html:0
[  155521ms] [ERROR] Attestation check for Shared Storage on https://www.googleadservices.com failed. @ https://www.googleadservices.com/pagead/managed/js/activeview/current/reach_worklet.html:0
[  184353ms] [ERROR] Attestation check for Shared Storage on https://www.googleadservices.com failed. @ https://www.googleadservices.com/pagead/managed/js/activeview/current/reach_worklet.html:0
[  213921ms] [ERROR] Attestation check for Shared Storage on https://www.googleadservices.com failed. @ https://www.googleadservices.com/pagead/managed/js/activeview/current/reach_worklet.html:0
[  243123ms] [ERROR] Attestation check for Shared Storage on https://www.googleadservices.com failed. @ https://www.googleadservices.com/pagead/managed/js/activeview/current/reach_worklet.html:0
[  271663ms] [ERROR] Attestation check for Shared Storage on https://www.googleadservices.com failed. @ https://www.googleadservices.com/pagead/managed/js/activeview/current/reach_worklet.html:0
[  300709ms] [ERROR] Attestation check for Shared Storage on https://www.googleadservices.com failed. @ https://www.googleadservices.com/pagead/managed/js/activeview/current/reach_worklet.html:0
[  301168ms] [ERROR] Attestation check for Shared Storage on https://www.googleadservices.com failed. @ https://www.googleadservices.com/pagead/managed/js/activeview/current/reach_worklet.html:0
[  330004ms] [ERROR] Attestation check for Shared Storage on https://www.googleadservices.com failed. @ https://www.googleadservices.com/pagead/managed/js/activeview/current/reach_worklet.html:0
[   14039ms] [ERROR] Attestation check for Shared Storage on https://www.googleadservices.com failed. @ https://www.googleadservices.com/pagead/managed/js/activeview/current/reach_worklet.html:0
[   14079ms] [ERROR] Attestation check for Shared Storage on https://www.googleadservices.com failed. @ https://www.googleadservices.com/pagead/managed/js/activeview/current/reach_worklet.html:0
[   38932ms] [ERROR] Attestation check for Shared Storage on https://www.googleadservices.com failed. @ https://www.googleadservices.com/pagead/managed/js/activeview/current/reach_worklet.html:0
[   47335ms] [ERROR] Attestation check for Shared Storage on https://www.googleadservices.com failed. @ https://www.googleadservices.com/pagead/managed/js/activeview/current/reach_worklet.html:0
[   68477ms] [ERROR] Attestation check for Shared Storage on https://www.googleadservices.com failed. @ https://www.googleadservices.com/pagead/managed/js/activeview/current/reach_worklet.html:0
[   76493ms] [ERROR] Attestation check for Shared Storage on https://www.googleadservices.com failed. @ https://www.googleadservices.com/pagead/managed/js/activeview/current/reach_worklet.html:0
[   97767ms] [ERROR] Attestation check for Shared Storage on https://www.googleadservices.com failed. @ https://www.googleadservices.com/pagead/managed/js/activeview/current/reach_worklet.html:0
[  126849ms] [ERROR] Attestation check for Shared Storage on https://www.googleadservices.com failed. @ https://www.googleadservices.com/pagead/managed/js/activeview/current/reach_worklet.html:0
[  155521ms] [ERROR] Attestation check for Shared Storage on https://www.googleadservices.com failed. @ https://www.googleadservices.com/pagead/managed/js/activeview/current/reach_worklet.html:0
[  184353ms] [ERROR] Attestation check for Shared Storage on https://www.googleadservices.com failed. @ https://www.googleadservices.com/pagead/managed/js/activeview/current/reach_worklet.html:0
[  213921ms] [ERROR] Attestation check for Shared Storage on https://www.googleadservices.com failed. @ https://www.googleadservices.com/pagead/managed/js/activeview/current/reach_worklet.html:0
[  243123ms] [ERROR] Attestation check for Shared Storage on https://www.googleadservices.com failed. @ https://www.googleadservices.com/pagead/managed/js/activeview/current/reach_worklet.html:0
[  271663ms] [ERROR] Attestation check for Shared Storage on https://www.googleadservices.com failed. @ https://www.googleadservices.com/pagead/managed/js/activeview/current/reach_worklet.html:0
[  300709ms] [ERROR] Attestation check for Shared Storage on https://www.googleadservices.com failed. @ https://www.googleadservices.com/pagead/managed/js/activeview/current/reach_worklet.html:0
[  301168ms] [ERROR] Attestation check for Shared Storage on https://www.googleadservices.com failed. @ https://www.googleadservices.com/pagead/managed/js/activeview/current/reach_worklet.html:0
[  330004ms] [ERROR] Attestation check for Shared Storage on https://www.googleadservices.com failed. @ https://www.googleadservices.com/pagead/managed/js/activeview/current/reach_worklet.html:0
[  330446ms] [ERROR] Attestation check for Shared Storage on https://www.googleadservices.com failed. @ https://www.googleadservices.com/pagead/managed/js/activeview/current/reach_worklet.html:0
[  330768ms] Uncaught TypeError: Cannot read properties of undefined (reading 'version')
    at b (https://scripts.journeymv.com/tags/3.51.6/wrapper.min.js?bust=1504196159:1:289175)
    at <anonymous> (https://scripts.journeymv.com/tags/3.51.6/wrapper.min.js?bust=1504196159:1:101126)
    at <anonymous> (https://scripts.journeymv.com/tags/3.51.6/wrapper.min.js?bust=1504196159:1:100766)
[  335631ms] [WARNING] The resource https://securepubads.g.doubleclick.net/tag/js/gpt.js was preloaded using link preload but not used within a few seconds from the window's load event. Please make sure it has an appropriate `as` value and it is preloaded intentionally. @ https://expiter.com/blog/articles/:0
[  343861ms] [WARNING] The resource https://securepubads.g.doubleclick.net/tag/js/gpt.js was preloaded using link preload but not used within a few seconds from the window's load event. Please make sure it has an appropriate `as` value and it is preloaded intentionally. @ https://expiter.com/blog/articles/:0
[  353865ms] [WARNING] The resource https://securepubads.g.doubleclick.net/tag/js/gpt.js was preloaded using link preload but not used within a few seconds from the window's load event. Please make sure it has an appropriate `as` value and it is preloaded intentionally. @ https://expiter.com/blog/articles/:0
[  357835ms] [WARNING] The resource https://securepubads.g.doubleclick.net/tag/js/gpt.js was preloaded using link preload but not used within a few seconds from the window's load event. Please make sure it has an appropriate `as` value and it is preloaded intentionally. @ https://expiter.com/blog/articles/:0
[   11506ms] [ERROR] Failed to load resource: the server responded with a status of 404 () @ https://ad.sxp.smartclip.net/sync?type=host&dsp=10&dspuuid=CAESEKBPdiGONJvUgVvfvcG7Egc&gdpr=1&gdpr_consent=CQl5JrAQl5JrAAfFdGITCjFsAP_gAEPgAAYgLdtR9G9fbSFj8DZ3YbokYIwPxVho6sAhBgCAkmgFCLuELIwEhWEQIAyCIiACGBIAODQAIAEgGAgQQUAgIIABLADMYEAQYCBKICBAABIRIkAQCAgKAAAgUAAAgmBGAgQAiASNAZIASMwAgQAGEXAgKAAAAACQAQAIACEAQAEAAAAAQCgAgAAAgAAAAAAAABAIAAAAAAAAACAAAAAAAAAAAAAABAAAAICAACAAAAAAAAAAQiAAAAAAAACC3YAJBoVEEBZEAgQCAgBAAAEEQQAECAIAAAgIIAAAgYACQMABVhEgAAAgAAAAAAAAAAAAAACAAIAABAAACAACAQKAAAACAACAAgQAAwAUIAEAAICgAAIEAAAAAARAAAAIAAAAAQAEhAAAAAIAAQIAiAAAAAkAAAAAAAAAABAAAgAAAAAIAAAIAAAAAAAAAACBAAAAEAAAAgAAAAAAAAAAAAAAQAAAAAAAAAAAAABAAAAEAgAAAAAAAAgAAA.ILdtR9G9fbSFn8DZ3YbokYIwfxVho6sAhBgCAkmgFCLuELIwElWESIAyCIiACGBIAODQAIAEoGAgQQUAgIIABLBDsYEAQYCBKICBAADIRYkAQCAgKAAAgUAAAgmBGAgQAiASNAZIASMwAgQAmEXAgKIAAAACQAQAIACEAQAEAACAAQCgAgAAAgAAAAAAAABAIEAAAAQAAACAAAAAAAAAAAAAABAAAAICAACAAAAAEAAAAQiAAAAAAAAC&addtl_consent=1~2997.367.2415.2767.2927.144.1929.1227.2805.2863.2891.122.3188.2376.1678.2909.2056.20.2130.2821.70.2527.340.371.2995.236.415.192.2322.1753.3009.1735.2791.3053.3300.2849.2893.803.1699.3215.3209.2658.981.1712.1583.3127.494.2568.2670.2920.2205.3066.2510.1800.2612.2714.2964.3097.2534.979.2642.3155.1555.3173.3315.2656.2552.2343.2922.1732.327.291.2684.2838.1276.2614.2882.1882.436.2359.2772.3095.797.1152.2387.2271.2373.2854.2880.2898.1126.1415.1880.3058.839.1188.3074.1616.2447.1558.3234.3190.2403.3292.1725.2027.314.1149.3250.1440.2917.2405.2156.2278.2681.1825.1307.1031.3307.1985.430.2472.2414.3217.2650.2844.2862.2970.3002.1603.3093.1968.3119.3235.3253.1270.3075.117.2488.2986.560.2526.2596.2878.3000.3149.2968.3038.2400.2335.159.2604.2956.3135.3237.358.1810.3077.3251.3214.2583.2865.3005.2950.407.904.2493.2973.2461.2813.1067.2929.495.2883.2987.3126.2064.2166.2370.3196.1097.2224.2535.2651.2901.3003.3017.1025.1598.2477.1345.2695.3059.2687.2609.2839.3226.1963.1911.2234.2571.3240.3182.1745.1053.2961.2358.591.2979.3330.802.2645.3094.1859.1051.1095.3314.2425.2629.3136.2661.2981.3270.2643.3328.2035.1838.1978.2888.3028.3185.61.1268.2219.1495.149.1786.43.2325.2940.1750.899.2103.239.2115.1525.2133.161.1226.1284.2147.2852.1048.568.1962.1092.1162.3227.1944.3012.2279.147.2834.2846.2860.1356.2309.2816.89.2994.1312.370.2930.211.1651.1375.2418.3167.83.1403.574.2107.2770.3018.1290.2506.2884.2008.2812.1040.143.259.2416.1878.2652.2768.3016.1186.2225.3223.2109.2900.2003.55.1548.2047.1514.2887.385.3076.3236.2282.184.3230.2605.2531.310.3324.2633.1135.1584.1827.2985.2140.523.3043.3106.1512.820.1917.2621.1047.3194.1969.2222.2577.46.2559.2336.2220.1107.3296.2501.2072.2427.429.1889.2817.2875.2983.266.196.2090.2186.1301.322.3228.2517.2677.3184.2889.2895.2074.3055.2801.2941.2999.2918.2088.2610.445.1964.3225.2572.2468.2584.2784.2974.1697.1252.2628.2698.135.2660.2980.1449.1840.1667.2798.1003.442.93.2830.3034.1419.1579.2874.1716.3210.2657.1832.3172.424.2465.1540.1638.230.108.2713.2949.2963.1682.1843.3238.3244.2039.3112.1416.3316.587.3272.1570.1143.3120.2965.1967.2575.3222.2787.3260.124.2453.1845.2569.2729.2947.3099.2253.737.3187.3052.2886.985.3231.3257.3008.2484.311.1870.2295.1455.1046.2377.2498.2850.1942.3189.1782.2908.323.3010.2331.3117.522.931.1677.2564.2916.3070.3073.3109.486.2636.576.313.550.2440.2542.2792.2894.3089.3293.2778.3145.2486.1166.2044.2690.2966.3151.2646.3306.3128.286.2567.2669.2779.2328.2881.3288.938.2975.2354.2052.1721.864.2316.2867.1029.2124.2931.1516.2068.922.3019.3130.2897.1099.491.3063.1365.1027.3290.3318.2831.2869.272.1205&gpp=DBABM~CQl5JrAQl5JrAAfFdGITCjFsAP_gAEPgAAYgLdtR9G9fbSFj8DZ3YbokYIwPxVho6sAhBgCAkmgFCLuELIwEhWEQIAyCIiACGBIAODQAIAEgGAgQQUAgIIABLADMYEAQYCBKICBAABIRIkAQCAgKAAAgUAAAgmBGAgQAiASNAZIASMwAgQAGEXAgKAAAAACQAQAIACEAQAEAAAAAQCgAgAAAgAAAAAAAABAIAAAAAAAAACAAAAAAAAAAAAAABAAAAICAACAAAAAAAAAAQiAAAAAAAACC3YAJBoVEEBZEAgQCAgBAAAEEQQAECAIAAAgIIAAAgYACQMABVhEgAAAgAAAAAAAAAAAAAACAAIAABAAACAACAQKAAAACAACAAgQAAwAUIAEAAICgAAIEAAAAAARAAAAIAAAAAQAEhAAAAAIAAQIAiAAAAAkAAAAAAAAAABAAAgAAAAAIAAAIAAAAAAAAAACBAAAAEAAAAgAAAAAAAAAAAAAAQAAAAAAAAAAAAABAAAAEAgAAAAAAAAgAAA&gpp_sid=2&google_cver=1:0
[   67824ms] [ERROR] Failed to load resource: net::ERR_NAME_NOT_RESOLVED @ https://sync.search.spotxchange.com/partner?adv_id=7025&gdpr=1&gdpr_consent=CQl5JrAQl5JrAAfFdGITCjFsAP_gAEPgAAYgLdtR9G9fbSFj8DZ3YbokYIwPxVho6sAhBgCAkmgFCLuELIwEhWEQIAyCIiACGBIAODQAIAEgGAgQQUAgIIABLADMYEAQYCBKICBAABIRIkAQCAgKAAAgUAAAgmBGAgQAiASNAZIASMwAgQAGEXAgKAAAAACQAQAIACEAQAEAAAAAQCgAgAAAgAAAAAAAABAIAAAAAAAAACAAAAAAAAAAAAAABAAAAICAACAAAAAAAAAAQiAAAAAAAACC3YAJBoVEEBZEAgQCAgBAAAEEQQAECAIAAAgIIAAAgYACQMABVhEgAAAgAAAAAAAAAAAAAACAAIAABAAACAACAQKAAAACAACAAgQAAwAUIAEAAICgAAIEAAAAAARAAAAIAAAAAQAEhAAAAAIAAQIAiAAAAAkAAAAAAAAAABAAAgAAAAAIAAAIAAAAAAAAAACBAAAAEAAAAgAAAAAAAAAAAAAAQAAAAAAAAAAAAABAAAAEAgAAAAAAAAgAAA.ILdtR9G9fbSFn8DZ3YbokYIwfxVho6sAhBgCAkmgFCLuELIwElWESIAyCIiACGBIAODQAIAEoGAgQQUAgIIABLBDsYEAQYCBKICBAADIRYkAQCAgKAAAgUAAAgmBGAgQAiASNAZIASMwAgQAmEXAgKIAAAACQAQAIACEAQAEAACAAQCgAgAAAgAAAAAAAABAIEAAAAQAAACAAAAAAAAAAAAAABAAAAICAACAAAAAEAAAAQiAAAAAAAAC&addtl_consent=1~2652.899.143.1186.2325.1750.259.1040.1878.2416.2768.2812.2900.2109.3016.2225.1651.55.3223.2418.3167.83.1375.2770.2884.1290.2008.2506.2930.574.1403.2633.3043.2985.3106.1584.3018.2107.2140.2531.1827.310.3324.3194.2222.2577.1135.1512.1917.1969.523.820.2621.2047.46.1548.1047.2003.2282.2605.184.3230.3236.2887.1514.385.3076.2677.3184.2517.2889.1301.322.3228.2895.3055.2801.2941.2999.2088.2074.445.1107.2336.2559.2501.3296.2220.196.266.1889.2072.2090.2186.2427.2817.429.1667.2875.2983.1449.1840.2874.1579.1716.2798.424.442.93.2830.3034.2610.1003.3225.2572.1419.2784.2918.1832.1964.2628.2698.2980.2660.2468.135.1252.1697.2584.2974.3272.1416.587.3112.3316.1143.2729.2947.1845.2453.2039.3120.1967.1570.2569.2575.3222.3260.2787.1540.2465.3210.2657.124.2965.3172.1682.2949.230.3238.3244.1843.108.2713.2963.1638.1870.2295.2484.311.2908.1782.931.3010.323.2498.2377.2850.1455.3189.1942.737.3099.1046.2253.3231.3257.3008.985.3187.2886.3052.2778.2440.2542.2792.2894.3089.2966.3293.1166.3151.2646.3145.2044.2486.2690.3073.1677.2564.2916.2331.522.3117.3070.576.2636.550.313.3109.2897.486.3063.3290.922.2068.3019.3130.272.491.1099.3318.367.2831.1205.2328.1365.938.1027.2052.3288.3306.2869.3128.286.1516.2669.2779.2124.2881.2931.1721.2567.2354.2975.2867.2316.864.1029.415.192.2995.2130.2322.1753.236.371.2527.3053.3300.70.2821.2849.2791.2893.3009.1735.1929.2415.144.2767.2997.2805.2863.2376.3188.2927.1678.2891.2909.340.1227.2656.20.1555.3173.2056.3097.3315.122.979.2534.3155.2642.327.1732.2343.2552.3209.2658.1712.2922.803.3215.1583.1699.981.1800.2510.3066.2612.2714.2964.3127.2568.2271.2205.2373.2670.2920.494.2854.2880.3058.2898.1152.2387.1126.839.1880.1188.1415.1276.2614.2882.2684.291.2838.3095.2772.797.1882.2359.436.2681.2405.2156.2278.1440.3250.2917.1985.1825.1307.3190.2403.3292.1031.1616.3074.2447.3234.1558.1149.314.2027.3149.3000.2968.1725.3038.2488.2526.2596.2878.2986.3135.3237.3251.1810.3077.358.2400.2956.2335.2604.2472.2650.3217.2862.2950.159.2414.3307.430.2970.3002.3235.560.3075.1270.3253.117.3093.2844.1603.3119.1345.1968.2695.2535.2477.1025.2651.1598.3003.2687.3059.2493.2461.407.2583.3214.2813.904.1067.2865.2929.2973.2987.3005.2224.2901.1097.3196.3017.3126.2883.495.2370.2064.2166.1051.1095.3270.3328.2035.2643.3314.2425.2629.2981.2661.2234.3136.3240.1745.1911.3182.1053.2609.2839.1963.2961.2571.3226.3330.1859.3094.802.2645.2979.591.2358.2846.1962.3227.568.1092.1162.1226.3012.1284.161.2279.2852.1944.370.1048.1312.2816.2309.147.2860.2994.211.89.1356.2834.2103.1495.2219.1786.3028.1838.2888.3185.1268.43.239.61.1978.1525.2133.2940.149.2115.2147&gpp=DBABM~CQl5JrAQl5JrAAfFdGITCjFsAP_gAEPgAAYgLdtR9G9fbSFj8DZ3YbokYIwPxVho6sAhBgCAkmgFCLuELIwEhWEQIAyCIiACGBIAODQAIAEgGAgQQUAgIIABLADMYEAQYCBKICBAABIRIkAQCAgKAAAgUAAAgmBGAgQAiASNAZIASMwAgQAGEXAgKAAAAACQAQAIACEAQAEAAAAAQCgAgAAAgAAAAAAAABAIAAAAAAAAACAAAAAAAAAAAAAABAAAAICAACAAAAAAAAAAQiAAAAAAAACC3YAJBoVEEBZEAgQCAgBAAAEEQQAECAIAAAgIIAAAgYACQMABVhEgAAAgAAAAAAAAAAAAAACAAIAABAAACAACAQKAAAACAACAAgQAAwAUIAEAAICgAAIEAAAAAARAAAAIAAAAAQAEhAAAAAIAAQIAiAAAAAkAAAAAAAAAABAAAgAAAAAIAAAIAAAAAAAAAACBAAAAEAAAAgAAAAAAAAAAAAAAQAAAAAAAAAAAAABAAAAEAgAAAAAAAAgAAA&gpp_sid=2&redir=https%3A%2F%2Fcm.g.doubleclick.net%2Fpixel%3Fgoogle_nid%3Dspotxchange_dbm%26google_hm%3D%24SPOTX_BASE64_USER_ID:0
[   67825ms] [ERROR] Failed to load resource: net::ERR_NAME_NOT_RESOLVED @ https://sync.search.spotxchange.com/partner?adv_id=7025&gdpr=1&gdpr_consent=CQl5JrAQl5JrAAfFdGITCjFsAP_gAEPgAAYgLdtR9G9fbSFj8DZ3YbokYIwPxVho6sAhBgCAkmgFCLuELIwEhWEQIAyCIiACGBIAODQAIAEgGAgQQUAgIIABLADMYEAQYCBKICBAABIRIkAQCAgKAAAgUAAAgmBGAgQAiASNAZIASMwAgQAGEXAgKAAAAACQAQAIACEAQAEAAAAAQCgAgAAAgAAAAAAAABAIAAAAAAAAACAAAAAAAAAAAAAABAAAAICAACAAAAAAAAAAQiAAAAAAAACC3YAJBoVEEBZEAgQCAgBAAAEEQQAECAIAAAgIIAAAgYACQMABVhEgAAAgAAAAAAAAAAAAAACAAIAABAAACAACAQKAAAACAACAAgQAAwAUIAEAAICgAAIEAAAAAARAAAAIAAAAAQAEhAAAAAIAAQIAiAAAAAkAAAAAAAAAABAAAgAAAAAIAAAIAAAAAAAAAACBAAAAEAAAAgAAAAAAAAAAAAAAQAAAAAAAAAAAAABAAAAEAgAAAAAAAAgAAA.ILdtR9G9fbSFn8DZ3YbokYIwfxVho6sAhBgCAkmgFCLuELIwElWESIAyCIiACGBIAODQAIAEoGAgQQUAgIIABLBDsYEAQYCBKICBAADIRYkAQCAgKAAAgUAAAgmBGAgQAiASNAZIASMwAgQAmEXAgKIAAAACQAQAIACEAQAEAACAAQCgAgAAAgAAAAAAAABAIEAAAAQAAACAAAAAAAAAAAAAABAAAAICAACAAAAAEAAAAQiAAAAAAAAC&addtl_consent=1~2652.899.143.1186.2325.1750.259.1040.1878.2416.2768.2812.2900.2109.3016.2225.1651.55.3223.2418.3167.83.1375.2770.2884.1290.2008.2506.2930.574.1403.2633.3043.2985.3106.1584.3018.2107.2140.2531.1827.310.3324.3194.2222.2577.1135.1512.1917.1969.523.820.2621.2047.46.1548.1047.2003.2282.2605.184.3230.3236.2887.1514.385.3076.2677.3184.2517.2889.1301.322.3228.2895.3055.2801.2941.2999.2088.2074.445.1107.2336.2559.2501.3296.2220.196.266.1889.2072.2090.2186.2427.2817.429.1667.2875.2983.1449.1840.2874.1579.1716.2798.424.442.93.2830.3034.2610.1003.3225.2572.1419.2784.2918.1832.1964.2628.2698.2980.2660.2468.135.1252.1697.2584.2974.3272.1416.587.3112.3316.1143.2729.2947.1845.2453.2039.3120.1967.1570.2569.2575.3222.3260.2787.1540.2465.3210.2657.124.2965.3172.1682.2949.230.3238.3244.1843.108.2713.2963.1638.1870.2295.2484.311.2908.1782.931.3010.323.2498.2377.2850.1455.3189.1942.737.3099.1046.2253.3231.3257.3008.985.3187.2886.3052.2778.2440.2542.2792.2894.3089.2966.3293.1166.3151.2646.3145.2044.2486.2690.3073.1677.2564.2916.2331.522.3117.3070.576.2636.550.313.3109.2897.486.3063.3290.922.2068.3019.3130.272.491.1099.3318.367.2831.1205.2328.1365.938.1027.2052.3288.3306.2869.3128.286.1516.2669.2779.2124.2881.2931.1721.2567.2354.2975.2867.2316.864.1029.415.192.2995.2130.2322.1753.236.371.2527.3053.3300.70.2821.2849.2791.2893.3009.1735.1929.2415.144.2767.2997.2805.2863.2376.3188.2927.1678.2891.2909.340.1227.2656.20.1555.3173.2056.3097.3315.122.979.2534.3155.2642.327.1732.2343.2552.3209.2658.1712.2922.803.3215.1583.1699.981.1800.2510.3066.2612.2714.2964.3127.2568.2271.2205.2373.2670.2920.494.2854.2880.3058.2898.1152.2387.1126.839.1880.1188.1415.1276.2614.2882.2684.291.2838.3095.2772.797.1882.2359.436.2681.2405.2156.2278.1440.3250.2917.1985.1825.1307.3190.2403.3292.1031.1616.3074.2447.3234.1558.1149.314.2027.3149.3000.2968.1725.3038.2488.2526.2596.2878.2986.3135.3237.3251.1810.3077.358.2400.2956.2335.2604.2472.2650.3217.2862.2950.159.2414.3307.430.2970.3002.3235.560.3075.1270.3253.117.3093.2844.1603.3119.1345.1968.2695.2535.2477.1025.2651.1598.3003.2687.3059.2493.2461.407.2583.3214.2813.904.1067.2865.2929.2973.2987.3005.2224.2901.1097.3196.3017.3126.2883.495.2370.2064.2166.1051.1095.3270.3328.2035.2643.3314.2425.2629.2981.2661.2234.3136.3240.1745.1911.3182.1053.2609.2839.1963.2961.2571.3226.3330.1859.3094.802.2645.2979.591.2358.2846.1962.3227.568.1092.1162.1226.3012.1284.161.2279.2852.1944.370.1048.1312.2816.2309.147.2860.2994.211.89.1356.2834.2103.1495.2219.1786.3028.1838.2888.3185.1268.43.239.61.1978.1525.2133.2940.149.2115.2147&gpp=DBABM~CQl5JrAQl5JrAAfFdGITCjFsAP_gAEPgAAYgLdtR9G9fbSFj8DZ3YbokYIwPxVho6sAhBgCAkmgFCLuELIwEhWEQIAyCIiACGBIAODQAIAEgGAgQQUAgIIABLADMYEAQYCBKICBAABIRIkAQCAgKAAAgUAAAgmBGAgQAiASNAZIASMwAgQAGEXAgKAAAAACQAQAIACEAQAEAAAAAQCgAgAAAgAAAAAAAABAIAAAAAAAAACAAAAAAAAAAAAAABAAAAICAACAAAAAAAAAAQiAAAAAAAACC3YAJBoVEEBZEAgQCAgBAAAEEQQAECAIAAAgIIAAAgYACQMABVhEgAAAgAAAAAAAAAAAAAACAAIAABAAACAACAQKAAAACAACAAgQAAwAUIAEAAICgAAIEAAAAAARAAAAIAAAAAQAEhAAAAAIAAQIAiAAAAAkAAAAAAAAAABAAAgAAAAAIAAAIAAAAAAAAAACBAAAAEAAAAgAAAAAAAAAAAAAAQAAAAAAAAAAAAABAAAAEAgAAAAAAAAgAAA&gpp_sid=2&uid=CAESEC15bMnw4M8nzD2tlc8o1cc&google_cver=1:0
[   97096ms] [ERROR] Failed to load resource: the server responded with a status of 404 () @ https://bcp.crwdcntrl.net/gmap/?gdpr=1&gdpr_consent=CQl5JrAQl5JrAAfFdGITCjFsAP_gAEPgAAYgLdtR9G9fbSFj8DZ3YbokYIwPxVho6sAhBgCAkmgFCLuELIwEhWEQIAyCIiACGBIAODQAIAEgGAgQQUAgIIABLADMYEAQYCBKICBAABIRIkAQCAgKAAAgUAAAgmBGAgQAiASNAZIASMwAgQAGEXAgKAAAAACQAQAIACEAQAEAAAAAQCgAgAAAgAAAAAAAABAIAAAAAAAAACAAAAAAAAAAAAAABAAAAICAACAAAAAAAAAAQiAAAAAAAACC3YAJBoVEEBZEAgQCAgBAAAEEQQAECAIAAAgIIAAAgYACQMABVhEgAAAgAAAAAAAAAAAAAACAAIAABAAACAACAQKAAAACAACAAgQAAwAUIAEAAICgAAIEAAAAAARAAAAIAAAAAQAEhAAAAAIAAQIAiAAAAAkAAAAAAAAAABAAAgAAAAAIAAAIAAAAAAAAAACBAAAAEAAAAgAAAAAAAAAAAAAAQAAAAAAAAAAAAABAAAAEAgAAAAAAAAgAAA.ILdtR9G9fbSFn8DZ3YbokYIwfxVho6sAhBgCAkmgFCLuELIwElWESIAyCIiACGBIAODQAIAEoGAgQQUAgIIABLBDsYEAQYCBKICBAADIRYkAQCAgKAAAgUAAAgmBGAgQAiASNAZIASMwAgQAmEXAgKIAAAACQAQAIACEAQAEAACAAQCgAgAAAgAAAAAAAABAIEAAAAQAAACAAAAAAAAAAAAAABAAAAICAACAAAAAEAAAAQiAAAAAAAAC&addtl_consent=1~2997.2927.367.272.2869.1205.2831.3318.3063.1027.3290.2897.1365.3130.3019.1099.2068.922.491.2931.2124.1516.864.2867.2354.2975.2316.2052.1721.3288.938.1029.286.2881.3128.2328.3306.2567.3151.2646.2669.2779.2486.2044.2690.3145.2778.1166.2966.3089.3293.2440.2542.2792.2894.550.2636.313.3109.576.2564.2916.3073.486.1677.3070.522.2331.3117.323.931.1782.2908.3010.1046.1455.2377.2498.1942.2850.2295.3189.1870.2484.311.3231.3008.3257.3187.2886.3052.985.737.2253.3099.2453.2569.1845.2729.2947.2965.124.1570.1967.3120.2575.3222.2787.3260.3272.2039.3112.587.3316.1416.1843.3238.1143.2949.230.3244.108.2713.1682.2963.2465.1638.1540.3172.2657.3210.2874.1716.1579.1832.1003.93.424.3034.2798.442.1667.2830.1419.1840.1449.2660.2628.2698.2974.2980.1252.135.1697.1964.2468.2572.3225.2584.2610.2784.2918.445.2801.2941.2999.2074.3184.2088.3055.2677.3228.1301.2889.2895.322.2517.2090.1889.2186.196.266.2875.2983.2427.2072.2501.2817.2336.429.3296.1107.2559.2220.2577.46.3194.1969.2222.2621.1917.1512.523.820.1584.1047.2633.3043.310.3106.3324.2985.1827.2531.2140.3230.184.1135.2605.2282.3076.1514.3236.2887.385.1548.2047.2003.3223.2109.2225.3016.2900.2416.55.2768.1186.143.2652.2812.259.1040.2506.1878.2008.1290.2884.3018.1403.2107.574.1375.3167.83.1651.2418.2770.211.2309.1312.2930.2994.370.2816.2834.147.89.1162.2860.3012.568.2279.1356.1092.1048.2846.1962.1944.161.3227.1284.1525.2133.239.2852.899.1226.2115.2147.2940.149.43.1495.2103.2219.2325.1268.1750.1786.3185.1838.2888.3028.2643.1978.61.3270.3328.2035.3136.2661.2425.2629.3314.1051.2981.1095.802.3094.2645.3330.1859.2358.2979.591.3182.1053.1745.1911.2234.2571.3226.3240.1963.2609.2687.2839.2961.3059.2695.1345.1025.2477.1598.2535.2651.3003.1097.2224.2901.3196.3017.2064.2166.2370.2883.3126.495.2461.2813.2929.2987.1067.2493.2973.904.2583.2865.3005.3077.3214.358.1810.3135.2950.407.2335.3237.3251.2400.2604.2956.2968.159.3000.3038.3149.2526.2596.2488.2878.1270.2986.560.3075.3235.3253.117.1968.3119.2844.3093.1603.2414.2970.3217.2472.2650.2862.3002.3307.1985.430.1825.2156.1307.2278.2405.1031.2681.2917.3250.1440.1149.314.2027.2403.3190.3292.1725.1558.3234.2447.3074.1616.1188.839.1415.1880.2880.2271.2373.2387.2854.1152.1126.2898.3058.3095.2359.2772.1882.797.1276.436.2614.2838.291.2684.2882.1732.327.2343.2552.2922.3173.3315.1555.2656.3155.2534.979.3097.2642.3066.2510.1800.2612.2568.494.2670.2714.3127.2205.2920.2964.1583.2658.3209.1712.981.3215.1699.803.3300.2849.3053.1735.3009.2791.2893.415.1753.2322.192.236.371.2995.2130.2527.2821.70.2376.2056.1678.122.3188.2891.340.2909.20.144.2415.1929.2767.1227.2805.2863&gpp=DBABM~CQl5JrAQl5JrAAfFdGITCjFsAP_gAEPgAAYgLdtR9G9fbSFj8DZ3YbokYIwPxVho6sAhBgCAkmgFCLuELIwEhWEQIAyCIiACGBIAODQAIAEgGAgQQUAgIIABLADMYEAQYCBKICBAABIRIkAQCAgKAAAgUAAAgmBGAgQAiASNAZIASMwAgQAGEXAgKAAAAACQAQAIACEAQAEAAAAAQCgAgAAAgAAAAAAAABAIAAAAAAAAACAAAAAAAAAAAAAABAAAAICAACAAAAAAAAAAQiAAAAAAAACC3YAJBoVEEBZEAgQCAgBAAAEEQQAECAIAAAgIIAAAgYACQMABVhEgAAAgAAAAAAAAAAAAAACAAIAABAAACAACAQKAAAACAACAAgQAAwAUIAEAAICgAAIEAAAAAARAAAAIAAAAAQAEhAAAAAIAAQIAiAAAAAkAAAAAAAAAABAAAgAAAAAIAAAIAAAAAAAAAACBAAAAEAAAAgAAAAAAAAAAAAAAQAAAAAAAAAAAAABAAAAEAgAAAAAAAAgAAA&gpp_sid=2&google_gid=CAESEA7QmUODK2z0xyPCNmet7yg&google_cver=1:0
[  126067ms] [ERROR] Failed to load resource: net::ERR_NAME_NOT_RESOLVED @ https://tags.bluekai.com/site/2981?redir=https%3A%2F%2Fcm.g.doubleclick.net%2Fpixel%3Fgoogle_nid%3Dbluekai%26google_hm%3D%24_BK_UUID_B64&gdpr=1&gdpr_consent=CQl5JrAQl5JrAAfFdGITCjFsAP_gAEPgAAYgLdtR9G9fbSFj8DZ3YbokYIwPxVho6sAhBgCAkmgFCLuELIwEhWEQIAyCIiACGBIAODQAIAEgGAgQQUAgIIABLADMYEAQYCBKICBAABIRIkAQCAgKAAAgUAAAgmBGAgQAiASNAZIASMwAgQAGEXAgKAAAAACQAQAIACEAQAEAAAAAQCgAgAAAgAAAAAAAABAIAAAAAAAAACAAAAAAAAAAAAAABAAAAICAACAAAAAAAAAAQiAAAAAAAACC3YAJBoVEEBZEAgQCAgBAAAEEQQAECAIAAAgIIAAAgYACQMABVhEgAAAgAAAAAAAAAAAAAACAAIAABAAACAACAQKAAAACAACAAgQAAwAUIAEAAICgAAIEAAAAAARAAAAIAAAAAQAEhAAAAAIAAQIAiAAAAAkAAAAAAAAAABAAAgAAAAAIAAAIAAAAAAAAAACBAAAAEAAAAgAAAAAAAAAAAAAAQAAAAAAAAAAAAABAAAAEAgAAAAAAAAgAAA.ILdtR9G9fbSFn8DZ3YbokYIwfxVho6sAhBgCAkmgFCLuELIwElWESIAyCIiACGBIAODQAIAEoGAgQQUAgIIABLBDsYEAQYCBKICBAADIRYkAQCAgKAAAgUAAAgmBGAgQAiASNAZIASMwAgQAmEXAgKIAAAACQAQAIACEAQAEAACAAQCgAgAAAgAAAAAAAABAIEAAAAQAAACAAAAAAAAAAAAAABAAAAICAACAAAAAEAAAAQiAAAAAAAAC&addtl_consent=1~2979.591.2358.1135.3043.3330.2140.802.1859.2645.3094.2609.3226.1963.1911.2234.2571.3240.2839.1745.1053.3182.2961.3314.2425.2629.3136.2661.2981.3270.3328.2643.2035.1095.1051.149.2115.2940.2325.1750.899.239.2147.1525.1838.3028.1978.2888.61.3185.2133.1268.1495.43.147.1786.2103.2219.2860.2834.370.1356.2309.89.1312.2994.161.211.2816.1226.1284.568.1962.1944.1162.1048.1092.2279.3012.2844.2846.2852.1603.3093.1968.3119.3227.3235.3253.1270.3075.117.3307.560.430.2472.2650.2862.2414.3002.2970.3217.2400.2335.159.2604.2956.3135.3237.358.1810.3077.2488.3251.2526.3149.2596.2878.2950.2986.2968.3000.3126.2883.495.3038.2064.2370.2166.3196.1097.2224.2901.3017.2583.2865.3214.2973.407.904.2493.3005.2461.2813.1067.2929.2987.3059.2687.2535.2651.3003.1598.2477.2695.1025.1345.1882.436.797.2359.2772.3095.291.2684.2838.1276.2614.2882.1880.1415.839.1188.1152.2387.2898.2271.1126.2373.2854.2880.1725.314.2027.3058.1149.3074.1616.2447.1558.3234.3190.2403.3292.1825.1307.1031.1985.3250.2917.1440.2405.2156.2278.2681.1227.2056.2891.2909.122.3188.2376.1678.2927.2997.20.340.2415.1929.2767.144.2791.2805.1735.2863.2893.2849.3300.3009.3053.2130.2527.2821.70.2995.236.192.371.1753.415.2322.3127.494.2920.2568.2670.2205.3066.2510.1800.2612.2714.803.1699.3215.2964.2658.981.3209.1712.1583.2552.2343.2922.1732.327.3097.3155.2534.2642.1555.979.2656.3173.3315.486.3109.2636.576.313.2331.3117.522.550.1677.3073.2564.2916.3070.3145.2486.2044.2690.2966.3151.2646.2440.2542.2792.2894.3089.3293.2778.2975.1721.2354.864.2124.1029.1166.2931.1516.2316.2867.3306.3128.2881.286.2567.2669.2328.2779.2052.938.3288.1365.1027.3318.2869.2831.1205.272.2068.922.491.367.2897.3019.3130.3290.3063.1099.1638.2713.230.108.2949.1682.2963.3238.1843.3210.2657.3244.3172.2465.1540.1967.1570.3120.3222.2965.2575.3260.2787.124.2453.1845.2569.2729.1416.1143.2039.2947.3112.587.3316.3272.3187.3052.2886.985.3231.3257.3008.3099.2253.737.1455.2498.2377.2850.1942.3189.1046.1782.2908.323.3010.311.2484.931.2295.1870.2983.2427.429.1889.2072.2817.2875.266.196.2090.2186.2559.2336.2220.1107.3296.2501.2074.2801.2941.2999.445.2088.322.3228.2517.1301.2895.2677.3184.2889.3055.2468.2584.2974.1697.2628.2698.2980.135.2660.1252.2918.2610.1964.3225.2572.2784.2798.1003.442.93.1832.2830.1716.1419.2874.3034.1579.1840.424.1449.1667.1403.574.2107.3018.1290.2008.2506.2884.2930.1651.1375.2418.2770.83.3167.2225.2109.3223.2900.3016.1040.2812.55.143.1186.259.2768.1878.2887.1514.385.3076.2416.3236.2652.2282.184.3230.2605.2003.2047.1548.523.1512.1917.820.2621.3194.1047.2577.1969.2222.2531.46.310.3324.1827.2633.3106.2985.1584&gpp=DBABM~CQl5JrAQl5JrAAfFdGITCjFsAP_gAEPgAAYgLdtR9G9fbSFj8DZ3YbokYIwPxVho6sAhBgCAkmgFCLuELIwEhWEQIAyCIiACGBIAODQAIAEgGAgQQUAgIIABLADMYEAQYCBKICBAABIRIkAQCAgKAAAgUAAAgmBGAgQAiASNAZIASMwAgQAGEXAgKAAAAACQAQAIACEAQAEAAAAAQCgAgAAAgAAAAAAAABAIAAAAAAAAACAAAAAAAAAAAAAABAAAAICAACAAAAAAAAAAQiAAAAAAAACC3YAJBoVEEBZEAgQCAgBAAAEEQQAECAIAAAgIIAAAgYACQMABVhEgAAAgAAAAAAAAAAAAAACAAIAABAAACAACAQKAAAACAACAAgQAAwAUIAEAAICgAAIEAAAAAARAAAAIAAAAAQAEhAAAAAIAAQIAiAAAAAkAAAAAAAAAABAAAgAAAAAIAAAIAAAAAAAAAACBAAAAEAAAAgAAAAAAAAAAAAAAQAAAAAAAAAAAAABAAAAEAgAAAAAAAAgAAA&gpp_sid=2:0
[  126068ms] [ERROR] Failed to load resource: net::ERR_NAME_NOT_RESOLVED @ https://tags.bluekai.com/site/2981?id=&gdpr=1&gdpr_consent=CQl5JrAQl5JrAAfFdGITCjFsAP_gAEPgAAYgLdtR9G9fbSFj8DZ3YbokYIwPxVho6sAhBgCAkmgFCLuELIwEhWEQIAyCIiACGBIAODQAIAEgGAgQQUAgIIABLADMYEAQYCBKICBAABIRIkAQCAgKAAAgUAAAgmBGAgQAiASNAZIASMwAgQAGEXAgKAAAAACQAQAIACEAQAEAAAAAQCgAgAAAgAAAAAAAABAIAAAAAAAAACAAAAAAAAAAAAAABAAAAICAACAAAAAAAAAAQiAAAAAAAACC3YAJBoVEEBZEAgQCAgBAAAEEQQAECAIAAAgIIAAAgYACQMABVhEgAAAgAAAAAAAAAAAAAACAAIAABAAACAACAQKAAAACAACAAgQAAwAUIAEAAICgAAIEAAAAAARAAAAIAAAAAQAEhAAAAAIAAQIAiAAAAAkAAAAAAAAAABAAAgAAAAAIAAAIAAAAAAAAAACBAAAAEAAAAgAAAAAAAAAAAAAAQAAAAAAAAAAAAABAAAAEAgAAAAAAAAgAAA.ILdtR9G9fbSFn8DZ3YbokYIwfxVho6sAhBgCAkmgFCLuELIwElWESIAyCIiACGBIAODQAIAEoGAgQQUAgIIABLBDsYEAQYCBKICBAADIRYkAQCAgKAAAgUAAAgmBGAgQAiASNAZIASMwAgQAmEXAgKIAAAACQAQAIACEAQAEAACAAQCgAgAAAgAAAAAAAABAIEAAAAQAAACAAAAAAAAAAAAAABAAAAICAACAAAAAEAAAAQiAAAAAAAAC&addtl_consent=1~2979.591.2358.1135.3043.3330.2140.802.1859.2645.3094.2609.3226.1963.1911.2234.2571.3240.2839.1745.1053.3182.2961.3314.2425.2629.3136.2661.2981.3270.3328.2643.2035.1095.1051.149.2115.2940.2325.1750.899.239.2147.1525.1838.3028.1978.2888.61.3185.2133.1268.1495.43.147.1786.2103.2219.2860.2834.370.1356.2309.89.1312.2994.161.211.2816.1226.1284.568.1962.1944.1162.1048.1092.2279.3012.2844.2846.2852.1603.3093.1968.3119.3227.3235.3253.1270.3075.117.3307.560.430.2472.2650.2862.2414.3002.2970.3217.2400.2335.159.2604.2956.3135.3237.358.1810.3077.2488.3251.2526.3149.2596.2878.2950.2986.2968.3000.3126.2883.495.3038.2064.2370.2166.3196.1097.2224.2901.3017.2583.2865.3214.2973.407.904.2493.3005.2461.2813.1067.2929.2987.3059.2687.2535.2651.3003.1598.2477.2695.1025.1345.1882.436.797.2359.2772.3095.291.2684.2838.1276.2614.2882.1880.1415.839.1188.1152.2387.2898.2271.1126.2373.2854.2880.1725.314.2027.3058.1149.3074.1616.2447.1558.3234.3190.2403.3292.1825.1307.1031.1985.3250.2917.1440.2405.2156.2278.2681.1227.2056.2891.2909.122.3188.2376.1678.2927.2997.20.340.2415.1929.2767.144.2791.2805.1735.2863.2893.2849.3300.3009.3053.2130.2527.2821.70.2995.236.192.371.1753.415.2322.3127.494.2920.2568.2670.2205.3066.2510.1800.2612.2714.803.1699.3215.2964.2658.981.3209.1712.1583.2552.2343.2922.1732.327.3097.3155.2534.2642.1555.979.2656.3173.3315.486.3109.2636.576.313.2331.3117.522.550.1677.3073.2564.2916.3070.3145.2486.2044.2690.2966.3151.2646.2440.2542.2792.2894.3089.3293.2778.2975.1721.2354.864.2124.1029.1166.2931.1516.2316.2867.3306.3128.2881.286.2567.2669.2328.2779.2052.938.3288.1365.1027.3318.2869.2831.1205.272.2068.922.491.367.2897.3019.3130.3290.3063.1099.1638.2713.230.108.2949.1682.2963.3238.1843.3210.2657.3244.3172.2465.1540.1967.1570.3120.3222.2965.2575.3260.2787.124.2453.1845.2569.2729.1416.1143.2039.2947.3112.587.3316.3272.3187.3052.2886.985.3231.3257.3008.3099.2253.737.1455.2498.2377.2850.1942.3189.1046.1782.2908.323.3010.311.2484.931.2295.1870.2983.2427.429.1889.2072.2817.2875.266.196.2090.2186.2559.2336.2220.1107.3296.2501.2074.2801.2941.2999.445.2088.322.3228.2517.1301.2895.2677.3184.2889.3055.2468.2584.2974.1697.2628.2698.2980.135.2660.1252.2918.2610.1964.3225.2572.2784.2798.1003.442.93.1832.2830.1716.1419.2874.3034.1579.1840.424.1449.1667.1403.574.2107.3018.1290.2008.2506.2884.2930.1651.1375.2418.2770.83.3167.2225.2109.3223.2900.3016.1040.2812.55.143.1186.259.2768.1878.2887.1514.385.3076.2416.3236.2652.2282.184.3230.2605.2003.2047.1548.523.1512.1917.820.2621.3194.1047.2577.1969.2222.2531.46.310.3324.1827.2633.3106.2985.1584&gpp=DBABM~CQl5JrAQl5JrAAfFdGITCjFsAP_gAEPgAAYgLdtR9G9fbSFj8DZ3YbokYIwPxVho6sAhBgCAkmgFCLuELIwEhWEQIAyCIiACGBIAODQAIAEgGAgQQUAgIIABLADMYEAQYCBKICBAABIRIkAQCAgKAAAgUAAAgmBGAgQAiASNAZIASMwAgQAGEXAgKAAAAACQAQAIACEAQAEAAAAAQCgAgAAAgAAAAAAAABAIAAAAAAAAACAAAAAAAAAAAAAABAAAAICAACAAAAAAAAAAQiAAAAAAAACC3YAJBoVEEBZEAgQCAgBAAAEEQQAECAIAAAgIIAAAgYACQMABVhEgAAAgAAAAAAAAAAAAAACAAIAABAAACAACAQKAAAACAACAAgQAAwAUIAEAAICgAAIEAAAAAARAAAAIAAAAAQAEhAAAAAIAAQIAiAAAAAkAAAAAAAAAABAAAgAAAAAIAAAIAAAAAAAAAACBAAAAEAAAAgAAAAAAAAAAAAAAQAAAAAAAAAAAAABAAAAEAgAAAAAAAAgAAA&gpp_sid=2&google_gid=CAESEN-xPXHxCrtITAl4Wz4bhFQ&google_cver=1:0
[  155231ms] [ERROR] Failed to load resource: net::ERR_NAME_NOT_RESOLVED @ https://x.dlx.addthis.com/e/googlegdn_sync?na_exid=CAESEF8y2Qx663NJ18Sjry0g6j0&gdpr=1&gdpr_consent=CQl5JrAQl5JrAAfFdGITCjFsAP_gAEPgAAYgLdtR9G9fbSFj8DZ3YbokYIwPxVho6sAhBgCAkmgFCLuELIwEhWEQIAyCIiACGBIAODQAIAEgGAgQQUAgIIABLADMYEAQYCBKICBAABIRIkAQCAgKAAAgUAAAgmBGAgQAiASNAZIASMwAgQAGEXAgKAAAAACQAQAIACEAQAEAAAAAQCgAgAAAgAAAAAAAABAIAAAAAAAAACAAAAAAAAAAAAAABAAAAICAACAAAAAAAAAAQiAAAAAAAACC3YAJBoVEEBZEAgQCAgBAAAEEQQAECAIAAAgIIAAAgYACQMABVhEgAAAgAAAAAAAAAAAAAACAAIAABAAACAACAQKAAAACAACAAgQAAwAUIAEAAICgAAIEAAAAAARAAAAIAAAAAQAEhAAAAAIAAQIAiAAAAAkAAAAAAAAAABAAAgAAAAAIAAAIAAAAAAAAAACBAAAAEAAAAgAAAAAAAAAAAAAAQAAAAAAAAAAAAABAAAAEAgAAAAAAAAgAAA.ILdtR9G9fbSFn8DZ3YbokYIwfxVho6sAhBgCAkmgFCLuELIwElWESIAyCIiACGBIAODQAIAEoGAgQQUAgIIABLBDsYEAQYCBKICBAADIRYkAQCAgKAAAgUAAAgmBGAgQAiASNAZIASMwAgQAmEXAgKIAAAACQAQAIACEAQAEAACAAQCgAgAAAgAAAAAAAABAIEAAAAQAAACAAAAAAAAAAAAAABAAAAICAACAAAAAEAAAAQiAAAAAAAAC&addtl_consent=1~494.2271.2373.1697.70.1514.1725.143.149.314.184.1800.2133.2224.2325.2510.864.286.1029.1558.2253.2677.1097.2778.2779.938.2493.2047.89.442.1047.1027.1942.2792.820.1419.1732.1205.323.211.1312.1598.1025.46.310.491.1099.1284.1449.370.161.1092.1716.1985.1048.1584.1870.2068.436.797.20.2278.486.122.1882.2072.2295.2427.429.574.230.196.313.1682.2506.2531.1963.340.108.1540.2559.1911.2415.1276.144.1735.2614.2109.2791.2787.1415.2425.2453.2629.2088.2729.236.1143.1126.1301.1878.587.322.358.1152.2526.371.192.415.1753.259&gpp=DBABM~CQl5JrAQl5JrAAfFdGITCjFsAP_gAEPgAAYgLdtR9G9fbSFj8DZ3YbokYIwPxVho6sAhBgCAkmgFCLuELIwEhWEQIAyCIiACGBIAODQAIAEgGAgQQUAgIIABLADMYEAQYCBKICBAABIRIkAQCAgKAAAgUAAAgmBGAgQAiASNAZIASMwAgQAGEXAgKAAAAACQAQAIACEAQAEAAAAAQCgAgAAAgAAAAAAAABAIAAAAAAAAACAAAAAAAAAAAAAABAAAAICAACAAAAAAAAAAQiAAAAAAAACC3YAJBoVEEBZEAgQCAgBAAAEEQQAECAIAAAgIIAAAgYACQMABVhEgAAAgAAAAAAAAAAAAAACAAIAABAAACAACAQKAAAACAACAAgQAAwAUIAEAAICgAAIEAAAAAARAAAAIAAAAAQAEhAAAAAIAAQIAiAAAAAkAAAAAAAAAABAAAgAAAAAIAAAIAAAAAAAAAACBAAAAEAAAAgAAAAAAAAAAAAAAQAAAAAAAAAAAAABAAAAEAgAAAAAAAAgAAA&gpp_sid=2&google_cver=1:0
[  214736ms] [ERROR] Failed to load resource: net::ERR_TOO_MANY_REDIRECTS @ https://loadm.exelator.com/load/?p=204&g=001&bi=&j=0&gdpr%3D1%26gdpr_consent%3DCQl5JrAQl5JrAAfFdGITCjFsAP_gAEPgAAYgLdtR9G9fbSFj8DZ3YbokYIwPxVho6sAhBgCAkmgFCLuELIwEhWEQIAyCIiACGBIAODQAIAEgGAgQQUAgIIABLADMYEAQYCBKICBAABIRIkAQCAgKAAAgUAAAgmBGAgQAiASNAZIASMwAgQAGEXAgKAAAAACQAQAIACEAQAEAAAAAQCgAgAAAgAAAAAAAABAIAAAAAAAAACAAAAAAAAAAAAAABAAAAICAACAAAAAAAAAAQiAAAAAAAACC3YAJBoVEEBZEAgQCAgBAAAEEQQAECAIAAAgIIAAAgYACQMABVhEgAAAgAAAAAAAAAAAAAACAAIAABAAACAACAQKAAAACAACAAgQAAwAUIAEAAICgAAIEAAAAAARAAAAIAAAAAQAEhAAAAAIAAQIAiAAAAAkAAAAAAAAAABAAAgAAAAAIAAAIAAAAAAAAAACBAAAAEAAAAgAAAAAAAAAAAAAAQAAAAAAAAAAAAABAAAAEAgAAAAAAAAgAAA.ILdtR9G9fbSFn8DZ3YbokYIwfxVho6sAhBgCAkmgFCLuELIwElWESIAyCIiACGBIAODQAIAEoGAgQQUAgIIABLBDsYEAQYCBKICBAADIRYkAQCAgKAAAgUAAAgmBGAgQAiASNAZIASMwAgQAmEXAgKIAAAACQAQAIACEAQAEAACAAQCgAgAAAgAAAAAAAABAIEAAAAQAAACAAAAAAAAAAAAAABAAAAICAACAAAAAEAAAAQiAAAAAAAAC=&google_error=3:0
[   14039ms] [ERROR] Attestation check for Shared Storage on https://www.googleadservices.com failed. @ https://www.googleadservices.com/pagead/managed/js/activeview/current/reach_worklet.html:0
[   14079ms] [ERROR] Attestation check for Shared Storage on https://www.googleadservices.com failed. @ https://www.googleadservices.com/pagead/managed/js/activeview/current/reach_worklet.html:0
[   38932ms] [ERROR] Attestation check for Shared Storage on https://www.googleadservices.com failed. @ https://www.googleadservices.com/pagead/managed/js/activeview/current/reach_worklet.html:0
[   47335ms] [ERROR] Attestation check for Shared Storage on https://www.googleadservices.com failed. @ https://www.googleadservices.com/pagead/managed/js/activeview/current/reach_worklet.html:0
[   68477ms] [ERROR] Attestation check for Shared Storage on https://www.googleadservices.com failed. @ https://www.googleadservices.com/pagead/managed/js/activeview/current/reach_worklet.html:0
[   76493ms] [ERROR] Attestation check for Shared Storage on https://www.googleadservices.com failed. @ https://www.googleadservices.com/pagead/managed/js/activeview/current/reach_worklet.html:0
[   97767ms] [ERROR] Attestation check for Shared Storage on https://www.googleadservices.com failed. @ https://www.googleadservices.com/pagead/managed/js/activeview/current/reach_worklet.html:0
[  126849ms] [ERROR] Attestation check for Shared Storage on https://www.googleadservices.com failed. @ https://www.googleadservices.com/pagead/managed/js/activeview/current/reach_worklet.html:0
[  155521ms] [ERROR] Attestation check for Shared Storage on https://www.googleadservices.com failed. @ https://www.googleadservices.com/pagead/managed/js/activeview/current/reach_worklet.html:0
[  184353ms] [ERROR] Attestation check for Shared Storage on https://www.googleadservices.com failed. @ https://www.googleadservices.com/pagead/managed/js/activeview/current/reach_worklet.html:0
[  213921ms] [ERROR] Attestation check for Shared Storage on https://www.googleadservices.com failed. @ https://www.googleadservices.com/pagead/managed/js/activeview/current/reach_worklet.html:0
[  243123ms] [ERROR] Attestation check for Shared Storage on https://www.googleadservices.com failed. @ https://www.googleadservices.com/pagead/managed/js/activeview/current/reach_worklet.html:0
[  271663ms] [ERROR] Attestation check for Shared Storage on https://www.googleadservices.com failed. @ https://www.googleadservices.com/pagead/managed/js/activeview/current/reach_worklet.html:0
[  300709ms] [ERROR] Attestation check for Shared Storage on https://www.googleadservices.com failed. @ https://www.googleadservices.com/pagead/managed/js/activeview/current/reach_worklet.html:0
[  301168ms] [ERROR] Attestation check for Shared Storage on https://www.googleadservices.com failed. @ https://www.googleadservices.com/pagead/managed/js/activeview/current/reach_worklet.html:0
[  330004ms] [ERROR] Attestation check for Shared Storage on https://www.googleadservices.com failed. @ https://www.googleadservices.com/pagead/managed/js/activeview/current/reach_worklet.html:0
[  330446ms] [ERROR] Attestation check for Shared Storage on https://www.googleadservices.com failed. @ https://www.googleadservices.com/pagead/managed/js/activeview/current/reach_worklet.html:0
[  359030ms] [ERROR] Attestation check for Shared Storage on https://www.googleadservices.com failed. @ https://www.googleadservices.com/pagead/managed/js/activeview/current/reach_worklet.html:0
[   14039ms] [ERROR] Attestation check for Shared Storage on https://www.googleadservices.com failed. @ https://www.googleadservices.com/pagead/managed/js/activeview/current/reach_worklet.html:0
[   14079ms] [ERROR] Attestation check for Shared Storage on https://www.googleadservices.com failed. @ https://www.googleadservices.com/pagead/managed/js/activeview/current/reach_worklet.html:0
[   38932ms] [ERROR] Attestation check for Shared Storage on https://www.googleadservices.com failed. @ https://www.googleadservices.com/pagead/managed/js/activeview/current/reach_worklet.html:0
[   47335ms] [ERROR] Attestation check for Shared Storage on https://www.googleadservices.com failed. @ https://www.googleadservices.com/pagead/managed/js/activeview/current/reach_worklet.html:0
[   68477ms] [ERROR] Attestation check for Shared Storage on https://www.googleadservices.com failed. @ https://www.googleadservices.com/pagead/managed/js/activeview/current/reach_worklet.html:0
[   76493ms] [ERROR] Attestation check for Shared Storage on https://www.googleadservices.com failed. @ https://www.googleadservices.com/pagead/managed/js/activeview/current/reach_worklet.html:0
[   97767ms] [ERROR] Attestation check for Shared Storage on https://www.googleadservices.com failed. @ https://www.googleadservices.com/pagead/managed/js/activeview/current/reach_worklet.html:0
[  126849ms] [ERROR] Attestation check for Shared Storage on https://www.googleadservices.com failed. @ https://www.googleadservices.com/pagead/managed/js/activeview/current/reach_worklet.html:0
[  155521ms] [ERROR] Attestation check for Shared Storage on https://www.googleadservices.com failed. @ https://www.googleadservices.com/pagead/managed/js/activeview/current/reach_worklet.html:0
[  184353ms] [ERROR] Attestation check for Shared Storage on https://www.googleadservices.com failed. @ https://www.googleadservices.com/pagead/managed/js/activeview/current/reach_worklet.html:0
[  213921ms] [ERROR] Attestation check for Shared Storage on https://www.googleadservices.com failed. @ https://www.googleadservices.com/pagead/managed/js/activeview/current/reach_worklet.html:0
[  243123ms] [ERROR] Attestation check for Shared Storage on https://www.googleadservices.com failed. @ https://www.googleadservices.com/pagead/managed/js/activeview/current/reach_worklet.html:0
[  271663ms] [ERROR] Attestation check for Shared Storage on https://www.googleadservices.com failed. @ https://www.googleadservices.com/pagead/managed/js/activeview/current/reach_worklet.html:0
[  300709ms] [ERROR] Attestation check for Shared Storage on https://www.googleadservices.com failed. @ https://www.googleadservices.com/pagead/managed/js/activeview/current/reach_worklet.html:0
[  301168ms] [ERROR] Attestation check for Shared Storage on https://www.googleadservices.com failed. @ https://www.googleadservices.com/pagead/managed/js/activeview/current/reach_worklet.html:0
[  330004ms] [ERROR] Attestation check for Shared Storage on https://www.googleadservices.com failed. @ https://www.googleadservices.com/pagead/managed/js/activeview/current/reach_worklet.html:0
[  330446ms] [ERROR] Attestation check for Shared Storage on https://www.googleadservices.com failed. @ https://www.googleadservices.com/pagead/managed/js/activeview/current/reach_worklet.html:0
[  359030ms] [ERROR] Attestation check for Shared Storage on https://www.googleadservices.com failed. @ https://www.googleadservices.com/pagead/managed/js/activeview/current/reach_worklet.html:0
[  359454ms] [ERROR] Attestation check for Shared Storage on https://www.googleadservices.com failed. @ https://www.googleadservices.com/pagead/managed/js/activeview/current/reach_worklet.html:0
[  359895ms] Uncaught TypeError: Cannot read properties of undefined (reading 'version')
    at b (https://scripts.journeymv.com/tags/3.51.6/wrapper.min.js?bust=1504196159:1:289175)
    at <anonymous> (https://scripts.journeymv.com/tags/3.51.6/wrapper.min.js?bust=1504196159:1:101126)
    at <anonymous> (https://scripts.journeymv.com/tags/3.51.6/wrapper.min.js?bust=1504196159:1:100766)
[  364110ms] [WARNING] The resource https://securepubads.g.doubleclick.net/tag/js/gpt.js was preloaded using link preload but not used within a few seconds from the window's load event. Please make sure it has an appropriate `as` value and it is preloaded intentionally. @ https://expiter.com/blog/articles/:0
[  372962ms] [WARNING] The resource https://securepubads.g.doubleclick.net/tag/js/gpt.js was preloaded using link preload but not used within a few seconds from the window's load event. Please make sure it has an appropriate `as` value and it is preloaded intentionally. @ https://expiter.com/blog/articles/:0
[  382969ms] [WARNING] The resource https://securepubads.g.doubleclick.net/tag/js/gpt.js was preloaded using link preload but not used within a few seconds from the window's load event. Please make sure it has an appropriate `as` value and it is preloaded intentionally. @ https://expiter.com/blog/articles/:0
[  386815ms] [WARNING] The resource https://securepubads.g.doubleclick.net/tag/js/gpt.js was preloaded using link preload but not used within a few seconds from the window's load event. Please make sure it has an appropriate `as` value and it is preloaded intentionally. @ https://expiter.com/blog/articles/:0
[   11506ms] [ERROR] Failed to load resource: the server responded with a status of 404 () @ https://ad.sxp.smartclip.net/sync?type=host&dsp=10&dspuuid=CAESEKBPdiGONJvUgVvfvcG7Egc&gdpr=1&gdpr_consent=CQl5JrAQl5JrAAfFdGITCjFsAP_gAEPgAAYgLdtR9G9fbSFj8DZ3YbokYIwPxVho6sAhBgCAkmgFCLuELIwEhWEQIAyCIiACGBIAODQAIAEgGAgQQUAgIIABLADMYEAQYCBKICBAABIRIkAQCAgKAAAgUAAAgmBGAgQAiASNAZIASMwAgQAGEXAgKAAAAACQAQAIACEAQAEAAAAAQCgAgAAAgAAAAAAAABAIAAAAAAAAACAAAAAAAAAAAAAABAAAAICAACAAAAAAAAAAQiAAAAAAAACC3YAJBoVEEBZEAgQCAgBAAAEEQQAECAIAAAgIIAAAgYACQMABVhEgAAAgAAAAAAAAAAAAAACAAIAABAAACAACAQKAAAACAACAAgQAAwAUIAEAAICgAAIEAAAAAARAAAAIAAAAAQAEhAAAAAIAAQIAiAAAAAkAAAAAAAAAABAAAgAAAAAIAAAIAAAAAAAAAACBAAAAEAAAAgAAAAAAAAAAAAAAQAAAAAAAAAAAAABAAAAEAgAAAAAAAAgAAA.ILdtR9G9fbSFn8DZ3YbokYIwfxVho6sAhBgCAkmgFCLuELIwElWESIAyCIiACGBIAODQAIAEoGAgQQUAgIIABLBDsYEAQYCBKICBAADIRYkAQCAgKAAAgUAAAgmBGAgQAiASNAZIASMwAgQAmEXAgKIAAAACQAQAIACEAQAEAACAAQCgAgAAAgAAAAAAAABAIEAAAAQAAACAAAAAAAAAAAAAABAAAAICAACAAAAAEAAAAQiAAAAAAAAC&addtl_consent=1~2997.367.2415.2767.2927.144.1929.1227.2805.2863.2891.122.3188.2376.1678.2909.2056.20.2130.2821.70.2527.340.371.2995.236.415.192.2322.1753.3009.1735.2791.3053.3300.2849.2893.803.1699.3215.3209.2658.981.1712.1583.3127.494.2568.2670.2920.2205.3066.2510.1800.2612.2714.2964.3097.2534.979.2642.3155.1555.3173.3315.2656.2552.2343.2922.1732.327.291.2684.2838.1276.2614.2882.1882.436.2359.2772.3095.797.1152.2387.2271.2373.2854.2880.2898.1126.1415.1880.3058.839.1188.3074.1616.2447.1558.3234.3190.2403.3292.1725.2027.314.1149.3250.1440.2917.2405.2156.2278.2681.1825.1307.1031.3307.1985.430.2472.2414.3217.2650.2844.2862.2970.3002.1603.3093.1968.3119.3235.3253.1270.3075.117.2488.2986.560.2526.2596.2878.3000.3149.2968.3038.2400.2335.159.2604.2956.3135.3237.358.1810.3077.3251.3214.2583.2865.3005.2950.407.904.2493.2973.2461.2813.1067.2929.495.2883.2987.3126.2064.2166.2370.3196.1097.2224.2535.2651.2901.3003.3017.1025.1598.2477.1345.2695.3059.2687.2609.2839.3226.1963.1911.2234.2571.3240.3182.1745.1053.2961.2358.591.2979.3330.802.2645.3094.1859.1051.1095.3314.2425.2629.3136.2661.2981.3270.2643.3328.2035.1838.1978.2888.3028.3185.61.1268.2219.1495.149.1786.43.2325.2940.1750.899.2103.239.2115.1525.2133.161.1226.1284.2147.2852.1048.568.1962.1092.1162.3227.1944.3012.2279.147.2834.2846.2860.1356.2309.2816.89.2994.1312.370.2930.211.1651.1375.2418.3167.83.1403.574.2107.2770.3018.1290.2506.2884.2008.2812.1040.143.259.2416.1878.2652.2768.3016.1186.2225.3223.2109.2900.2003.55.1548.2047.1514.2887.385.3076.3236.2282.184.3230.2605.2531.310.3324.2633.1135.1584.1827.2985.2140.523.3043.3106.1512.820.1917.2621.1047.3194.1969.2222.2577.46.2559.2336.2220.1107.3296.2501.2072.2427.429.1889.2817.2875.2983.266.196.2090.2186.1301.322.3228.2517.2677.3184.2889.2895.2074.3055.2801.2941.2999.2918.2088.2610.445.1964.3225.2572.2468.2584.2784.2974.1697.1252.2628.2698.135.2660.2980.1449.1840.1667.2798.1003.442.93.2830.3034.1419.1579.2874.1716.3210.2657.1832.3172.424.2465.1540.1638.230.108.2713.2949.2963.1682.1843.3238.3244.2039.3112.1416.3316.587.3272.1570.1143.3120.2965.1967.2575.3222.2787.3260.124.2453.1845.2569.2729.2947.3099.2253.737.3187.3052.2886.985.3231.3257.3008.2484.311.1870.2295.1455.1046.2377.2498.2850.1942.3189.1782.2908.323.3010.2331.3117.522.931.1677.2564.2916.3070.3073.3109.486.2636.576.313.550.2440.2542.2792.2894.3089.3293.2778.3145.2486.1166.2044.2690.2966.3151.2646.3306.3128.286.2567.2669.2779.2328.2881.3288.938.2975.2354.2052.1721.864.2316.2867.1029.2124.2931.1516.2068.922.3019.3130.2897.1099.491.3063.1365.1027.3290.3318.2831.2869.272.1205&gpp=DBABM~CQl5JrAQl5JrAAfFdGITCjFsAP_gAEPgAAYgLdtR9G9fbSFj8DZ3YbokYIwPxVho6sAhBgCAkmgFCLuELIwEhWEQIAyCIiACGBIAODQAIAEgGAgQQUAgIIABLADMYEAQYCBKICBAABIRIkAQCAgKAAAgUAAAgmBGAgQAiASNAZIASMwAgQAGEXAgKAAAAACQAQAIACEAQAEAAAAAQCgAgAAAgAAAAAAAABAIAAAAAAAAACAAAAAAAAAAAAAABAAAAICAACAAAAAAAAAAQiAAAAAAAACC3YAJBoVEEBZEAgQCAgBAAAEEQQAECAIAAAgIIAAAgYACQMABVhEgAAAgAAAAAAAAAAAAAACAAIAABAAACAACAQKAAAACAACAAgQAAwAUIAEAAICgAAIEAAAAAARAAAAIAAAAAQAEhAAAAAIAAQIAiAAAAAkAAAAAAAAAABAAAgAAAAAIAAAIAAAAAAAAAACBAAAAEAAAAgAAAAAAAAAAAAAAQAAAAAAAAAAAAABAAAAEAgAAAAAAAAgAAA&gpp_sid=2&google_cver=1:0
[   67824ms] [ERROR] Failed to load resource: net::ERR_NAME_NOT_RESOLVED @ https://sync.search.spotxchange.com/partner?adv_id=7025&gdpr=1&gdpr_consent=CQl5JrAQl5JrAAfFdGITCjFsAP_gAEPgAAYgLdtR9G9fbSFj8DZ3YbokYIwPxVho6sAhBgCAkmgFCLuELIwEhWEQIAyCIiACGBIAODQAIAEgGAgQQUAgIIABLADMYEAQYCBKICBAABIRIkAQCAgKAAAgUAAAgmBGAgQAiASNAZIASMwAgQAGEXAgKAAAAACQAQAIACEAQAEAAAAAQCgAgAAAgAAAAAAAABAIAAAAAAAAACAAAAAAAAAAAAAABAAAAICAACAAAAAAAAAAQiAAAAAAAACC3YAJBoVEEBZEAgQCAgBAAAEEQQAECAIAAAgIIAAAgYACQMABVhEgAAAgAAAAAAAAAAAAAACAAIAABAAACAACAQKAAAACAACAAgQAAwAUIAEAAICgAAIEAAAAAARAAAAIAAAAAQAEhAAAAAIAAQIAiAAAAAkAAAAAAAAAABAAAgAAAAAIAAAIAAAAAAAAAACBAAAAEAAAAgAAAAAAAAAAAAAAQAAAAAAAAAAAAABAAAAEAgAAAAAAAAgAAA.ILdtR9G9fbSFn8DZ3YbokYIwfxVho6sAhBgCAkmgFCLuELIwElWESIAyCIiACGBIAODQAIAEoGAgQQUAgIIABLBDsYEAQYCBKICBAADIRYkAQCAgKAAAgUAAAgmBGAgQAiASNAZIASMwAgQAmEXAgKIAAAACQAQAIACEAQAEAACAAQCgAgAAAgAAAAAAAABAIEAAAAQAAACAAAAAAAAAAAAAABAAAAICAACAAAAAEAAAAQiAAAAAAAAC&addtl_consent=1~2652.899.143.1186.2325.1750.259.1040.1878.2416.2768.2812.2900.2109.3016.2225.1651.55.3223.2418.3167.83.1375.2770.2884.1290.2008.2506.2930.574.1403.2633.3043.2985.3106.1584.3018.2107.2140.2531.1827.310.3324.3194.2222.2577.1135.1512.1917.1969.523.820.2621.2047.46.1548.1047.2003.2282.2605.184.3230.3236.2887.1514.385.3076.2677.3184.2517.2889.1301.322.3228.2895.3055.2801.2941.2999.2088.2074.445.1107.2336.2559.2501.3296.2220.196.266.1889.2072.2090.2186.2427.2817.429.1667.2875.2983.1449.1840.2874.1579.1716.2798.424.442.93.2830.3034.2610.1003.3225.2572.1419.2784.2918.1832.1964.2628.2698.2980.2660.2468.135.1252.1697.2584.2974.3272.1416.587.3112.3316.1143.2729.2947.1845.2453.2039.3120.1967.1570.2569.2575.3222.3260.2787.1540.2465.3210.2657.124.2965.3172.1682.2949.230.3238.3244.1843.108.2713.2963.1638.1870.2295.2484.311.2908.1782.931.3010.323.2498.2377.2850.1455.3189.1942.737.3099.1046.2253.3231.3257.3008.985.3187.2886.3052.2778.2440.2542.2792.2894.3089.2966.3293.1166.3151.2646.3145.2044.2486.2690.3073.1677.2564.2916.2331.522.3117.3070.576.2636.550.313.3109.2897.486.3063.3290.922.2068.3019.3130.272.491.1099.3318.367.2831.1205.2328.1365.938.1027.2052.3288.3306.2869.3128.286.1516.2669.2779.2124.2881.2931.1721.2567.2354.2975.2867.2316.864.1029.415.192.2995.2130.2322.1753.236.371.2527.3053.3300.70.2821.2849.2791.2893.3009.1735.1929.2415.144.2767.2997.2805.2863.2376.3188.2927.1678.2891.2909.340.1227.2656.20.1555.3173.2056.3097.3315.122.979.2534.3155.2642.327.1732.2343.2552.3209.2658.1712.2922.803.3215.1583.1699.981.1800.2510.3066.2612.2714.2964.3127.2568.2271.2205.2373.2670.2920.494.2854.2880.3058.2898.1152.2387.1126.839.1880.1188.1415.1276.2614.2882.2684.291.2838.3095.2772.797.1882.2359.436.2681.2405.2156.2278.1440.3250.2917.1985.1825.1307.3190.2403.3292.1031.1616.3074.2447.3234.1558.1149.314.2027.3149.3000.2968.1725.3038.2488.2526.2596.2878.2986.3135.3237.3251.1810.3077.358.2400.2956.2335.2604.2472.2650.3217.2862.2950.159.2414.3307.430.2970.3002.3235.560.3075.1270.3253.117.3093.2844.1603.3119.1345.1968.2695.2535.2477.1025.2651.1598.3003.2687.3059.2493.2461.407.2583.3214.2813.904.1067.2865.2929.2973.2987.3005.2224.2901.1097.3196.3017.3126.2883.495.2370.2064.2166.1051.1095.3270.3328.2035.2643.3314.2425.2629.2981.2661.2234.3136.3240.1745.1911.3182.1053.2609.2839.1963.2961.2571.3226.3330.1859.3094.802.2645.2979.591.2358.2846.1962.3227.568.1092.1162.1226.3012.1284.161.2279.2852.1944.370.1048.1312.2816.2309.147.2860.2994.211.89.1356.2834.2103.1495.2219.1786.3028.1838.2888.3185.1268.43.239.61.1978.1525.2133.2940.149.2115.2147&gpp=DBABM~CQl5JrAQl5JrAAfFdGITCjFsAP_gAEPgAAYgLdtR9G9fbSFj8DZ3YbokYIwPxVho6sAhBgCAkmgFCLuELIwEhWEQIAyCIiACGBIAODQAIAEgGAgQQUAgIIABLADMYEAQYCBKICBAABIRIkAQCAgKAAAgUAAAgmBGAgQAiASNAZIASMwAgQAGEXAgKAAAAACQAQAIACEAQAEAAAAAQCgAgAAAgAAAAAAAABAIAAAAAAAAACAAAAAAAAAAAAAABAAAAICAACAAAAAAAAAAQiAAAAAAAACC3YAJBoVEEBZEAgQCAgBAAAEEQQAECAIAAAgIIAAAgYACQMABVhEgAAAgAAAAAAAAAAAAAACAAIAABAAACAACAQKAAAACAACAAgQAAwAUIAEAAICgAAIEAAAAAARAAAAIAAAAAQAEhAAAAAIAAQIAiAAAAAkAAAAAAAAAABAAAgAAAAAIAAAIAAAAAAAAAACBAAAAEAAAAgAAAAAAAAAAAAAAQAAAAAAAAAAAAABAAAAEAgAAAAAAAAgAAA&gpp_sid=2&redir=https%3A%2F%2Fcm.g.doubleclick.net%2Fpixel%3Fgoogle_nid%3Dspotxchange_dbm%26google_hm%3D%24SPOTX_BASE64_USER_ID:0
[   67825ms] [ERROR] Failed to load resource: net::ERR_NAME_NOT_RESOLVED @ https://sync.search.spotxchange.com/partner?adv_id=7025&gdpr=1&gdpr_consent=CQl5JrAQl5JrAAfFdGITCjFsAP_gAEPgAAYgLdtR9G9fbSFj8DZ3YbokYIwPxVho6sAhBgCAkmgFCLuELIwEhWEQIAyCIiACGBIAODQAIAEgGAgQQUAgIIABLADMYEAQYCBKICBAABIRIkAQCAgKAAAgUAAAgmBGAgQAiASNAZIASMwAgQAGEXAgKAAAAACQAQAIACEAQAEAAAAAQCgAgAAAgAAAAAAAABAIAAAAAAAAACAAAAAAAAAAAAAABAAAAICAACAAAAAAAAAAQiAAAAAAAACC3YAJBoVEEBZEAgQCAgBAAAEEQQAECAIAAAgIIAAAgYACQMABVhEgAAAgAAAAAAAAAAAAAACAAIAABAAACAACAQKAAAACAACAAgQAAwAUIAEAAICgAAIEAAAAAARAAAAIAAAAAQAEhAAAAAIAAQIAiAAAAAkAAAAAAAAAABAAAgAAAAAIAAAIAAAAAAAAAACBAAAAEAAAAgAAAAAAAAAAAAAAQAAAAAAAAAAAAABAAAAEAgAAAAAAAAgAAA.ILdtR9G9fbSFn8DZ3YbokYIwfxVho6sAhBgCAkmgFCLuELIwElWESIAyCIiACGBIAODQAIAEoGAgQQUAgIIABLBDsYEAQYCBKICBAADIRYkAQCAgKAAAgUAAAgmBGAgQAiASNAZIASMwAgQAmEXAgKIAAAACQAQAIACEAQAEAACAAQCgAgAAAgAAAAAAAABAIEAAAAQAAACAAAAAAAAAAAAAABAAAAICAACAAAAAEAAAAQiAAAAAAAAC&addtl_consent=1~2652.899.143.1186.2325.1750.259.1040.1878.2416.2768.2812.2900.2109.3016.2225.1651.55.3223.2418.3167.83.1375.2770.2884.1290.2008.2506.2930.574.1403.2633.3043.2985.3106.1584.3018.2107.2140.2531.1827.310.3324.3194.2222.2577.1135.1512.1917.1969.523.820.2621.2047.46.1548.1047.2003.2282.2605.184.3230.3236.2887.1514.385.3076.2677.3184.2517.2889.1301.322.3228.2895.3055.2801.2941.2999.2088.2074.445.1107.2336.2559.2501.3296.2220.196.266.1889.2072.2090.2186.2427.2817.429.1667.2875.2983.1449.1840.2874.1579.1716.2798.424.442.93.2830.3034.2610.1003.3225.2572.1419.2784.2918.1832.1964.2628.2698.2980.2660.2468.135.1252.1697.2584.2974.3272.1416.587.3112.3316.1143.2729.2947.1845.2453.2039.3120.1967.1570.2569.2575.3222.3260.2787.1540.2465.3210.2657.124.2965.3172.1682.2949.230.3238.3244.1843.108.2713.2963.1638.1870.2295.2484.311.2908.1782.931.3010.323.2498.2377.2850.1455.3189.1942.737.3099.1046.2253.3231.3257.3008.985.3187.2886.3052.2778.2440.2542.2792.2894.3089.2966.3293.1166.3151.2646.3145.2044.2486.2690.3073.1677.2564.2916.2331.522.3117.3070.576.2636.550.313.3109.2897.486.3063.3290.922.2068.3019.3130.272.491.1099.3318.367.2831.1205.2328.1365.938.1027.2052.3288.3306.2869.3128.286.1516.2669.2779.2124.2881.2931.1721.2567.2354.2975.2867.2316.864.1029.415.192.2995.2130.2322.1753.236.371.2527.3053.3300.70.2821.2849.2791.2893.3009.1735.1929.2415.144.2767.2997.2805.2863.2376.3188.2927.1678.2891.2909.340.1227.2656.20.1555.3173.2056.3097.3315.122.979.2534.3155.2642.327.1732.2343.2552.3209.2658.1712.2922.803.3215.1583.1699.981.1800.2510.3066.2612.2714.2964.3127.2568.2271.2205.2373.2670.2920.494.2854.2880.3058.2898.1152.2387.1126.839.1880.1188.1415.1276.2614.2882.2684.291.2838.3095.2772.797.1882.2359.436.2681.2405.2156.2278.1440.3250.2917.1985.1825.1307.3190.2403.3292.1031.1616.3074.2447.3234.1558.1149.314.2027.3149.3000.2968.1725.3038.2488.2526.2596.2878.2986.3135.3237.3251.1810.3077.358.2400.2956.2335.2604.2472.2650.3217.2862.2950.159.2414.3307.430.2970.3002.3235.560.3075.1270.3253.117.3093.2844.1603.3119.1345.1968.2695.2535.2477.1025.2651.1598.3003.2687.3059.2493.2461.407.2583.3214.2813.904.1067.2865.2929.2973.2987.3005.2224.2901.1097.3196.3017.3126.2883.495.2370.2064.2166.1051.1095.3270.3328.2035.2643.3314.2425.2629.2981.2661.2234.3136.3240.1745.1911.3182.1053.2609.2839.1963.2961.2571.3226.3330.1859.3094.802.2645.2979.591.2358.2846.1962.3227.568.1092.1162.1226.3012.1284.161.2279.2852.1944.370.1048.1312.2816.2309.147.2860.2994.211.89.1356.2834.2103.1495.2219.1786.3028.1838.2888.3185.1268.43.239.61.1978.1525.2133.2940.149.2115.2147&gpp=DBABM~CQl5JrAQl5JrAAfFdGITCjFsAP_gAEPgAAYgLdtR9G9fbSFj8DZ3YbokYIwPxVho6sAhBgCAkmgFCLuELIwEhWEQIAyCIiACGBIAODQAIAEgGAgQQUAgIIABLADMYEAQYCBKICBAABIRIkAQCAgKAAAgUAAAgmBGAgQAiASNAZIASMwAgQAGEXAgKAAAAACQAQAIACEAQAEAAAAAQCgAgAAAgAAAAAAAABAIAAAAAAAAACAAAAAAAAAAAAAABAAAAICAACAAAAAAAAAAQiAAAAAAAACC3YAJBoVEEBZEAgQCAgBAAAEEQQAECAIAAAgIIAAAgYACQMABVhEgAAAgAAAAAAAAAAAAAACAAIAABAAACAACAQKAAAACAACAAgQAAwAUIAEAAICgAAIEAAAAAARAAAAIAAAAAQAEhAAAAAIAAQIAiAAAAAkAAAAAAAAAABAAAgAAAAAIAAAIAAAAAAAAAACBAAAAEAAAAgAAAAAAAAAAAAAAQAAAAAAAAAAAAABAAAAEAgAAAAAAAAgAAA&gpp_sid=2&uid=CAESEC15bMnw4M8nzD2tlc8o1cc&google_cver=1:0
[   97096ms] [ERROR] Failed to load resource: the server responded with a status of 404 () @ https://bcp.crwdcntrl.net/gmap/?gdpr=1&gdpr_consent=CQl5JrAQl5JrAAfFdGITCjFsAP_gAEPgAAYgLdtR9G9fbSFj8DZ3YbokYIwPxVho6sAhBgCAkmgFCLuELIwEhWEQIAyCIiACGBIAODQAIAEgGAgQQUAgIIABLADMYEAQYCBKICBAABIRIkAQCAgKAAAgUAAAgmBGAgQAiASNAZIASMwAgQAGEXAgKAAAAACQAQAIACEAQAEAAAAAQCgAgAAAgAAAAAAAABAIAAAAAAAAACAAAAAAAAAAAAAABAAAAICAACAAAAAAAAAAQiAAAAAAAACC3YAJBoVEEBZEAgQCAgBAAAEEQQAECAIAAAgIIAAAgYACQMABVhEgAAAgAAAAAAAAAAAAAACAAIAABAAACAACAQKAAAACAACAAgQAAwAUIAEAAICgAAIEAAAAAARAAAAIAAAAAQAEhAAAAAIAAQIAiAAAAAkAAAAAAAAAABAAAgAAAAAIAAAIAAAAAAAAAACBAAAAEAAAAgAAAAAAAAAAAAAAQAAAAAAAAAAAAABAAAAEAgAAAAAAAAgAAA.ILdtR9G9fbSFn8DZ3YbokYIwfxVho6sAhBgCAkmgFCLuELIwElWESIAyCIiACGBIAODQAIAEoGAgQQUAgIIABLBDsYEAQYCBKICBAADIRYkAQCAgKAAAgUAAAgmBGAgQAiASNAZIASMwAgQAmEXAgKIAAAACQAQAIACEAQAEAACAAQCgAgAAAgAAAAAAAABAIEAAAAQAAACAAAAAAAAAAAAAABAAAAICAACAAAAAEAAAAQiAAAAAAAAC&addtl_consent=1~2997.2927.367.272.2869.1205.2831.3318.3063.1027.3290.2897.1365.3130.3019.1099.2068.922.491.2931.2124.1516.864.2867.2354.2975.2316.2052.1721.3288.938.1029.286.2881.3128.2328.3306.2567.3151.2646.2669.2779.2486.2044.2690.3145.2778.1166.2966.3089.3293.2440.2542.2792.2894.550.2636.313.3109.576.2564.2916.3073.486.1677.3070.522.2331.3117.323.931.1782.2908.3010.1046.1455.2377.2498.1942.2850.2295.3189.1870.2484.311.3231.3008.3257.3187.2886.3052.985.737.2253.3099.2453.2569.1845.2729.2947.2965.124.1570.1967.3120.2575.3222.2787.3260.3272.2039.3112.587.3316.1416.1843.3238.1143.2949.230.3244.108.2713.1682.2963.2465.1638.1540.3172.2657.3210.2874.1716.1579.1832.1003.93.424.3034.2798.442.1667.2830.1419.1840.1449.2660.2628.2698.2974.2980.1252.135.1697.1964.2468.2572.3225.2584.2610.2784.2918.445.2801.2941.2999.2074.3184.2088.3055.2677.3228.1301.2889.2895.322.2517.2090.1889.2186.196.266.2875.2983.2427.2072.2501.2817.2336.429.3296.1107.2559.2220.2577.46.3194.1969.2222.2621.1917.1512.523.820.1584.1047.2633.3043.310.3106.3324.2985.1827.2531.2140.3230.184.1135.2605.2282.3076.1514.3236.2887.385.1548.2047.2003.3223.2109.2225.3016.2900.2416.55.2768.1186.143.2652.2812.259.1040.2506.1878.2008.1290.2884.3018.1403.2107.574.1375.3167.83.1651.2418.2770.211.2309.1312.2930.2994.370.2816.2834.147.89.1162.2860.3012.568.2279.1356.1092.1048.2846.1962.1944.161.3227.1284.1525.2133.239.2852.899.1226.2115.2147.2940.149.43.1495.2103.2219.2325.1268.1750.1786.3185.1838.2888.3028.2643.1978.61.3270.3328.2035.3136.2661.2425.2629.3314.1051.2981.1095.802.3094.2645.3330.1859.2358.2979.591.3182.1053.1745.1911.2234.2571.3226.3240.1963.2609.2687.2839.2961.3059.2695.1345.1025.2477.1598.2535.2651.3003.1097.2224.2901.3196.3017.2064.2166.2370.2883.3126.495.2461.2813.2929.2987.1067.2493.2973.904.2583.2865.3005.3077.3214.358.1810.3135.2950.407.2335.3237.3251.2400.2604.2956.2968.159.3000.3038.3149.2526.2596.2488.2878.1270.2986.560.3075.3235.3253.117.1968.3119.2844.3093.1603.2414.2970.3217.2472.2650.2862.3002.3307.1985.430.1825.2156.1307.2278.2405.1031.2681.2917.3250.1440.1149.314.2027.2403.3190.3292.1725.1558.3234.2447.3074.1616.1188.839.1415.1880.2880.2271.2373.2387.2854.1152.1126.2898.3058.3095.2359.2772.1882.797.1276.436.2614.2838.291.2684.2882.1732.327.2343.2552.2922.3173.3315.1555.2656.3155.2534.979.3097.2642.3066.2510.1800.2612.2568.494.2670.2714.3127.2205.2920.2964.1583.2658.3209.1712.981.3215.1699.803.3300.2849.3053.1735.3009.2791.2893.415.1753.2322.192.236.371.2995.2130.2527.2821.70.2376.2056.1678.122.3188.2891.340.2909.20.144.2415.1929.2767.1227.2805.2863&gpp=DBABM~CQl5JrAQl5JrAAfFdGITCjFsAP_gAEPgAAYgLdtR9G9fbSFj8DZ3YbokYIwPxVho6sAhBgCAkmgFCLuELIwEhWEQIAyCIiACGBIAODQAIAEgGAgQQUAgIIABLADMYEAQYCBKICBAABIRIkAQCAgKAAAgUAAAgmBGAgQAiASNAZIASMwAgQAGEXAgKAAAAACQAQAIACEAQAEAAAAAQCgAgAAAgAAAAAAAABAIAAAAAAAAACAAAAAAAAAAAAAABAAAAICAACAAAAAAAAAAQiAAAAAAAACC3YAJBoVEEBZEAgQCAgBAAAEEQQAECAIAAAgIIAAAgYACQMABVhEgAAAgAAAAAAAAAAAAAACAAIAABAAACAACAQKAAAACAACAAgQAAwAUIAEAAICgAAIEAAAAAARAAAAIAAAAAQAEhAAAAAIAAQIAiAAAAAkAAAAAAAAAABAAAgAAAAAIAAAIAAAAAAAAAACBAAAAEAAAAgAAAAAAAAAAAAAAQAAAAAAAAAAAAABAAAAEAgAAAAAAAAgAAA&gpp_sid=2&google_gid=CAESEA7QmUODK2z0xyPCNmet7yg&google_cver=1:0
[  126067ms] [ERROR] Failed to load resource: net::ERR_NAME_NOT_RESOLVED @ https://tags.bluekai.com/site/2981?redir=https%3A%2F%2Fcm.g.doubleclick.net%2Fpixel%3Fgoogle_nid%3Dbluekai%26google_hm%3D%24_BK_UUID_B64&gdpr=1&gdpr_consent=CQl5JrAQl5JrAAfFdGITCjFsAP_gAEPgAAYgLdtR9G9fbSFj8DZ3YbokYIwPxVho6sAhBgCAkmgFCLuELIwEhWEQIAyCIiACGBIAODQAIAEgGAgQQUAgIIABLADMYEAQYCBKICBAABIRIkAQCAgKAAAgUAAAgmBGAgQAiASNAZIASMwAgQAGEXAgKAAAAACQAQAIACEAQAEAAAAAQCgAgAAAgAAAAAAAABAIAAAAAAAAACAAAAAAAAAAAAAABAAAAICAACAAAAAAAAAAQiAAAAAAAACC3YAJBoVEEBZEAgQCAgBAAAEEQQAECAIAAAgIIAAAgYACQMABVhEgAAAgAAAAAAAAAAAAAACAAIAABAAACAACAQKAAAACAACAAgQAAwAUIAEAAICgAAIEAAAAAARAAAAIAAAAAQAEhAAAAAIAAQIAiAAAAAkAAAAAAAAAABAAAgAAAAAIAAAIAAAAAAAAAACBAAAAEAAAAgAAAAAAAAAAAAAAQAAAAAAAAAAAAABAAAAEAgAAAAAAAAgAAA.ILdtR9G9fbSFn8DZ3YbokYIwfxVho6sAhBgCAkmgFCLuELIwElWESIAyCIiACGBIAODQAIAEoGAgQQUAgIIABLBDsYEAQYCBKICBAADIRYkAQCAgKAAAgUAAAgmBGAgQAiASNAZIASMwAgQAmEXAgKIAAAACQAQAIACEAQAEAACAAQCgAgAAAgAAAAAAAABAIEAAAAQAAACAAAAAAAAAAAAAABAAAAICAACAAAAAEAAAAQiAAAAAAAAC&addtl_consent=1~2979.591.2358.1135.3043.3330.2140.802.1859.2645.3094.2609.3226.1963.1911.2234.2571.3240.2839.1745.1053.3182.2961.3314.2425.2629.3136.2661.2981.3270.3328.2643.2035.1095.1051.149.2115.2940.2325.1750.899.239.2147.1525.1838.3028.1978.2888.61.3185.2133.1268.1495.43.147.1786.2103.2219.2860.2834.370.1356.2309.89.1312.2994.161.211.2816.1226.1284.568.1962.1944.1162.1048.1092.2279.3012.2844.2846.2852.1603.3093.1968.3119.3227.3235.3253.1270.3075.117.3307.560.430.2472.2650.2862.2414.3002.2970.3217.2400.2335.159.2604.2956.3135.3237.358.1810.3077.2488.3251.2526.3149.2596.2878.2950.2986.2968.3000.3126.2883.495.3038.2064.2370.2166.3196.1097.2224.2901.3017.2583.2865.3214.2973.407.904.2493.3005.2461.2813.1067.2929.2987.3059.2687.2535.2651.3003.1598.2477.2695.1025.1345.1882.436.797.2359.2772.3095.291.2684.2838.1276.2614.2882.1880.1415.839.1188.1152.2387.2898.2271.1126.2373.2854.2880.1725.314.2027.3058.1149.3074.1616.2447.1558.3234.3190.2403.3292.1825.1307.1031.1985.3250.2917.1440.2405.2156.2278.2681.1227.2056.2891.2909.122.3188.2376.1678.2927.2997.20.340.2415.1929.2767.144.2791.2805.1735.2863.2893.2849.3300.3009.3053.2130.2527.2821.70.2995.236.192.371.1753.415.2322.3127.494.2920.2568.2670.2205.3066.2510.1800.2612.2714.803.1699.3215.2964.2658.981.3209.1712.1583.2552.2343.2922.1732.327.3097.3155.2534.2642.1555.979.2656.3173.3315.486.3109.2636.576.313.2331.3117.522.550.1677.3073.2564.2916.3070.3145.2486.2044.2690.2966.3151.2646.2440.2542.2792.2894.3089.3293.2778.2975.1721.2354.864.2124.1029.1166.2931.1516.2316.2867.3306.3128.2881.286.2567.2669.2328.2779.2052.938.3288.1365.1027.3318.2869.2831.1205.272.2068.922.491.367.2897.3019.3130.3290.3063.1099.1638.2713.230.108.2949.1682.2963.3238.1843.3210.2657.3244.3172.2465.1540.1967.1570.3120.3222.2965.2575.3260.2787.124.2453.1845.2569.2729.1416.1143.2039.2947.3112.587.3316.3272.3187.3052.2886.985.3231.3257.3008.3099.2253.737.1455.2498.2377.2850.1942.3189.1046.1782.2908.323.3010.311.2484.931.2295.1870.2983.2427.429.1889.2072.2817.2875.266.196.2090.2186.2559.2336.2220.1107.3296.2501.2074.2801.2941.2999.445.2088.322.3228.2517.1301.2895.2677.3184.2889.3055.2468.2584.2974.1697.2628.2698.2980.135.2660.1252.2918.2610.1964.3225.2572.2784.2798.1003.442.93.1832.2830.1716.1419.2874.3034.1579.1840.424.1449.1667.1403.574.2107.3018.1290.2008.2506.2884.2930.1651.1375.2418.2770.83.3167.2225.2109.3223.2900.3016.1040.2812.55.143.1186.259.2768.1878.2887.1514.385.3076.2416.3236.2652.2282.184.3230.2605.2003.2047.1548.523.1512.1917.820.2621.3194.1047.2577.1969.2222.2531.46.310.3324.1827.2633.3106.2985.1584&gpp=DBABM~CQl5JrAQl5JrAAfFdGITCjFsAP_gAEPgAAYgLdtR9G9fbSFj8DZ3YbokYIwPxVho6sAhBgCAkmgFCLuELIwEhWEQIAyCIiACGBIAODQAIAEgGAgQQUAgIIABLADMYEAQYCBKICBAABIRIkAQCAgKAAAgUAAAgmBGAgQAiASNAZIASMwAgQAGEXAgKAAAAACQAQAIACEAQAEAAAAAQCgAgAAAgAAAAAAAABAIAAAAAAAAACAAAAAAAAAAAAAABAAAAICAACAAAAAAAAAAQiAAAAAAAACC3YAJBoVEEBZEAgQCAgBAAAEEQQAECAIAAAgIIAAAgYACQMABVhEgAAAgAAAAAAAAAAAAAACAAIAABAAACAACAQKAAAACAACAAgQAAwAUIAEAAICgAAIEAAAAAARAAAAIAAAAAQAEhAAAAAIAAQIAiAAAAAkAAAAAAAAAABAAAgAAAAAIAAAIAAAAAAAAAACBAAAAEAAAAgAAAAAAAAAAAAAAQAAAAAAAAAAAAABAAAAEAgAAAAAAAAgAAA&gpp_sid=2:0
[  126068ms] [ERROR] Failed to load resource: net::ERR_NAME_NOT_RESOLVED @ https://tags.bluekai.com/site/2981?id=&gdpr=1&gdpr_consent=CQl5JrAQl5JrAAfFdGITCjFsAP_gAEPgAAYgLdtR9G9fbSFj8DZ3YbokYIwPxVho6sAhBgCAkmgFCLuELIwEhWEQIAyCIiACGBIAODQAIAEgGAgQQUAgIIABLADMYEAQYCBKICBAABIRIkAQCAgKAAAgUAAAgmBGAgQAiASNAZIASMwAgQAGEXAgKAAAAACQAQAIACEAQAEAAAAAQCgAgAAAgAAAAAAAABAIAAAAAAAAACAAAAAAAAAAAAAABAAAAICAACAAAAAAAAAAQiAAAAAAAACC3YAJBoVEEBZEAgQCAgBAAAEEQQAECAIAAAgIIAAAgYACQMABVhEgAAAgAAAAAAAAAAAAAACAAIAABAAACAACAQKAAAACAACAAgQAAwAUIAEAAICgAAIEAAAAAARAAAAIAAAAAQAEhAAAAAIAAQIAiAAAAAkAAAAAAAAAABAAAgAAAAAIAAAIAAAAAAAAAACBAAAAEAAAAgAAAAAAAAAAAAAAQAAAAAAAAAAAAABAAAAEAgAAAAAAAAgAAA.ILdtR9G9fbSFn8DZ3YbokYIwfxVho6sAhBgCAkmgFCLuELIwElWESIAyCIiACGBIAODQAIAEoGAgQQUAgIIABLBDsYEAQYCBKICBAADIRYkAQCAgKAAAgUAAAgmBGAgQAiASNAZIASMwAgQAmEXAgKIAAAACQAQAIACEAQAEAACAAQCgAgAAAgAAAAAAAABAIEAAAAQAAACAAAAAAAAAAAAAABAAAAICAACAAAAAEAAAAQiAAAAAAAAC&addtl_consent=1~2979.591.2358.1135.3043.3330.2140.802.1859.2645.3094.2609.3226.1963.1911.2234.2571.3240.2839.1745.1053.3182.2961.3314.2425.2629.3136.2661.2981.3270.3328.2643.2035.1095.1051.149.2115.2940.2325.1750.899.239.2147.1525.1838.3028.1978.2888.61.3185.2133.1268.1495.43.147.1786.2103.2219.2860.2834.370.1356.2309.89.1312.2994.161.211.2816.1226.1284.568.1962.1944.1162.1048.1092.2279.3012.2844.2846.2852.1603.3093.1968.3119.3227.3235.3253.1270.3075.117.3307.560.430.2472.2650.2862.2414.3002.2970.3217.2400.2335.159.2604.2956.3135.3237.358.1810.3077.2488.3251.2526.3149.2596.2878.2950.2986.2968.3000.3126.2883.495.3038.2064.2370.2166.3196.1097.2224.2901.3017.2583.2865.3214.2973.407.904.2493.3005.2461.2813.1067.2929.2987.3059.2687.2535.2651.3003.1598.2477.2695.1025.1345.1882.436.797.2359.2772.3095.291.2684.2838.1276.2614.2882.1880.1415.839.1188.1152.2387.2898.2271.1126.2373.2854.2880.1725.314.2027.3058.1149.3074.1616.2447.1558.3234.3190.2403.3292.1825.1307.1031.1985.3250.2917.1440.2405.2156.2278.2681.1227.2056.2891.2909.122.3188.2376.1678.2927.2997.20.340.2415.1929.2767.144.2791.2805.1735.2863.2893.2849.3300.3009.3053.2130.2527.2821.70.2995.236.192.371.1753.415.2322.3127.494.2920.2568.2670.2205.3066.2510.1800.2612.2714.803.1699.3215.2964.2658.981.3209.1712.1583.2552.2343.2922.1732.327.3097.3155.2534.2642.1555.979.2656.3173.3315.486.3109.2636.576.313.2331.3117.522.550.1677.3073.2564.2916.3070.3145.2486.2044.2690.2966.3151.2646.2440.2542.2792.2894.3089.3293.2778.2975.1721.2354.864.2124.1029.1166.2931.1516.2316.2867.3306.3128.2881.286.2567.2669.2328.2779.2052.938.3288.1365.1027.3318.2869.2831.1205.272.2068.922.491.367.2897.3019.3130.3290.3063.1099.1638.2713.230.108.2949.1682.2963.3238.1843.3210.2657.3244.3172.2465.1540.1967.1570.3120.3222.2965.2575.3260.2787.124.2453.1845.2569.2729.1416.1143.2039.2947.3112.587.3316.3272.3187.3052.2886.985.3231.3257.3008.3099.2253.737.1455.2498.2377.2850.1942.3189.1046.1782.2908.323.3010.311.2484.931.2295.1870.2983.2427.429.1889.2072.2817.2875.266.196.2090.2186.2559.2336.2220.1107.3296.2501.2074.2801.2941.2999.445.2088.322.3228.2517.1301.2895.2677.3184.2889.3055.2468.2584.2974.1697.2628.2698.2980.135.2660.1252.2918.2610.1964.3225.2572.2784.2798.1003.442.93.1832.2830.1716.1419.2874.3034.1579.1840.424.1449.1667.1403.574.2107.3018.1290.2008.2506.2884.2930.1651.1375.2418.2770.83.3167.2225.2109.3223.2900.3016.1040.2812.55.143.1186.259.2768.1878.2887.1514.385.3076.2416.3236.2652.2282.184.3230.2605.2003.2047.1548.523.1512.1917.820.2621.3194.1047.2577.1969.2222.2531.46.310.3324.1827.2633.3106.2985.1584&gpp=DBABM~CQl5JrAQl5JrAAfFdGITCjFsAP_gAEPgAAYgLdtR9G9fbSFj8DZ3YbokYIwPxVho6sAhBgCAkmgFCLuELIwEhWEQIAyCIiACGBIAODQAIAEgGAgQQUAgIIABLADMYEAQYCBKICBAABIRIkAQCAgKAAAgUAAAgmBGAgQAiASNAZIASMwAgQAGEXAgKAAAAACQAQAIACEAQAEAAAAAQCgAgAAAgAAAAAAAABAIAAAAAAAAACAAAAAAAAAAAAAABAAAAICAACAAAAAAAAAAQiAAAAAAAACC3YAJBoVEEBZEAgQCAgBAAAEEQQAECAIAAAgIIAAAgYACQMABVhEgAAAgAAAAAAAAAAAAAACAAIAABAAACAACAQKAAAACAACAAgQAAwAUIAEAAICgAAIEAAAAAARAAAAIAAAAAQAEhAAAAAIAAQIAiAAAAAkAAAAAAAAAABAAAgAAAAAIAAAIAAAAAAAAAACBAAAAEAAAAgAAAAAAAAAAAAAAQAAAAAAAAAAAAABAAAAEAgAAAAAAAAgAAA&gpp_sid=2&google_gid=CAESEN-xPXHxCrtITAl4Wz4bhFQ&google_cver=1:0
[  155231ms] [ERROR] Failed to load resource: net::ERR_NAME_NOT_RESOLVED @ https://x.dlx.addthis.com/e/googlegdn_sync?na_exid=CAESEF8y2Qx663NJ18Sjry0g6j0&gdpr=1&gdpr_consent=CQl5JrAQl5JrAAfFdGITCjFsAP_gAEPgAAYgLdtR9G9fbSFj8DZ3YbokYIwPxVho6sAhBgCAkmgFCLuELIwEhWEQIAyCIiACGBIAODQAIAEgGAgQQUAgIIABLADMYEAQYCBKICBAABIRIkAQCAgKAAAgUAAAgmBGAgQAiASNAZIASMwAgQAGEXAgKAAAAACQAQAIACEAQAEAAAAAQCgAgAAAgAAAAAAAABAIAAAAAAAAACAAAAAAAAAAAAAABAAAAICAACAAAAAAAAAAQiAAAAAAAACC3YAJBoVEEBZEAgQCAgBAAAEEQQAECAIAAAgIIAAAgYACQMABVhEgAAAgAAAAAAAAAAAAAACAAIAABAAACAACAQKAAAACAACAAgQAAwAUIAEAAICgAAIEAAAAAARAAAAIAAAAAQAEhAAAAAIAAQIAiAAAAAkAAAAAAAAAABAAAgAAAAAIAAAIAAAAAAAAAACBAAAAEAAAAgAAAAAAAAAAAAAAQAAAAAAAAAAAAABAAAAEAgAAAAAAAAgAAA.ILdtR9G9fbSFn8DZ3YbokYIwfxVho6sAhBgCAkmgFCLuELIwElWESIAyCIiACGBIAODQAIAEoGAgQQUAgIIABLBDsYEAQYCBKICBAADIRYkAQCAgKAAAgUAAAgmBGAgQAiASNAZIASMwAgQAmEXAgKIAAAACQAQAIACEAQAEAACAAQCgAgAAAgAAAAAAAABAIEAAAAQAAACAAAAAAAAAAAAAABAAAAICAACAAAAAEAAAAQiAAAAAAAAC&addtl_consent=1~494.2271.2373.1697.70.1514.1725.143.149.314.184.1800.2133.2224.2325.2510.864.286.1029.1558.2253.2677.1097.2778.2779.938.2493.2047.89.442.1047.1027.1942.2792.820.1419.1732.1205.323.211.1312.1598.1025.46.310.491.1099.1284.1449.370.161.1092.1716.1985.1048.1584.1870.2068.436.797.20.2278.486.122.1882.2072.2295.2427.429.574.230.196.313.1682.2506.2531.1963.340.108.1540.2559.1911.2415.1276.144.1735.2614.2109.2791.2787.1415.2425.2453.2629.2088.2729.236.1143.1126.1301.1878.587.322.358.1152.2526.371.192.415.1753.259&gpp=DBABM~CQl5JrAQl5JrAAfFdGITCjFsAP_gAEPgAAYgLdtR9G9fbSFj8DZ3YbokYIwPxVho6sAhBgCAkmgFCLuELIwEhWEQIAyCIiACGBIAODQAIAEgGAgQQUAgIIABLADMYEAQYCBKICBAABIRIkAQCAgKAAAgUAAAgmBGAgQAiASNAZIASMwAgQAGEXAgKAAAAACQAQAIACEAQAEAAAAAQCgAgAAAgAAAAAAAABAIAAAAAAAAACAAAAAAAAAAAAAABAAAAICAACAAAAAAAAAAQiAAAAAAAACC3YAJBoVEEBZEAgQCAgBAAAEEQQAECAIAAAgIIAAAgYACQMABVhEgAAAgAAAAAAAAAAAAAACAAIAABAAACAACAQKAAAACAACAAgQAAwAUIAEAAICgAAIEAAAAAARAAAAIAAAAAQAEhAAAAAIAAQIAiAAAAAkAAAAAAAAAABAAAgAAAAAIAAAIAAAAAAAAAACBAAAAEAAAAgAAAAAAAAAAAAAAQAAAAAAAAAAAAABAAAAEAgAAAAAAAAgAAA&gpp_sid=2&google_cver=1:0
[  214736ms] [ERROR] Failed to load resource: net::ERR_TOO_MANY_REDIRECTS @ https://loadm.exelator.com/load/?p=204&g=001&bi=&j=0&gdpr%3D1%26gdpr_consent%3DCQl5JrAQl5JrAAfFdGITCjFsAP_gAEPgAAYgLdtR9G9fbSFj8DZ3YbokYIwPxVho6sAhBgCAkmgFCLuELIwEhWEQIAyCIiACGBIAODQAIAEgGAgQQUAgIIABLADMYEAQYCBKICBAABIRIkAQCAgKAAAgUAAAgmBGAgQAiASNAZIASMwAgQAGEXAgKAAAAACQAQAIACEAQAEAAAAAQCgAgAAAgAAAAAAAABAIAAAAAAAAACAAAAAAAAAAAAAABAAAAICAACAAAAAAAAAAQiAAAAAAAACC3YAJBoVEEBZEAgQCAgBAAAEEQQAECAIAAAgIIAAAgYACQMABVhEgAAAgAAAAAAAAAAAAAACAAIAABAAACAACAQKAAAACAACAAgQAAwAUIAEAAICgAAIEAAAAAARAAAAIAAAAAQAEhAAAAAIAAQIAiAAAAAkAAAAAAAAAABAAAgAAAAAIAAAIAAAAAAAAAACBAAAAEAAAAgAAAAAAAAAAAAAAQAAAAAAAAAAAAABAAAAEAgAAAAAAAAgAAA.ILdtR9G9fbSFn8DZ3YbokYIwfxVho6sAhBgCAkmgFCLuELIwElWESIAyCIiACGBIAODQAIAEoGAgQQUAgIIABLBDsYEAQYCBKICBAADIRYkAQCAgKAAAgUAAAgmBGAgQAiASNAZIASMwAgQAmEXAgKIAAAACQAQAIACEAQAEAACAAQCgAgAAAgAAAAAAAABAIEAAAAQAAACAAAAAAAAAAAAAABAAAAICAACAAAAAEAAAAQiAAAAAAAAC=&google_error=3:0
[   14039ms] [ERROR] Attestation check for Shared Storage on https://www.googleadservices.com failed. @ https://www.googleadservices.com/pagead/managed/js/activeview/current/reach_worklet.html:0
[   14079ms] [ERROR] Attestation check for Shared Storage on https://www.googleadservices.com failed. @ https://www.googleadservices.com/pagead/managed/js/activeview/current/reach_worklet.html:0
[   38932ms] [ERROR] Attestation check for Shared Storage on https://www.googleadservices.com failed. @ https://www.googleadservices.com/pagead/managed/js/activeview/current/reach_worklet.html:0
[   47335ms] [ERROR] Attestation check for Shared Storage on https://www.googleadservices.com failed. @ https://www.googleadservices.com/pagead/managed/js/activeview/current/reach_worklet.html:0
[   68477ms] [ERROR] Attestation check for Shared Storage on https://www.googleadservices.com failed. @ https://www.googleadservices.com/pagead/managed/js/activeview/current/reach_worklet.html:0
[   76493ms] [ERROR] Attestation check for Shared Storage on https://www.googleadservices.com failed. @ https://www.googleadservices.com/pagead/managed/js/activeview/current/reach_worklet.html:0
[   97767ms] [ERROR] Attestation check for Shared Storage on https://www.googleadservices.com failed. @ https://www.googleadservices.com/pagead/managed/js/activeview/current/reach_worklet.html:0
[  126849ms] [ERROR] Attestation check for Shared Storage on https://www.googleadservices.com failed. @ https://www.googleadservices.com/pagead/managed/js/activeview/current/reach_worklet.html:0
[  155521ms] [ERROR] Attestation check for Shared Storage on https://www.googleadservices.com failed. @ https://www.googleadservices.com/pagead/managed/js/activeview/current/reach_worklet.html:0
[  184353ms] [ERROR] Attestation check for Shared Storage on https://www.googleadservices.com failed. @ https://www.googleadservices.com/pagead/managed/js/activeview/current/reach_worklet.html:0
[  213921ms] [ERROR] Attestation check for Shared Storage on https://www.googleadservices.com failed. @ https://www.googleadservices.com/pagead/managed/js/activeview/current/reach_worklet.html:0
[  243123ms] [ERROR] Attestation check for Shared Storage on https://www.googleadservices.com failed. @ https://www.googleadservices.com/pagead/managed/js/activeview/current/reach_worklet.html:0
[  271663ms] [ERROR] Attestation check for Shared Storage on https://www.googleadservices.com failed. @ https://www.googleadservices.com/pagead/managed/js/activeview/current/reach_worklet.html:0
[  300709ms] [ERROR] Attestation check for Shared Storage on https://www.googleadservices.com failed. @ https://www.googleadservices.com/pagead/managed/js/activeview/current/reach_worklet.html:0
[  301168ms] [ERROR] Attestation check for Shared Storage on https://www.googleadservices.com failed. @ https://www.googleadservices.com/pagead/managed/js/activeview/current/reach_worklet.html:0
[  330004ms] [ERROR] Attestation check for Shared Storage on https://www.googleadservices.com failed. @ https://www.googleadservices.com/pagead/managed/js/activeview/current/reach_worklet.html:0
[  330446ms] [ERROR] Attestation check for Shared Storage on https://www.googleadservices.com failed. @ https://www.googleadservices.com/pagead/managed/js/activeview/current/reach_worklet.html:0
[  359030ms] [ERROR] Attestation check for Shared Storage on https://www.googleadservices.com failed. @ https://www.googleadservices.com/pagead/managed/js/activeview/current/reach_worklet.html:0
[  359454ms] [ERROR] Attestation check for Shared Storage on https://www.googleadservices.com failed. @ https://www.googleadservices.com/pagead/managed/js/activeview/current/reach_worklet.html:0
[  387904ms] [ERROR] Attestation check for Shared Storage on https://www.googleadservices.com failed. @ https://www.googleadservices.com/pagead/managed/js/activeview/current/reach_worklet.html:0
[  388909ms] [TIMEEND] a: 0.008056640625 ms @ https://static.adsafeprotected.com/sca.17.6.4.js:31
[  389233ms] Uncaught TypeError: Cannot read properties of undefined (reading 'version')
    at b (https://scripts.journeymv.com/tags/3.51.6/wrapper.min.js?bust=1504196159:1:289175)
    at <anonymous> (https://scripts.journeymv.com/tags/3.51.6/wrapper.min.js?bust=1504196159:1:101126)
    at <anonymous> (https://scripts.journeymv.com/tags/3.51.6/wrapper.min.js?bust=1504196159:1:100766)
[  393621ms] [WARNING] The resource https://securepubads.g.doubleclick.net/tag/js/gpt.js was preloaded using link preload but not used within a few seconds from the window's load event. Please make sure it has an appropriate `as` value and it is preloaded intentionally. @ https://expiter.com/blog/articles/:0
[  397601ms] [WARNING] The resource https://securepubads.g.doubleclick.net/tag/js/gpt.js was preloaded using link preload but not used within a few seconds from the window's load event. Please make sure it has an appropriate `as` value and it is preloaded intentionally. @ https://expiter.com/blog/articles/:0
[  402326ms] [WARNING] The resource https://securepubads.g.doubleclick.net/tag/js/gpt.js was preloaded using link preload but not used within a few seconds from the window's load event. Please make sure it has an appropriate `as` value and it is preloaded intentionally. @ https://expiter.com/blog/articles/:0
[  407854ms] [WARNING] The resource https://securepubads.g.doubleclick.net/tag/js/gpt.js was preloaded using link preload but not used within a few seconds from the window's load event. Please make sure it has an appropriate `as` value and it is preloaded intentionally. @ https://expiter.com/blog/articles/:0
